year,Rank,Name
2026,1,University of Oxford,"22,005",10.4,43%,52 : 48,
2026,2,Massachusetts Institute of Technology,"11,703",7.7,33%,43 : 57,
2026,3,Princeton University,"8,739",8.2,23%,47 : 53,=
2026,3,University of Cambridge,"21,045",11.3,38%,50 : 50,=
2026,5,Harvard University,"22,680",10.1,27%,53 : 47,=
2026,5,Stanford University,"17,422",5.9,25%,48 : 52,=
2026,7,California Institute of Technology,"2,401",6.7,33%,39 : 61,
2026,8,Imperial College London,"21,340",12.1,60%,43 : 57,
2026,9,"University of California, Berkeley","42,565",18.4,25%,53 : 47,
2026,10,Yale University,"14,884",6.2,24%,53 : 47,
2026,11,ETH Zurich,"23,106",15.5,44%,33 : 67,
2026,12,Tsinghua University,"38,569",10.8,11%,,
2026,13,Peking University,"35,659",11.3,15%,,
2026,14,University of Pennsylvania,"22,422",6.6,26%,55 : 45,
2026,15,The University of Chicago,"16,509",5.9,39%,47 : 53,
2026,16,Johns Hopkins University,"21,275",5.6,34%,54 : 46,
2026,17,National University of Singapore,"35,558",21.0,31%,49 : 51,
2026,18,Cornell University,"25,673",10.6,26%,53 : 47,=
2026,18,"University of California, Los Angeles","44,700",9.8,15%,57 : 43,=
2026,20,Columbia University,"30,580",5.6,42%,,
2026,21,University of Toronto,"80,394",25.1,39%,56 : 44,
2026,22,UCL,"47,520",12.1,63%,60 : 40,
2026,23,University of Michigan-Ann Arbor,"48,449",8.4,19%,52 : 48,
2026,24,Carnegie Mellon University,"16,257",13.0,50%,44 : 56,
2026,25,University of Washington,"49,524",9.5,18%,57 : 43,
2026,26,The University of Tokyo,"26,298",10.2,18%,,
2026,27,Technical University of Munich,"35,755",40.7,45%,37 : 63,
2026,28,Duke University,"17,871",4.4,25%,55 : 45,
2026,29,University of Edinburgh,"35,350",11.3,49%,62 : 38,
2026,30,Northwestern University,"20,611",8.2,24%,54 : 46,
2026,31,"Nanyang Technological University, Singapore","25,859",17.3,31%,47 : 53,=
2026,31,New York University,"48,973",9.0,46%,59 : 41,=
2026,33,University of Hong Kong,"17,668",17.8,48%,56 : 44,
2026,34,LMU Munich,"33,697",19.1,19%,61 : 39,
2026,35,École Polytechnique Fédérale de Lausanne,"13,306",13.3,64%,31 : 69,
2026,36,Fudan University,"38,601",12.4,10%,52 : 48,
2026,37,University of Melbourne,"51,622",23.3,51%,58 : 42,
2026,38,King’s College London,"34,410",12.6,52%,64 : 36,
2026,39,Zhejiang University,"54,313",13.0,14%,,
2026,40,Shanghai Jiao Tong University,"41,507",12.5,11%,36 : 64,
2026,41,Georgia Institute of Technology,"33,325",28.3,32%,34 : 66,=
2026,41,McGill University,"30,196",11.7,29%,61 : 39,=
2026,41,The Chinese University of Hong Kong,"18,461",18.2,25%,,=
2026,41,University of Illinois at Urbana-Champaign,"50,640",18.9,23%,47 : 53,=
2026,45,University of British Columbia,"60,112",18.7,34%,55 : 45,
2026,46,KU Leuven,"50,336",37.1,21%,52 : 48,
2026,47,"University of California, San Diego","40,586",9.8,23%,51 : 49,
2026,48,Paris Sciences et Lettres – PSL Research University Paris,"15,646",14.5,20%,52 : 48,
2026,49,Universität Heidelberg,"20,091",8.0,24%,56 : 44,
2026,50,University of Texas at Austin,"51,158",17.0,10%,56 : 44,
2026,51,University of Science and Technology of China,"22,955",8.2,5%,,
2026,52,London School of Economics and Political Science,"12,625",12.3,72%,57 : 43,
2026,53,Karolinska Institute,"8,123",9.8,23%,70 : 30,=
2026,53,The University of Sydney,"51,531",22.4,53%,,=
2026,53,University of Wisconsin-Madison,"45,254",10.7,15%,,=
2026,56,University of Manchester,"43,470",14.9,46%,57 : 43,
2026,57,Delft University of Technology,"21,410",14.8,35%,32 : 68,
2026,58,Monash University,"56,287",30.6,36%,54 : 46,=
2026,58,Seoul National University,"26,783",15.3,16%,,=
2026,58,The Hong Kong University of Science and Technology,"8,912",14.3,48%,,=
2026,61,Kyoto University,"21,617",9.0,11%,25 : 75,
2026,62,Nanjing University,"34,217",14.1,10%,59 : 41,=
2026,62,University of Amsterdam,"31,035",12.6,39%,60 : 40,=
2026,64,"University of California, Davis","38,565",13.6,22%,58 : 42,
2026,65,Brown University,"10,887",10.3,22%,,
2026,66,Wageningen University & Research,"15,905",16.9,31%,54 : 46,
2026,67,Washington University in St Louis,"15,165",8.2,28%,52 : 48,
2026,68,Institut Polytechnique de Paris,"6,217",7.6,43%,23 : 77,=
2026,68,Université Paris-Saclay,"32,807",14.0,25%,50 : 50,=
2026,70,Korea Advanced Institute of Science and Technology (KAIST),"10,728",11.9,11%,24 : 76,=
2026,70,Leiden University,"34,441",17.6,22%,58 : 42,=
2026,72,"University of California, Santa Barbara","25,735",22.9,18%,55 : 45,
2026,73,Australian National University,"17,243",13.3,51%,54 : 46,=
2026,73,City University of Hong Kong,"8,219",12.4,76%,54 : 46,
2026,73,University of Southern California,"42,840",13.3,27%,53 : 47,=
2026,76,Boston University,"29,239",11.4,33%,58 : 42,=
2026,76,Sorbonne University,"38,923",13.6,23%,61 : 39,=
2026,78,University of North Carolina at Chapel Hill,"34,813",8.0,10%,61 : 39,
2026,79,UNSW Sydney,"47,144",32.5,44%,45 : 55,
2026,80,The Hong Kong Polytechnic University,"18,636",17.8,42%,50 : 50,
2026,80,The University of Queensland,"41,295",23.6,43%,54 : 46,=
2026,80,University of Bristol,"29,680",14.2,35%,56 : 44,=
2026,82,University of Groningen,"33,098",23.4,28%,54 : 46,
2026,84,University of Glasgow,"34,075",13.4,45%,60 : 40,
2026,85,Purdue University West Lafayette,"43,555",18.5,20%,43 : 57,
2026,86,Yonsei University (Seoul campus),"19,066",15.3,17%,51 : 49,
2026,87,Sungkyunkwan University (SKKU),"19,012",15.8,22%,49 : 51,
2026,88,University of Minnesota,"58,751",11.9,9%,55 : 45,
2026,89,Humboldt University of Berlin,"34,833",42.1,18%,,
2026,90,University of Copenhagen,"31,425",4.2,14%,63 : 37,
2026,91,Charité - Universitätsmedizin Berlin,"9,520",18.1,21%,65 : 35,
2026,92,RWTH Aachen University,"27,662",35.1,33%,35 : 65,=
2026,92,University of Bonn,"24,491",34.1,16%,58 : 42,=
2026,92,Vanderbilt University,"12,863",3.8,18%,55 : 45,=
2026,95,Lund University,"23,748",10.2,22%,56 : 44,=
2026,95,University of Vienna,"30,228",36.6,34%,65 : 35,=
2026,97,"University of California, Irvine","35,079",15.3,24%,54 : 46,
2026,98,KTH Royal Institute of Technology,"15,263",18.2,28%,31 : 69,=
2026,98,University of Birmingham,"34,145",14.6,35%,56 : 44,=
2026,98,University of Tübingen,"21,627",22.5,15%,59 : 41,=
2026,101,Aarhus University,"25,370",12.8,12%,60 : 40,
2026,102,Emory University,"13,652",4.0,20%,61 : 39,
2026,103,Rice University,"8,223",10.3,31%,43 : 57,=
2026,103,Tohoku University,"17,349",12.6,13%,28 : 72,=
2026,105,Michigan State University,"45,537",16.5,10%,53 : 47,=
2026,105,University of Helsinki,"22,974",15.8,7%,68 : 32,=
2026,107,Erasmus University Rotterdam,"31,507",21.1,26%,54 : 46,
2026,108,Ohio State University (Main campus),"54,645",9.8,12%,52 : 48,=
2026,108,Penn State (Main campus),"48,746",15.1,16%,47 : 53,=
2026,108,University of Bern,"11,959",17.4,18%,59 : 41,=
2026,108,University of Sheffield,"29,305",15.2,41%,53 : 47,=
2026,112,University of Massachusetts,"62,471",12.8,15%,51 : 49,
2026,113,Free University of Berlin,"24,851",43.9,24%,63 : 37,=
2026,113,University of Oslo,"20,102",11.7,18%,64 : 36,=
2026,115,Ghent University,"42,572",37.8,14%,58 : 42,
2026,116,McMaster University,"28,647",28.8,23%,57 : 43,=
2026,116,"University of Maryland, College Park","33,483",16.3,10%,50 : 50,=
2026,118,University of Leeds,"35,600",14.4,39%,60 : 40,
2026,119,University of Alberta,"33,938",21.6,28%,,
2026,120,University of Basel,"8,655",11.1,32%,57 : 43,
2026,121,Technical University of Denmark,"11,254",8.8,37%,34 : 66,
2026,122,University of Göttingen,"19,783",22.1,14%,54 : 46,=
2026,122,University of Warwick,"26,515",13.2,44%,50 : 50,=
2026,122,Wuhan University,"49,045",13.5,6%,,=
2026,125,University of Hamburg,"28,389",55.3,13%,58 : 42,=
2026,125,University of Lausanne,"14,241",9.8,23%,,=
2026,127,University of Rochester,"10,505",8.1,36%,52 : 48,
2026,128,Uppsala University,"20,953",10.9,18%,59 : 41,
2026,129,University of Southampton,"24,355",14.3,46%,54 : 46,
2026,130,University of Bologna,"75,831",22.4,16%,58 : 42,
2026,131,Harbin Institute of Technology,"32,375",11.0,4%,,=
2026,131,Maastricht University,"21,903",16.4,60%,60 : 40,=
2026,133,Adelaide University,"43,623",30.4,27%,55 : 45,
2026,133,Lomonosov Moscow State University,"31,603",9.7,38%,51 : 49,
2026,134,Beijing Normal University,"29,655",15.5,7%,,=
2026,134,Queen Mary University of London,"25,135",14.3,46%,53 : 47,=
2026,134,University of Florida,"47,815",15.5,10%,56 : 44,=
2026,137,Scuola Normale Superiore di Pisa,700,8.8,11%,30 : 70,
2026,138,University of Arizona,"52,414",20.9,7%,57 : 43,=
2026,138,University of Freiburg,"20,405",19.6,18%,55 : 45,=
2026,140,National Taiwan University (NTU),"18,743",9.7,24%,44 : 56,
2026,141,Pohang University of Science and Technology (POSTECH),"3,234",9.2,7%,,=
2026,141,Tongji University,"33,414",11.9,16%,41 : 59,=
2026,143,University of Liverpool,"26,770",13.9,33%,55 : 45,
2026,144,Newcastle University,"26,400",15.0,28%,54 : 46,
2026,145,Case Western Reserve University,"11,514",9.9,26%,51 : 49,=
2026,145,University of Barcelona,"45,016",14.9,12%,64 : 36,=
2026,145,University of Macau,"12,258",19.4,51%,53 : 47,=
2026,145,University of Nottingham,"35,470",15.5,28%,55 : 45,=
2026,145,University of Technology Sydney,"29,729",37.7,26%,51 : 49,=
2026,150,Université de Montréal,"39,749",15.5,23%,,
2026,151,Texas A&M University,"68,486",22.6,8%,47 : 53,=
2026,151,The University of Osaka,"22,367",10.4,12%,33 : 67,=
2026,153,The University of Western Australia,"19,880",23.6,30%,51 : 49,
2026,154,Radboud University Nijmegen,"23,615",16.1,13%,58 : 42,=
2026,154,University of York,"20,330",14.3,29%,57 : 43,=
2026,156,Korea University,"21,728",17.5,38%,,=
2026,156,University of Auckland,"33,639",23.3,33%,55 : 45,=
2026,156,University of Pittsburgh-Pittsburgh campus,"27,492",5.4,11%,51 : 49,=
2026,159,University of Colorado Boulder,"37,094",17.0,8%,46 : 54,
2026,160,Southern University of Science and Technology (SUSTech),"8,193",9.6,1%,,=
2026,160,Technical University of Berlin,"20,180",46.9,29%,36 : 64,=
2026,162,University of St Andrews,"11,265",12.9,49%,59 : 41,=
2026,162,University of Waterloo,"34,772",22.7,21%,47 : 53,=
2026,164,University of Cape Town,"20,094",12.6,12%,56 : 44,=
2026,164,University of Cologne,"27,278",23.0,18%,,=
2026,166,Institute of Science Tokyo,"13,407",8.3,17%,23 : 77,
2026,166,Karlsruhe Institute of Technology,"19,911",23.1,25%,30 : 70,=
2026,166,Macquarie University,"29,826",50.2,25%,,=
2026,166,University of Geneva,"17,681",7.8,41%,63 : 37,=
2026,166,University of Virginia (Main campus),"25,795",8.8,13%,55 : 45,=
2026,170,Sapienza University of Rome,"60,428",27.3,7%,61 : 39,=
2026,170,University of Antwerp,"16,836",32.6,17%,57 : 43,=
2026,170,University of Exeter,"29,280",15.7,29%,54 : 46,=
2026,173,Trinity College Dublin,"20,188",19.4,40%,62 : 38,
2026,174,TU Dresden,"20,631",21.0,15%,49 : 51,
2026,175,Durham University,"21,470",13.2,34%,54 : 46,
2026,176,Huazhong University of Science and Technology,"61,789",16.2,4%,,=
2026,176,Vrije Universiteit Amsterdam,"31,949",15.8,20%,57 : 43,=
2026,179,University of Würzburg,"20,904",33.6,11%,60 : 40,
2026,180,Dartmouth College,"6,627",7.4,19%,48 : 52,
2026,181,Medical University of Vienna,"7,531",17.9,30%,54 : 46,=
2026,181,"University of California, Santa Cruz","19,357",23.6,10%,47 : 53,=
2026,183,Universitat Autònoma de Barcelona (UAB),"33,006",13.5,16%,60 : 40,
2026,184,King Fahd University of Petroleum and Minerals,"5,960",8.3,28%,26 : 74,=
2026,184,Lancaster University,"16,935",14.9,34%,48 : 52,=
2026,184,Université Catholique de Louvain,"27,280",39.4,21%,55 : 45,=
2026,187,Pompeu Fabra University,"12,225",21.3,17%,62 : 38,=
2026,187,University of Ottawa,"40,753",28.7,29%,58 : 42,=
2026,189,Tufts University,"12,718",10.5,18%,59 : 41,
2026,190,Université Paris Cité,"66,075",18.2,22%,64 : 36,=
2026,190,University of Twente,"8,204",9.5,43%,37 : 63,=
2026,192,Eindhoven University of Technology,"10,823",19.1,36%,30 : 70,=
2026,192,University of Leicester,"16,435",14.5,37%,53 : 47,=
2026,194,University of Notre Dame,"12,781",10.5,14%,47 : 53,
2026,195,Aalto University,"15,131",21.3,26%,39 : 61,=
2026,195,The Education University of Hong Kong,"5,692",13.0,27%,63 : 37,=
2026,195,University of Münster,"26,499",23.7,7%,,=
2026,198,Indiana University,"67,529",11.5,13%,53 : 47,=
2026,198,Queen’s University Belfast,"21,900",17.0,49%,58 : 42,=
2026,200,University of Calgary,"35,954",20.3,26%,53 : 47,
2026,201–250,Abu Dhabi University,"2,344",10.7,60%,50 : 50,
2026,201–250,Arizona State University (Tempe),"52,956",18.9,17%,45 : 55,
2026,201–250,Beijing Institute of Technology,"33,624",12.9,12%,,
2026,201–250,Cardiff University,"27,880",13.7,24%,59 : 41,
2026,201–250,Chalmers University of Technology,"10,245",11.9,18%,33 : 67,
2026,201–250,Deakin University,"37,191",33.3,25%,58 : 42,
2026,201–250,Friedrich Schiller University Jena,"14,754",16.0,14%,,
2026,201–250,Georgetown University,"17,348",9.5,19%,56 : 44,
2026,201–250,George Washington University,"21,756",12.4,19%,61 : 39,
2026,201–250,Goethe University Frankfurt,"27,422",20.2,13%,60 : 40,
2026,201–250,Hong Kong Baptist University,"7,628",13.4,60%,64 : 36,
2026,201–250,Indian Institute of Science,"5,020",10.5,1%,26 : 74,
2026,201–250,Khalifa University,"4,299",7.1,29%,57 : 43,
2026,201–250,Linköping University,"15,130",14.5,18%,54 : 46,
2026,201–250,Medical University of Graz,"4,494",19.5,30%,56 : 44,
2026,201–250,Medical University of Innsbruck,"3,619",14.0,45%,57 : 43,
2026,201–250,Nagoya University,"15,559",13.3,13%,31 : 69,
2026,201–250,"Northeastern University, US","29,623",15.8,40%,53 : 47,
2026,201–250,Politecnico di Milano,"39,793",21.8,23%,36 : 64,
2026,201–250,Qatar University,"9,539",8.2,38%,,
2026,201–250,Queensland University of Technology,"33,182",36.8,18%,53 : 47,
2026,201–250,Sant’Anna School of Advanced Studies – Pisa,807,6.4,20%,43 : 57,
2026,201–250,Sichuan University,"49,146",15.9,5%,,
2026,201–250,Stockholm University,"27,746",16.2,14%,,
2026,201–250,Sun Yat-sen University,"66,020",15.5,4%,46 : 54,
2026,201–250,Tel Aviv University,"24,379",22.7,7%,57 : 43,
2026,201–250,Tianjin University,"27,866",8.7,15%,,
2026,201–250,Ulsan National Institute of Science and Technology (UNIST),"3,868",12.0,8%,29 : 71,
2026,201–250,United Arab Emirates University,"9,024",13.9,18%,73 : 27,
2026,201–250,Université Libre de Bruxelles,"33,462",54.1,32%,58 : 42,
2026,201–250,Universiti Teknologi Petronas,"4,262",13.0,13%,38 : 62,
2026,201–250,University College Dublin,"25,252",19.1,35%,,
2026,201–250,University of Aberdeen,"11,875",12.9,36%,58 : 42,
2026,201–250,University of Erlangen-Nuremberg,"28,153",34.2,20%,51 : 49,
2026,201–250,University of Gothenburg,"20,756",10.9,13%,,
2026,201–250,University of Illinois Chicago,"28,912",11.2,20%,55 : 45,
2026,201–250,University of Malaya,"18,899",9.7,32%,61 : 39,
2026,201–250,University of Mannheim,"7,902",36.1,17%,,
2026,201–250,University of Miami,"18,574",10.9,12%,54 : 46,
2026,201–250,University of Padua,"49,946",30.1,11%,58 : 42,
2026,201–250,University of Potsdam,"12,690",32.7,15%,57 : 43,
2026,201–250,University of Reading,"15,970",15.8,31%,54 : 46,
2026,201–250,University of São Paulo,"82,212",13.9,3%,48 : 52,
2026,201–250,University of Surrey,"14,440",14.4,33%,54 : 46,
2026,201–250,University of Sussex,"18,015",16.7,37%,55 : 45,
2026,201–250,University of Utah,"33,106",15.5,9%,50 : 50,
2026,201–250,University of Wollongong,"16,470",24.1,32%,54 : 46,
2026,201–250,Vrije Universiteit Brussel,"16,387",37.1,24%,59 : 41,
2026,201–250,Western University,"31,831",32.7,25%,56 : 44,
2026,201–250,Xi’an Jiaotong University,"54,986",15.9,6%,34 : 66,
2026,251–300,Aalborg University,"16,050",13.9,13%,,
2026,251–300,Beihang University,"35,223",13.4,4%,,
2026,251–300,Boston College,"12,989",14.6,13%,55 : 45,
2026,251–300,Central European University,"1,453",7.8,96%,58 : 42,
2026,251–300,Central South University,"57,917",20.4,4%,,
2026,251–300,Curtin University,"29,539",19.9,35%,52 : 48,
2026,251–300,East China Normal University,"30,163",15.0,7%,62 : 38,
2026,251–300,Griffith University,"30,484",26.3,25%,60 : 40,
2026,251–300,Hanyang University,"19,402",13.6,27%,,
2026,251–300,Hebrew University of Jerusalem,"17,488",16.2,3%,58 : 42,
2026,251–300,Heinrich Heine University Düsseldorf,"25,296",26.8,14%,58 : 42,
2026,251–300,Humanitas University,"2,475",15.9,18%,58 : 42,
2026,251–300,Hunan University,"36,496",15.3,3%,44 : 56,
2026,251–300,King Khalid University,"29,832",7.1,15%,55 : 45,
2026,251–300,King Saud University,"42,846",11.0,11%,46 : 54,
2026,251–300,Kyung Hee University,"20,363",17.4,30%,54 : 46,
2026,251–300,La Trobe University,"21,509",31.2,37%,,
2026,251–300,Lebanese American University,"7,606",12.0,13%,52 : 48,
2026,251–300,LUT University,"6,341",33.6,25%,35 : 65,
2026,251–300,Macau University of Science and Technology,"18,264",44.6,94%,57 : 43,
2026,251–300,Nankai University,"33,291",11.7,7%,,
2026,251–300,Northwestern Polytechnical University,"35,982",13.6,5%,29 : 71,
2026,251–300,RCSI University of Medicine and Health Sciences,"2,839",23.9,68%,,
2026,251–300,RMIT University,"32,309",23.8,38%,49 : 51,
2026,251–300,Ruhr University Bochum,"30,732",39.4,20%,51 : 49,
2026,251–300,Sejong University,"13,684",20.9,16%,46 : 54,
2026,251–300,Semmelweis University,"9,774",12.5,45%,69 : 31,
2026,251–300,Shandong University,"37,862",12.7,9%,,
2026,251–300,South China University of Technology,"41,221",12.0,7%,39 : 61,
2026,251–300,Southeast University,"43,942",13.4,4%,35 : 65,
2026,251–300,Southern Medical University,"18,620",10.7,7%,,
2026,251–300,Swinburne University of Technology,"15,725",28.4,41%,43 : 57,
2026,251–300,Technical University of Darmstadt,"13,864",28.3,27%,34 : 66,
2026,251–300,Ulm University,"10,101",16.2,14%,53 : 47,
2026,251–300,Università Cattolica del Sacro Cuore,"23,548",32.3,6%,66 : 34,
2026,251–300,Università della Svizzera italiana,"4,029",12.1,70%,46 : 54,
2026,251–300,University of Bath,"17,650",17.7,29%,46 : 54,
2026,251–300,University of Bergen,"15,304",13.0,13%,62 : 38,
2026,251–300,University of East Anglia,"16,240",13.2,26%,57 : 43,
2026,251–300,University of Hawai’i at Mānoa,"15,780",12.5,10%,59 : 41,
2026,251–300,University of Konstanz,"6,767",30.3,14%,58 : 42,
2026,251–300,University of Luxembourg,"5,718",20.0,52%,53 : 47,
2026,251–300,University of Navarra,"12,748",15.3,30%,56 : 44,
2026,251–300,University of Newcastle,"22,320",29.2,20%,58 : 42,
2026,251–300,University of Oulu,"11,334",22.0,10%,56 : 44,
2026,251–300,University of Southern Denmark,"17,548",9.5,15%,54 : 46,
2026,251–300,University of Stuttgart,"14,277",22.2,22%,35 : 65,
2026,251–300,University of Tasmania,"13,316",17.1,31%,58 : 42,
2026,251–300,Virginia Polytechnic Institute and State University,"38,157",18.4,13%,44 : 56,
2026,251–300,Vita-Salute San Raffaele University,"4,573",27.6,6%,64 : 36,
2026,251–300,Xiamen University,"42,518",14.2,3%,,
2026,301–350,Bauman Moscow State Technical University,"15,623",6.9,20%,45 : 55,
2026,301–350,"Birkbeck, University of London","7,420",17.3,43%,57 : 43,
2026,301–350,"China Medical University, Taiwan","7,217",15.5,7%,57 : 43,
2026,301–350,"City St George's, University of London","20,905",17.1,41%,59 : 41,
2026,301–350,Dublin City University,"14,712",27.3,13%,58 : 42,
2026,301–350,École Normale Supérieure de Lyon,"1,934",7.1,11%,45 : 55,
2026,301–350,Flinders University,"16,021",29.9,40%,63 : 37,
2026,301–350,Florida State University,"40,660",24.6,7%,58 : 42,
2026,301–350,Hasselt University,"6,128",28.4,16%,50 : 50,
2026,301–350,Illinois Institute of Technology,"6,734",13.6,45%,38 : 62,
2026,301–350,Johannes Gutenberg University of Mainz,"29,586",11.4,11%,59 : 41,
2026,301–350,Koç University,"7,111",21.0,12%,49 : 51,
2026,301–350,Kyushu University,"18,679",7.7,14%,29 : 71,
2026,301–350,Lingnan University Hong Kong,"3,210",19.4,45%,62 : 38,
2026,301–350,Loughborough University,"18,345",15.4,25%,40 : 60,
2026,301–350,North Carolina State University,"32,549",16.5,13%,49 : 51,
2026,301–350,Norwegian University of Science and Technology,"38,384",15.0,9%,51 : 49,
2026,301–350,Prince Mohammad Bin Fahd University,"2,470",10.8,17%,47 : 53,
2026,301–350,Queen’s University,"28,400",26.3,16%,58 : 42,
2026,301–350,Rutgers University–New Brunswick,"46,825",11.3,16%,53 : 47,
2026,301–350,Simon Fraser University,"26,776",24.9,31%,54 : 46,
2026,301–350,Stellenbosch University,"25,956",26.8,7%,58 : 42,
2026,301–350,Stony Brook University,"24,947",9.8,17%,54 : 46,
2026,301–350,Sunway University,"5,046",8.4,27%,53 : 47,
2026,301–350,Swansea University,"18,650",15.9,25%,49 : 51,
2026,301–350,Tampere University,"17,284",19.2,10%,53 : 47,
2026,301–350,Technion Israel Institute of Technology,"15,310",21.6,14%,41 : 59,
2026,301–350,Tilburg University,"12,796",19.9,24%,53 : 47,
2026,301–350,TU Wien,"11,068",19.8,35%,31 : 69,
2026,301–350,Universiti Kebangsaan Malaysia,"20,341",11.4,31%,56 : 44,
2026,301–350,University at Buffalo,"27,152",16.4,16%,47 : 53,
2026,301–350,University of Bayreuth,"7,476",19.5,17%,47 : 53,
2026,301–350,University of Bremen,"11,398",20.5,15%,56 : 44,
2026,301–350,"University of California, Riverside","25,233",19.6,16%,51 : 49,
2026,301–350,University of Duisburg-Essen,"37,867",33.1,20%,50 : 50,
2026,301–350,University of Dundee,"15,420",19.4,36%,65 : 35,
2026,301–350,University of Electronic Science and Technology of China,"39,817",16.7,2%,28 : 72,
2026,301–350,University of Essex,"16,005",14.8,48%,55 : 45,
2026,301–350,University of Hohenheim,"8,480",39.1,15%,57 : 43,
2026,301–350,University of Innsbruck,"13,992",21.5,52%,54 : 46,
2026,301–350,University of Iowa,"28,383",11.0,5%,55 : 45,
2026,301–350,University of Liège,"22,785",29.7,21%,59 : 41,
2026,301–350,University of Milan,"44,429",17.4,7%,60 : 40,
2026,301–350,University of Naples Federico II,"53,650",17.5,3%,57 : 43,
2026,301–350,University of Rome II – Tor Vergata,"17,464",23.7,21%,62 : 38,
2026,301–350,University of Sharjah,"12,327",17.7,51%,67 : 33,
2026,301–350,University of Tartu,"9,766",8.9,13%,68 : 32,
2026,301–350,University of the Witwatersrand,"26,928",22.4,6%,60 : 40,
2026,301–350,University of Turku,"13,966",15.4,7%,64 : 36,
2026,301–350,University of Victoria,"17,663",26.3,17%,58 : 42,
2026,301–350,Western Sydney University,"32,737",36.4,26%,59 : 41,
2026,351–400,Amirkabir University of Technology,"8,344",17.8,4%,34 : 66,
2026,351–400,Autonomous University of Madrid,"29,772",13.0,14%,62 : 38,
2026,351–400,Chongqing University,"45,609",17.7,3%,,
2026,351–400,Daegu Gyeongbuk Institute of Science and Technology (DGIST),942,6.7,4%,35 : 65,
2026,351–400,Dalhousie University,"17,682",13.4,27%,53 : 47,
2026,351–400,Edith Cowan University,"18,928",27.9,35%,62 : 38,
2026,351–400,Hokkaido University,"17,693",8.3,11%,30 : 70,
2026,351–400,James Cook University,"9,165",15.3,14%,66 : 34,
2026,351–400,Justus Liebig University Giessen,"25,359",37.8,12%,63 : 37,
2026,351–400,Kermanshah University of Medical Sciences,"7,118",7.0,24%,50 : 50,
2026,351–400,King Abdulaziz University,"56,251",12.5,5%,57 : 43,
2026,351–400,Leibniz University Hannover,"17,855",33.3,16%,45 : 55,
2026,351–400,Middle East Technical University,"15,224",21.6,13%,49 : 51,
2026,351–400,Mohammed VI Polytechnic University,"2,092",6.8,3%,54 : 46,
2026,351–400,Moscow Institute of Physics and Technology (MIPT),"6,567",11.5,20%,,
2026,351–400,Oregon Health and Science University,"2,877",0.8,3%,69 : 31,
2026,351–400,Prince Sultan University (PSU),"5,837",18.0,8%,54 : 46,
2026,351–400,Sabancı University,"3,752",19.5,12%,36 : 64,
2026,351–400,Saveetha Institute of Medical and Technical Sciences,"15,494",9.7,6%,52 : 48,
2026,351–400,Sharif University of Technology,"10,163",21.9,1%,25 : 75,
2026,351–400,Shenzhen University,"35,012",13.8,1%,49 : 51,
2026,351–400,Swedish University of Agricultural Sciences,"4,207",4.3,8%,71 : 29,
2026,351–400,Université Grenoble Alpes,"48,893",17.9,19%,52 : 48,
2026,351–400,Universiti Brunei Darussalam,"3,464",11.8,11%,64 : 36,
2026,351–400,University College Cork,"19,075",20.2,23%,59 : 41,
2026,351–400,University of Brescia,"10,190",24.3,5%,52 : 48,
2026,351–400,University of Campinas,"32,551",19.0,3%,47 : 53,
2026,351–400,University of Colorado Denver/Anschutz Medical Campus,"20,208",4.0,7%,58 : 42,
2026,351–400,University of Connecticut,"29,850",11.6,14%,53 : 47,
2026,351–400,University of Florence,"42,558",22.9,9%,60 : 40,
2026,351–400,University of Galway,"15,340",24.1,20%,60 : 40,
2026,351–400,University of Georgia (USA),"38,946",15.4,7%,59 : 41,
2026,351–400,University of Johannesburg,"32,659",26.5,14%,56 : 44,
2026,351–400,University of Kansas,"23,777",9.0,7%,54 : 46,
2026,351–400,University of Kiel,"28,860",23.5,9%,54 : 46,
2026,351–400,University of Otago,"18,703",19.9,18%,60 : 40,
2026,351–400,University of Pavia,"17,543",30.2,12%,59 : 41,
2026,351–400,University of Pisa,"29,834",17.2,7%,52 : 48,
2026,351–400,University of Saskatchewan,"18,283",19.2,22%,55 : 45,
2026,351–400,University of Siena,"10,480",16.8,9%,63 : 37,
2026,351–400,University of Southern Queensland,"10,582",21.5,19%,63 : 37,
2026,351–400,University of South Florida,"40,449",18.0,16%,,
2026,351–400,University of St Gallen,"8,835",12.7,37%,36 : 64,
2026,351–400,University of Strathclyde,"19,085",14.3,28%,52 : 48,
2026,351–400,University of Trento,"14,183",16.6,9%,53 : 47,
2026,351–400,University of Tsukuba,"15,491",12.4,17%,38 : 62,
2026,351–400,Verona University,"21,809",25.6,5%,64 : 36,
2026,401–500,Ajman University,"4,626",15.2,81%,57 : 43,
2026,401–500,Ajou University,"7,348",15.0,26%,39 : 61,
2026,401–500,Al-Ahliyya Amman University,"4,510",14.8,64%,52 : 48,
2026,401–500,Al Ain University,"2,588",11.0,61%,51 : 49,
2026,401–500,Applied Science Private University,"4,766",12.6,26%,52 : 48,
2026,401–500,Arabian Gulf University,"1,458",6.5,73%,71 : 29,
2026,401–500,"Asia University, Taiwan","10,858",29.9,3%,63 : 37,
2026,401–500,Aston University,"15,710",20.9,35%,47 : 53,
2026,401–500,Australian Catholic University,"22,604",31.7,20%,76 : 24,
2026,401–500,Beijing University of Chemical Technology,"26,260",18.5,1%,40 : 60,
2026,401–500,Boğaziçi University,"11,998",28.5,5%,46 : 54,
2026,401–500,Bond University,"3,588",10.2,32%,56 : 44,
2026,401–500,Bournemouth University,"15,605",19.9,24%,54 : 46,
2026,401–500,Brandeis University,"4,949",10.8,34%,56 : 44,
2026,401–500,Brunel University of London,"15,410",18.0,53%,44 : 56,
2026,401–500,Central Queensland University,"13,193",25.5,27%,61 : 39,
2026,401–500,Charles Darwin University,"7,195",23.9,38%,65 : 35,
2026,401–500,Charles University,"53,904",13.5,24%,62 : 38,
2026,401–500,Chung-Ang University,"18,394",21.9,26%,,
2026,401–500,Colorado School of Mines,"7,022",17.2,7%,32 : 68,
2026,401–500,Dalian University of Technology,"42,273",16.6,5%,32 : 68,
2026,401–500,Donghua University,"23,520",12.2,7%,48 : 52,
2026,401–500,Drexel University,"18,893",12.2,15%,52 : 48,
2026,401–500,Florida International University,"35,509",22.2,9%,56 : 44,
2026,401–500,Free University of Bozen-Bolzano,"4,032",10.4,17%,65 : 35,
2026,401–500,George Mason University,"32,918",17.1,13%,52 : 48,
2026,401–500,Gwangju Institute of Science and Technology (GIST),"1,773",9.3,9%,30 : 70,
2026,401–500,Heriot-Watt University,"9,705",15.4,44%,39 : 61,
2026,401–500,IMT Atlantique,"1,295",7.5,37%,26 : 74,
2026,401–500,Institut Agro,"2,565",8.8,17%,61 : 39,
2026,401–500,Iowa State University,"27,116",17.2,8%,46 : 54,
2026,401–500,Iran University of Science and Technology,"12,556",29.0,7%,36 : 64,
2026,401–500,Jamia Millia Islamia,"10,370",12.1,5%,52 : 48,
2026,401–500,Johannes Kepler University of Linz,"6,857",20.5,23%,49 : 51,
2026,401–500,Leuphana University of Lüneburg,"7,488",24.9,11%,63 : 37,
2026,401–500,Marche Polytechnic University,"9,267",23.2,3%,50 : 50,
2026,401–500,Montpellier University,"39,869",19.9,15%,56 : 44,
2026,401–500,Murdoch University,"15,815",29.1,53%,,
2026,401–500,National and Kapodistrian University of Athens,"66,736",34.1,12%,60 : 40,
2026,401–500,National Taiwan University of Science and Technology (Taiwan Tech),"9,244",19.0,16%,30 : 70,
2026,401–500,National Tsing Hua University,"14,807",22.9,14%,42 : 58,
2026,401–500,National Yang Ming Chiao Tung University (NYCU Taiwan),"18,360",15.9,9%,37 : 63,
2026,401–500,Nazarbayev University,"6,020",13.3,3%,53 : 47,
2026,401–500,Near East University,"17,228",26.6,88%,49 : 51,
2026,401–500,Northumbria University,"25,815",17.1,30%,54 : 46,
2026,401–500,Polytechnic University of Turin,"30,286",25.8,20%,32 : 68,
2026,401–500,Pontificia Universidad Católica de Chile,"28,373",13.8,6%,,
2026,401–500,Prince Sattam Bin Abdulaziz University,"24,820",10.8,6%,67 : 33,
2026,401–500,Princess Nourah bint Abdulrahman University,"20,015",11.0,12%,100 : 0,
2026,401–500,Quaid-i-Azam University,"12,431",20.9,2%,46 : 54,
2026,401–500,Roskilde University,"5,248",14.0,17%,66 : 34,
2026,401–500,"Royal Holloway, University of London","12,155",15.9,33%,57 : 43,
2026,401–500,Rush University,"2,902",2.6,2%,76 : 24,
2026,401–500,Saint Louis University,"11,556",7.5,11%,60 : 40,
2026,401–500,Shoolini University of Biotechnology and Management Sciences,"3,676",16.4,1%,50 : 50,
2026,401–500,SOAS University of London,"5,395",15.0,41%,63 : 37,
2026,401–500,Southern Cross University,"8,883",43.0,22%,69 : 31,
2026,401–500,Syracuse University,"21,104",15.4,21%,54 : 46,
2026,401–500,Taipei Medical University,"6,154",8.8,11%,59 : 41,
2026,401–500,Temple University,"30,684",11.3,6%,57 : 43,
2026,401–500,The University of Tennessee-Knoxville,"31,306",17.8,4%,,
2026,401–500,Tulane University,"13,113",7.4,10%,61 : 39,
2026,401–500,Umeå University,"13,447",9.4,8%,62 : 38,
2026,401–500,Umm Al-Qura University,"34,462",13.3,6%,47 : 53,
2026,401–500,Université Laval,"30,127",13.4,18%,59 : 41,
2026,401–500,Universiti Sains Malaysia,"26,522",12.7,39%,63 : 37,
2026,401–500,Universiti Teknologi Malaysia,"16,724",10.1,28%,48 : 52,
2026,401–500,Universiti Utara Malaysia,"11,413",11.1,33%,65 : 35,
2026,401–500,University of Bordeaux,"51,535",21.0,15%,60 : 40,
2026,401–500,"University of California, Merced","9,070",21.2,7%,46 : 54,
2026,401–500,University of Canberra,"10,723",27.2,44%,57 : 43,
2026,401–500,University of Central Florida,"61,009",30.8,5%,57 : 43,
2026,401–500,University of Coimbra,"23,217",20.4,19%,58 : 42,
2026,401–500,University of Cyprus,"6,983",19.9,14%,62 : 38,
2026,401–500,University of Delaware,"21,608",14.6,11%,58 : 42,
2026,401–500,University of Eastern Finland,"12,849",17.1,7%,68 : 32,
2026,401–500,University of Fribourg,"6,817",14.8,17%,65 : 35,
2026,401–500,University of Genoa,"20,218",16.4,9%,58 : 42,
2026,401–500,University of Greifswald,"10,298",18.8,9%,61 : 39,
2026,401–500,University of Guelph,"23,314",28.3,11%,59 : 41,
2026,401–500,University of Houston,"46,269",24.0,16%,53 : 47,
2026,401–500,University of Jyväskylä,"11,150",13.1,4%,64 : 36,
2026,401–500,University of Kent,"15,680",17.0,28%,54 : 46,
2026,401–500,University of Kentucky,"28,680",11.4,3%,60 : 40,
2026,401–500,University of Lisbon,"50,344",18.1,23%,54 : 46,
2026,401–500,University of Marburg,"22,883",29.8,17%,58 : 42,
2026,401–500,University of Milan-Bicocca,"28,650",24.9,5%,61 : 39,
2026,401–500,University of Nizwa,"3,498",8.9,11%,77 : 23,
2026,401–500,University of Oregon,"22,659",13.7,5%,59 : 41,
2026,401–500,University of Porto,"38,127",17.5,19%,55 : 45,
2026,401–500,University of Portsmouth,"22,370",15.9,36%,48 : 52,
2026,401–500,University of Regensburg,"18,210",19.4,7%,61 : 39,
2026,401–500,University of South Carolina-Columbia,"33,819",16.7,4%,59 : 41,
2026,401–500,University of Tehran,"55,821",26.1,2%,46 : 54,
2026,401–500,University of Texas at Dallas,"26,710",24.5,22%,44 : 56,
2026,401–500,University of Turin,"60,028",25.4,6%,62 : 38,
2026,401–500,University of Vaasa,"4,302",18.3,6%,50 : 50,
2026,401–500,University of Waikato,"10,521",20.7,31%,61 : 39,
2026,401–500,Victoria University of Wellington,"15,728",17.4,12%,59 : 41,
2026,401–500,Virginia Commonwealth University,"25,120",10.1,4%,65 : 35,
2026,401–500,Wake Forest University,"8,289",3.4,10%,56 : 44,
2026,401–500,Washington State University,"25,504",16.9,6%,54 : 46,
2026,401–500,York University,"41,456",27.4,28%,54 : 46,
2026,401–500,Zayed University,"7,520",13.7,2%,83 : 17,
2026,501–600,Alfaisal University,"3,443",11.3,37%,58 : 42,
2026,501–600,American University of Sharjah,"5,432",17.7,72%,53 : 47,
2026,501–600,Auckland University of Technology,"17,420",17.0,49%,59 : 41,
2026,501–600,Banaras Hindu University,"12,447",7.9,4%,49 : 51,
2026,501–600,Bangor University,"9,035",15.7,31%,59 : 41,
2026,501–600,Ca’ Foscari University of Venice,"11,178",20.3,13%,64 : 36,
2026,501–600,Campus Bio-Medico University of Rome,"2,820",16.1,2%,62 : 38,
2026,501–600,Carleton University,"27,612",27.0,22%,49 : 51,
2026,501–600,"China University of Petroleum, Beijing","18,745",18.1,5%,,
2026,501–600,Chulalongkorn University,"34,173",12.0,4%,55 : 45,
2026,501–600,"Colorado State University, Fort Collins","28,466",15.4,4%,57 : 43,
2026,501–600,Complutense University of Madrid,"57,684",10.0,16%,63 : 37,
2026,501–600,Constructor University,"1,750",22.6,90%,42 : 58,
2026,501–600,Cyprus University of Technology,"3,377",15.8,15%,58 : 42,
2026,501–600,Ewha Womans University,"14,226",16.6,16%,100 : 0,
2026,501–600,Federation University Australia,"8,886",15.1,41%,60 : 40,
2026,501–600,Gachon University,"23,826",24.4,18%,50 : 50,
2026,501–600,Georgia State University,"32,292",16.6,9%,60 : 40,
2026,501–600,"Goldsmiths, University of London","8,195",13.8,48%,69 : 31,
2026,501–600,Hamburg University of Technology,"4,396",21.3,28%,30 : 70,
2026,501–600,HSE University,"36,414",18.8,13%,62 : 38,
2026,501–600,Imam Abdulrahman Bin Faisal University,"25,111",11.0,5%,89 : 11,
2026,501–600,Indian Institute of Technology Indore,"2,332",12.5,0%,24 : 76,
2026,501–600,Istanbul Technical University,"18,037",18.8,15%,42 : 58,
2026,501–600,Jagiellonian University,"32,022",8.8,13%,67 : 33,
2026,501–600,Jiangsu University,"35,531",9.4,6%,43 : 57,
2026,501–600,Jinan University (China),"38,488",15.0,28%,56 : 44,
2026,501–600,Juntendo University,"7,371",5.3,3%,54 : 46,
2026,501–600,Keele University,"10,370",15.4,20%,62 : 38,
2026,501–600,KIIT University,"19,682",10.3,14%,56 : 44,
2026,501–600,Konkuk University,"11,274",25.4,22%,,
2026,501–600,Kyungpook National University (KNU),"17,162",15.8,17%,47 : 53,
2026,501–600,Lincoln University (New Zealand),"3,123",15.0,42%,55 : 45,
2026,501–600,Liverpool John Moores University,"24,415",18.1,16%,57 : 43,
2026,501–600,Lovely Professional University,"36,891",14.9,8%,28 : 72,
2026,501–600,Mahatma Gandhi University,"2,470",9.8,2%,65 : 35,
2026,501–600,Massey University,"15,413",16.5,30%,64 : 36,
2026,501–600,Maynooth University,"12,263",25.7,15%,57 : 43,
2026,501–600,Memorial University of Newfoundland,"16,376",15.3,29%,54 : 46,
2026,501–600,Middlesex University,"14,860",19.8,49%,59 : 41,
2026,501–600,Missouri University of Science and Technology,"7,306",21.8,13%,24 : 76,
2026,501–600,Mizzou - University of Missouri,"26,560",12.2,3%,56 : 44,
2026,501–600,National Cheng Kung University (NCKU),"21,726",19.9,11%,38 : 62,
2026,501–600,National Taiwan Normal University,"11,067",12.4,17%,,
2026,501–600,National Yunlin University of Science and Technology,"9,057",21.3,5%,39 : 61,
2026,501–600,New Jersey Institute of Technology,"10,459",14.9,29%,29 : 71,
2026,501–600,"Northeastern University, China","41,594",13.7,2%,,
2026,501–600,NOVA University of Lisbon,"25,284",18.6,26%,51 : 49,
2026,501–600,Polytechnic University of Bari,"10,542",43.2,2%,31 : 69,
2026,501–600,Pusan National University,"15,331",15.5,14%,53 : 47,
2026,501–600,Rensselaer Polytechnic Institute,"6,873",14.6,16%,31 : 69,
2026,501–600,Royal Veterinary College,"2,305",11.0,40%,81 : 19,
2026,501–600,RPTU University Kaiserslautern-Landau,"10,796",22.4,14%,49 : 51,
2026,501–600,Saarland University,"16,434",9.6,21%,52 : 48,
2026,501–600,Shanghai University,"39,590",13.4,6%,50 : 50,
2026,501–600,Shiraz University of Technology,"1,747",14.9,0%,38 : 62,
2026,501–600,"Soochow University, China","48,737",15.8,2%,50 : 50,
2026,501–600,Stevens Institute of Technology,"7,887",20.8,40%,29 : 71,
2026,501–600,Sultan Qaboos University,"7,375",8.3,4%,50 : 50,
2026,501–600,Tashkent Institute of Irrigation and Agricultural Mechanisation,"5,244",6.5,11%,44 : 56,
2026,501–600,Tehran University of Medical Sciences,"12,476",6.6,16%,55 : 45,
2026,501–600,The University of Tulsa,"3,771",9.9,14%,49 : 51,
2026,501–600,TU Dortmund University,"16,305",44.7,15%,50 : 50,
2026,501–600,UEH University,"34,586",33.8,0%,70 : 30,
2026,501–600,Université du Québec,"50,342",17.1,17%,58 : 42,
2026,501–600,Universiti Putra Malaysia,"20,358",12.8,40%,64 : 36,
2026,501–600,University of Bradford,"11,775",22.0,47%,56 : 44,
2026,501–600,University of Catania,"30,470",20.0,5%,56 : 44,
2026,501–600,University of Denver,"10,234",13.3,5%,62 : 38,
2026,501–600,University of Ferrara,"23,862",33.5,5%,63 : 37,
2026,501–600,University of Graz,"10,958",10.8,19%,65 : 35,
2026,501–600,University of Haifa,"16,297",17.5,3%,66 : 34,
2026,501–600,University of Huddersfield,"14,200",19.9,31%,58 : 42,
2026,501–600,University of Hull,"13,250",18.4,35%,55 : 45,
2026,501–600,University of Iceland,"9,343",16.0,13%,69 : 31,
2026,501–600,University of International Business and Economics,"15,343",14.2,12%,73 : 27,
2026,501–600,University of KwaZulu-Natal,"33,675",30.7,2%,62 : 38,
2026,501–600,University of Limerick,"14,691",27.1,18%,52 : 48,
2026,501–600,University of Manitoba,"26,170",13.7,24%,54 : 46,
2026,501–600,University of Messina,"14,308",22.7,6%,63 : 37,
2026,501–600,University of Missouri-Kansas City,"9,605",12.3,13%,58 : 42,
2026,501–600,University of Modena and Reggio Emilia,"18,479",18.9,4%,54 : 46,
2026,501–600,University of Nebraska-Lincoln,"23,880",16.7,7%,50 : 50,
2026,501–600,University of Nebraska Medical Center,"3,390",1.9,8%,71 : 29,
2026,501–600,University of Nicosia,"6,398",17.2,65%,56 : 44,
2026,501–600,University of Palermo,"28,637",32.9,2%,58 : 42,
2026,501–600,University of Plymouth,"16,895",17.8,22%,61 : 39,
2026,501–600,University of Pretoria,"34,827",18.4,7%,61 : 39,
2026,501–600,University of Salerno,"20,506",25.6,4%,57 : 43,
2026,501–600,University of Siegen,"9,590",26.1,14%,57 : 43,
2026,501–600,University of Stirling,"11,725",18.9,34%,59 : 41,
2026,501–600,University of the Sunshine Coast,"11,020",27.0,15%,70 : 30,
2026,501–600,University of Toulouse,"110,552",22.0,16%,57 : 43,
2026,501–600,University of Trieste,"18,016",24.3,8%,58 : 42,
2026,501–600,University of Ulsan,"11,778",10.7,2%,45 : 55,
2026,501–600,University of Valencia,"48,963",13.1,14%,64 : 36,
2026,501–600,University of Windsor,"14,932",35.1,36%,,
2026,501–600,UPES,"9,231",9.6,0%,30 : 70,
2026,501–600,Victoria University,"14,540",29.4,25%,59 : 41,
2026,501–600,Wayne State University,"20,958",12.7,5%,59 : 41,
2026,501–600,Wroclaw Medical University,"6,075",8.6,14%,77 : 23,
2026,501–600,Yangzhou University,"30,130",12.4,10%,,
2026,501–600,Yeungnam University,"19,201",15.4,6%,50 : 50,
2026,501–600,Zhejiang University of Technology,"31,557",13.9,9%,,
2026,601–800,Aberystwyth University,"6,330",15.1,21%,52 : 48,
2026,601–800,Air University,"10,530",14.5,0%,35 : 65,
2026,601–800,Alborz University of Medical Sciences,"3,765",11.5,0%,54 : 46,
2026,601–800,Aligarh Muslim University,"21,223",14.7,1%,39 : 61,
2026,601–800,Amedeo Avogadro University of Eastern Piedmont,"15,817",35.5,10%,61 : 39,
2026,601–800,American University,"13,316",12.0,11%,64 : 36,
2026,601–800,American University in Cairo,"6,233",10.4,8%,58 : 42,
2026,601–800,American University of the Middle East,"5,014",11.1,15%,62 : 38,
2026,601–800,"Amity University, Noida","29,510",14.9,14%,57 : 43,
2026,601–800,Anglia Ruskin University (ARU),"28,065",27.2,49%,62 : 38,
2026,601–800,Auburn University,"28,365",18.5,7%,51 : 49,
2026,601–800,Babol Noshirvani University of Technology,"5,917",26.6,3%,34 : 66,
2026,601–800,Babol University of Medical Sciences,"4,418",11.8,1%,54 : 46,
2026,601–800,Bahauddin Zakariya University,"19,120",19.5,0%,40 : 60,
2026,601–800,Bar-Ilan University,"19,887",20.6,4%,58 : 42,
2026,601–800,Beirut Arab University,"4,167",10.4,21%,45 : 55,
2026,601–800,Ben-Gurion University of the Negev,"16,196",12.0,2%,52 : 48,
2026,601–800,Bharathiar University,"3,927",19.2,0%,55 : 45,
2026,601–800,Bilkent University,"8,980",19.8,6%,48 : 52,
2026,601–800,Capital Medical University,"16,357",4.0,4%,64 : 36,
2026,601–800,Centrale Nantes,"1,755",13.2,37%,23 : 77,
2026,601–800,Central University of Punjab,"2,829",14.1,2%,37 : 63,
2026,601–800,Chang Gung University,"7,142",12.4,5%,51 : 49,
2026,601–800,Charles Sturt University,"18,763",21.8,11%,69 : 31,
2026,601–800,Chitkara University,"18,269",13.8,3%,44 : 56,
2026,601–800,City University of Macau,"8,701",16.6,64%,53 : 47,
2026,601–800,Claude Bernard University Lyon 1,"35,702",16.9,13%,56 : 44,
2026,601–800,COMSATS University Islamabad,"33,193",15.8,1%,39 : 61,
2026,601–800,Concordia University,"36,811",25.5,35%,49 : 51,
2026,601–800,Coventry University,"30,640",14.6,58%,50 : 50,
2026,601–800,Cyprus International University,"14,569",23.8,93%,47 : 53,
2026,601–800,Czech University of Life Sciences Prague (CZU),"17,470",17.4,29%,48 : 52,
2026,601–800,De Montfort University,"23,655",20.6,47%,48 : 52,
2026,601–800,Dhofar University,"3,049",15.9,7%,53 : 47,
2026,601–800,Duy Tan University,"23,574",22.7,1%,61 : 39,
2026,601–800,East China University of Science and Technology,"32,389",19.0,2%,43 : 57,
2026,601–800,Eastern Mediterranean University,"14,696",23.3,72%,48 : 52,
2026,601–800,École des Mines de Saint-Étienne,"1,128",9.5,29%,27 : 73,
2026,601–800,École Nationale des Travaux Publics de l'État (ENTPE),794,13.5,17%,43 : 57,
2026,601–800,Edinburgh Napier University,"14,615",21.8,21%,55 : 45,
2026,601–800,Egypt-Japan University of Science and Technology (E-JUST),"3,015",26.5,4%,33 : 67,
2026,601–800,Federal University of Rio de Janeiro,"56,160",14.6,1%,56 : 44,
2026,601–800,Golestan University,"3,950",30.4,8%,62 : 38,
2026,601–800,Government College University Faisalabad,"22,898",26.6,0%,55 : 45,
2026,601–800,Graphic Era University,"11,054",13.9,2%,45 : 55,
2026,601–800,Graz University of Technology,"6,734",8.7,26%,27 : 73,
2026,601–800,Guangdong University of Technology,"51,066",17.1,0%,29 : 71,
2026,601–800,Harbin Engineering University,"33,564",17.1,2%,24 : 76,
2026,601–800,Harokopio University of Athens,"2,994",28.1,4%,51 : 49,
2026,601–800,Hiroshima University,"14,922",8.7,12%,38 : 62,
2026,601–800,Imam Mohammad Ibn Saud Islamic University,"38,256",11.2,15%,50 : 50,
2026,601–800,Indian Institute of Technology Patna,"2,840",17.1,1%,23 : 77,
2026,601–800,"International Institute of Information Technology, Hyderabad","1,882",13.4,7%,20 : 80,
2026,601–800,Iran University of Medical Sciences,"8,876",7.8,19%,54 : 46,
2026,601–800,ISCTE-University Institute of Lisbon,"10,999",26.0,18%,53 : 47,
2026,601–800,Isfahan University of Medical Sciences,"10,760",10.5,4%,59 : 41,
2026,601–800,Isfahan University of Technology,"10,096",22.6,3%,40 : 60,
2026,601–800,Jazan University,"21,894",11.6,3%,68 : 32,
2026,601–800,Jiangnan University,"32,581",12.1,1%,,
2026,601–800,Jouf University,"11,978",9.6,2%,47 : 53,
2026,601–800,Kadir Has University,"4,058",22.4,11%,58 : 42,
2026,601–800,Kafrelsheikh University,"72,697",27.6,3%,56 : 44,
2026,601–800,Kansas State University,"18,454",14.0,5%,54 : 46,
2026,601–800,Keio University,"34,336",10.2,10%,37 : 63,
2026,601–800,King Faisal University,"22,366",10.4,6%,65 : 35,
2026,601–800,Kobe University,"15,355",9.8,7%,35 : 65,
2026,601–800,Lehigh University,"6,933",11.6,16%,46 : 54,
2026,601–800,London Metropolitan University,"12,395",28.2,64%,64 : 36,
2026,601–800,London South Bank University,"14,425",15.9,40%,55 : 45,
2026,601–800,Lorestan University of Medical Sciences,"4,068",18.9,1%,57 : 43,
2026,601–800,Louisiana State University,"33,738",20.7,4%,56 : 44,
2026,601–800,Mahidol University,"29,737",8.9,6%,63 : 37,
2026,601–800,Majmaah University,"11,910",9.9,3%,47 : 53,
2026,601–800,Malaviya National Institute of Technology,"5,589",17.0,1%,26 : 74,
2026,601–800,Management & Science University (MSU),"4,038",7.5,58%,61 : 39,
2026,601–800,Manchester Metropolitan University,"33,935",18.1,22%,58 : 42,
2026,601–800,Manipal Academy of Higher Education,"24,076",8.6,12%,50 : 50,
2026,601–800,Masaryk University,"33,661",18.2,25%,62 : 38,
2026,601–800,Mississippi State University,"20,844",14.1,4%,53 : 47,
2026,601–800,Nanjing Forestry University,"36,679",18.1,1%,,
2026,601–800,Nanjing Tech University,"37,609",12.7,4%,,
2026,601–800,Nanjing University of Aeronautics and Astronautics,"36,035",15.4,2%,,
2026,601–800,Nanjing University of Science and Technology (NJUST),"36,520",15.2,2%,31 : 69,
2026,601–800,Nantes Université,"35,045",17.3,12%,57 : 43,
2026,601–800,National Institute of Technology Rourkela,"7,763",19.0,4%,18 : 82,
2026,601–800,National Research Nuclear University MEPhI,"5,352",10.1,28%,49 : 51,
2026,601–800,National Sun Yat-Sen University,"8,876",12.3,9%,43 : 57,
2026,601–800,National University of Sciences and Technology,"12,468",12.0,5%,38 : 62,
2026,601–800,New Mexico State University (Main campus),"12,251",15.8,6%,58 : 42,
2026,601–800,Nottingham Trent University,"36,005",15.0,25%,54 : 46,
2026,601–800,Obuda University,"8,068",26.6,7%,20 : 80,
2026,601–800,Ocean University of China,"35,422",18.2,1%,,
2026,601–800,Ohio University (Main campus),"20,461",21.8,4%,59 : 41,
2026,601–800,Oklahoma State University,"22,574",14.7,5%,53 : 47,
2026,601–800,Örebro University,"9,943",16.6,6%,63 : 37,
2026,601–800,Otto von Guericke University of Magdeburg,"12,812",10.7,30%,42 : 58,
2026,601–800,Paderborn University,"14,479",38.3,13%,51 : 49,
2026,601–800,Panjab University,"16,479",15.9,2%,65 : 35,
2026,601–800,Paris Lodron Universität Salzburg,"6,302",8.5,40%,68 : 32,
2026,601–800,Parthenope University of Naples,"14,020",36.4,3%,43 : 57,
2026,601–800,Polytechnic University of Valencia,"30,641",15.8,16%,58 : 42,
2026,601–800,Qassim University,"29,826",9.5,11%,45 : 55,
2026,601–800,Qazvin University of Medical Sciences,"3,196",9.8,3%,55 : 45,
2026,601–800,Qingdao University,"42,202",15.6,1%,51 : 49,
2026,601–800,Rochester Institute of Technology,"14,881",16.1,13%,37 : 63,
2026,601–800,Rovira i Virgili University,"14,226",13.2,12%,60 : 40,
2026,601–800,Sciences Po,"14,675",49.1,41%,64 : 36,
2026,601–800,Shahid Beheshti University of Medical Sciences,"12,165",7.9,6%,55 : 45,
2026,601–800,Sharda University,"15,326",12.7,11%,43 : 57,
2026,601–800,Shiraz University of Medical Sciences,"9,998",9.8,3%,55 : 45,
2026,601–800,South China Normal University,"36,468",19.9,4%,,
2026,601–800,SRUC (Scotland’s Rural College),"1,400",4.3,9%,65 : 35,
2026,601–800,Sukkur IBA University,"5,580",19.6,0%,30 : 70,
2026,601–800,SUNY Binghamton University,"18,703",20.2,9%,52 : 48,
2026,601–800,SUNY University at Albany,"14,843",15.9,7%,53 : 47,
2026,601–800,Symbiosis International University,"22,845",14.4,7%,47 : 53,
2026,601–800,Tabriz University of Medical Sciences,"7,290",8.5,2%,53 : 47,
2026,601–800,Taif University,"38,212",16.7,3%,58 : 42,
2026,601–800,Tallinn University of Technology,"7,451",13.2,12%,40 : 60,
2026,601–800,Tarbiat Modares University,"10,360",13.8,6%,47 : 53,
2026,601–800,Tecnológico de Monterrey,"17,141",14.1,14%,43 : 57,
2026,601–800,Teesside University,"18,820",21.0,42%,56 : 44,
2026,601–800,Texas Tech University,"37,631",20.8,8%,50 : 50,
2026,601–800,Thapar Institute of Engineering and Technology,"7,763",15.0,4%,35 : 65,
2026,601–800,The Catholic University of Korea (CUK),"7,349",18.6,15%,58 : 42,
2026,601–800,The University of Aizu,"1,289",12.0,13%,11 : 89,
2026,601–800,The University of Jordan,"23,745",12.2,26%,63 : 37,
2026,601–800,The University of Texas at San Antonio,"27,369",24.2,3%,53 : 47,
2026,601–800,Tomsk State University,"7,985",11.7,37%,,
2026,601–800,Ton Duc Thang University,"27,459",16.3,2%,57 : 43,
2026,601–800,Toronto Metropolitan University,"37,827",39.8,11%,54 : 46,
2026,601–800,TU Braunschweig,"14,251",16.3,15%,42 : 58,
2026,601–800,"UEES, Espiritu Santo University","4,596",10.9,24%,51 : 49,
2026,601–800,UiT The Arctic University of Norway,"15,308",10.6,10%,62 : 38,
2026,601–800,Ulster University,"24,440",23.3,29%,55 : 45,
2026,601–800,Universidade Estadual Paulista (Unesp),"37,420",12.5,3%,52 : 48,
2026,601–800,Universidade Federal do Rio Grande do Sul,"40,018",14.4,1%,52 : 48,
2026,601–800,Universitat Politècnica de Catalunya,"24,055",10.3,13%,30 : 70,
2026,601–800,Université Côte d'Azur,"31,714",19.8,21%,57 : 43,
2026,601–800,Universiti Malaysia Pahang Al-Sultan Abdullah (UMPSA),"7,584",12.4,10%,49 : 51,
2026,601–800,Universiti Pendidikan Sultan Idris,"5,754",8.9,28%,59 : 41,
2026,601–800,Universiti Teknologi Brunei,"1,977",7.7,4%,61 : 39,
2026,601–800,Universiti Tenaga Nasional (UNITEN),"4,317",10.0,20%,33 : 67,
2026,601–800,University of Alaska Fairbanks,"2,895",8.5,6%,56 : 44,
2026,601–800,University of Arkansas,"28,164",20.3,3%,56 : 44,
2026,601–800,University of Aveiro,"14,095",15.9,11%,54 : 46,
2026,601–800,University of Bari Aldo Moro,"29,256",18.5,2%,62 : 38,
2026,601–800,University of Beira Interior,"8,307",16.8,21%,56 : 44,
2026,601–800,University of Brighton,"14,840",16.8,23%,61 : 39,
2026,601–800,University of Cagliari,"14,312",15.0,2%,62 : 38,
2026,601–800,University of Calabria,"10,386",15.7,8%,54 : 46,
2026,601–800,University of Canterbury,"14,857",19.1,18%,50 : 50,
2026,601–800,University of Crete,"12,551",22.7,5%,64 : 36,
2026,601–800,University of Delhi,"24,204",20.2,2%,47 : 53,
2026,601–800,University of Derby,"15,820",14.6,26%,61 : 39,
2026,601–800,University of Granada,"51,046",14.3,11%,61 : 39,
2026,601–800,University of Greenwich,"22,915",22.4,54%,57 : 43,
2026,601–800,University of Ha’il,"20,652",10.9,5%,62 : 38,
2026,601–800,University of Hertfordshire,"27,285",19.5,61%,47 : 53,
2026,601–800,University of Insubria,"9,546",23.1,5%,56 : 44,
2026,601–800,University of Klagenfurt,"3,377",8.7,33%,66 : 34,
2026,601–800,University of Lahore,"21,224",14.0,4%,39 : 61,
2026,601–800,University of L’Aquila,"19,246",25.5,6%,53 : 47,
2026,601–800,University of Lille,"78,318",30.6,14%,61 : 39,
2026,601–800,University of Lincoln,"15,645",15.0,24%,58 : 42,
2026,601–800,"University of Maryland, Baltimore County","12,398",17.8,19%,46 : 54,
2026,601–800,University of Minho,"21,465",20.8,13%,55 : 45,
2026,601–800,University of Mons,"8,374",26.7,17%,56 : 44,
2026,601–800,University of Neuchâtel,"4,365",10.7,23%,60 : 40,
2026,601–800,"University of Nevada, Las Vegas","26,545",22.1,3%,57 : 43,
2026,601–800,University of New Brunswick UNB,"8,975",12.4,22%,53 : 47,
2026,601–800,University of North Carolina at Charlotte,"27,004",21.1,8%,50 : 50,
2026,601–800,University of Parma,"31,624",31.5,9%,59 : 41,
2026,601–800,University of Passau,"7,360",45.5,14%,59 : 41,
2026,601–800,University of Rennes 1,"29,025",19.3,12%,55 : 45,
2026,601–800,University of Santiago de Compostela,"24,821",14.1,8%,62 : 38,
2026,601–800,University of Tabriz,"21,199",23.6,15%,51 : 49,
2026,601–800,University of Tabuk,"20,099",10.3,3%,41 : 59,
2026,601–800,University of Texas at Arlington,"38,017",32.3,16%,60 : 40,
2026,601–800,University of the Basque Country,"39,279",11.6,6%,56 : 44,
2026,601–800,University of the Western Cape,"24,431",34.2,4%,63 : 37,
2026,601–800,University of the West of Scotland,"16,955",24.9,39%,60 : 40,
2026,601–800,University of Toledo,"13,661",15.8,10%,54 : 46,
2026,601–800,University of Tuscia,"6,305",24.0,12%,49 : 51,
2026,601–800,University of Udine,"11,915",16.7,5%,56 : 44,
2026,601–800,"University of Veterinary and Animal Sciences, Lahore","7,679",21.2,1%,53 : 47,
2026,601–800,University of Warsaw,"34,878",11.0,10%,60 : 40,
2026,601–800,University of Wuppertal,"12,951",29.3,11%,54 : 46,
2026,601–800,Urmia University of Medical Sciences,"5,350",11.5,8%,50 : 50,
2026,601–800,UWE Bristol (University of the West of England),"30,220",16.4,29%,52 : 48,
2026,601–800,VIT University,"44,159",16.0,3%,29 : 71,
2026,601–800,Worcester Polytechnic Institute,"6,312",12.9,14%,36 : 64,
2026,601–800,Xi’an Jiaotong-Liverpool University,"21,448",18.3,3%,52 : 48,
2026,601–800,Xidian University,"39,572",14.3,1%,25 : 75,
2026,601–800,Yarmouk University,"21,300",23.6,15%,,
2026,601–800,Yıldız Technical University,"20,391",23.4,13%,47 : 53,
2026,601–800,Yuan Ze University,"6,717",20.4,11%,43 : 57,
2026,601–800,Zhejiang Normal University,"34,011",13.5,7%,,
2026,801–1000,Abdullah Gül University,"2,977",32.4,8%,50 : 50,
2026,801–1000,Abdul Wali Khan University Mardan,"13,165",22.2,0%,27 : 73,
2026,801–1000,Ahvaz Jundishapur University of Medical Sciences (AJUMS),"9,059",11.2,4%,56 : 44,
2026,801–1000,Ain Shams University,"171,505",14.3,7%,52 : 48,
2026,801–1000,Alagappa University,"5,428",14.9,0%,59 : 41,
2026,801–1000,Al al-Bayt University,"16,331",24.7,3%,62 : 38,
2026,801–1000,Al-Azhar University,"281,032",21.6,11%,41 : 59,
2026,801–1000,Alexandria University,"186,461",17.6,7%,53 : 47,
2026,801–1000,Al-Zaytoonah University of Jordan,"10,003",27.8,24%,54 : 46,
2026,801–1000,"Amity University Rajasthan, Jaipur","3,978",19.5,0%,40 : 60,
2026,801–1000,An-Najah National University,"25,887",27.0,12%,63 : 37,
2026,801–1000,Anna University,"11,396",12.1,1%,41 : 59,
2026,801–1000,Aristotle University of Thessaloniki,"47,845",18.9,5%,58 : 42,
2026,801–1000,Arts et Métiers,"6,012",16.6,14%,19 : 81,
2026,801–1000,Atatürk University,"33,912",24.7,10%,50 : 50,
2026,801–1000,Azerbaijan State University of Economics,"13,473",9.2,7%,44 : 56,
2026,801–1000,Bahçeşehir University,"19,548",46.0,24%,50 : 50,
2026,801–1000,Baqiyatallah University of Medical Sciences,"2,650",7.4,3%,23 : 77,
2026,801–1000,Baylor University,"21,096",14.9,6%,61 : 39,
2026,801–1000,Birjand University of Medical Sciences,"4,171",12.0,5%,57 : 43,
2026,801–1000,"Birla Institute of Technology and Science, Pilani","16,157",15.3,3%,20 : 80,
2026,801–1000,Birmingham City University,"27,055",18.5,31%,62 : 38,
2026,801–1000,Bucharest University of Economic Studies,"21,819",15.8,4%,60 : 40,
2026,801–1000,Cairo University,"173,478",24.6,7%,60 : 40,
2026,801–1000,Cankaya University,"5,609",21.3,1%,44 : 56,
2026,801–1000,Capital University of Science and Technology,"6,840",28.9,0%,40 : 60,
2026,801–1000,Carlos III University of Madrid,"18,403",10.9,18%,48 : 52,
2026,801–1000,Catholic University of Portugal,"12,826",22.9,24%,67 : 33,
2026,801–1000,Chengdu University,"27,472",16.2,2%,54 : 46,
2026,801–1000,Chonnam National University,"16,714",12.6,8%,51 : 49,
2026,801–1000,Clark University,"3,623",12.5,29%,55 : 45,
2026,801–1000,Daffodil International University (DIU),"17,085",22.0,5%,37 : 63,
2026,801–1000,Delhi Technological University,"14,340",22.6,4%,17 : 83,
2026,801–1000,École Centrale de Lyon,"2,251",15.6,25%,29 : 71,
2026,801–1000,Empress Catherine II Saint Petersburg Mining University,"10,462",16.1,17%,43 : 57,
2026,801–1000,Eötvös Loránd University,"32,848",17.7,12%,61 : 39,
2026,801–1000,European University Cyprus,"5,474",15.2,58%,62 : 38,
2026,801–1000,Federal University of Minas Gerais,"43,267",14.9,2%,56 : 44,
2026,801–1000,Ferdowsi University of Mashhad,"20,937",26.9,6%,54 : 46,
2026,801–1000,Florida Atlantic University,"23,754",19.5,10%,66 : 34,
2026,801–1000,Future University in Egypt,"7,962",9.5,11%,45 : 55,
2026,801–1000,Fuzhou University,"44,604",17.4,1%,39 : 61,
2026,801–1000,Gabriele d‘Annunzio University,"21,794",28.5,3%,65 : 35,
2026,801–1000,Gazipur Agricultural University,"2,027",8.9,2%,54 : 46,
2026,801–1000,German Jordanian University,"2,830",9.6,15%,36 : 64,
2026,801–1000,Ghulam Ishaq Khan Institute of Engineering Sciences and Technology,"2,267",16.1,0%,14 : 86,
2026,801–1000,Glasgow Caledonian University,"17,335",25.9,30%,57 : 43,
2026,801–1000,Gorgan University of Agricultural Sciences and Natural Resources,"3,866",20.5,1%,54 : 46,
2026,801–1000,Government College University Lahore,"12,656",32.9,0%,53 : 47,
2026,801–1000,Guangzhou Medical University,"16,107",2.2,2%,58 : 42,
2026,801–1000,Guilan University of Medical Sciences,"5,752",10.8,1%,57 : 43,
2026,801–1000,Guru Gobind Singh Indraprastha University,"6,027",14.2,4%,29 : 71,
2026,801–1000,Hacettepe University,"35,176",14.7,3%,61 : 39,
2026,801–1000,Halmstad University,"4,642",11.9,6%,62 : 38,
2026,801–1000,Hanoi Medical University,"13,081",10.8,0%,62 : 38,
2026,801–1000,Ilam University of Medical Sciences,"3,024",12.9,8%,54 : 46,
2026,801–1000,IMT Nord Europe,"1,621",18.0,21%,23 : 77,
2026,801–1000,Inha University,"14,163",17.0,8%,43 : 57,
2026,801–1000,Innopolis University,"1,248",13.7,21%,19 : 81,
2026,801–1000,"International Islamic University, Islamabad","24,592",21.9,5%,58 : 42,
2026,801–1000,International University of Rabat,"8,278",23.1,5%,55 : 45,
2026,801–1000,Iqra University,"10,121",13.1,1%,26 : 74,
2026,801–1000,Isra University (Jordan),"5,275",21.5,24%,52 : 48,
2026,801–1000,Istanbul Medipol University,"20,473",34.4,43%,65 : 35,
2026,801–1000,Jahangirnagar University,"11,895",16.9,0%,50 : 50,
2026,801–1000,Jamia Hamdard University,"9,927",15.6,2%,45 : 55,
2026,801–1000,Jawaharlal Nehru University,"7,759",11.2,1%,42 : 58,
2026,801–1000,Jeonbuk National University,"18,726",20.3,10%,46 : 54,
2026,801–1000,Jönköping University,"6,586",13.8,12%,61 : 39,
2026,801–1000,Jordan University of Science and Technology,"17,708",12.0,28%,48 : 52,
2026,801–1000,JSS Academy of Higher Education and Research,"8,201",9.2,9%,53 : 47,
2026,801–1000,Kaohsiung Medical University,"6,621",12.6,5%,59 : 41,
2026,801–1000,Kazan Federal University,"22,575",11.1,33%,66 : 34,
2026,801–1000,Kerman University of Medical Sciences,"5,552",9.5,3%,,
2026,801–1000,Khwaja Fareed University of Engineering and Information Technology,"11,504",24.1,0%,45 : 55,
2026,801–1000,King Mongkut’s University of Technology Thonburi,"14,898",19.7,4%,45 : 55,
2026,801–1000,King Saud bin Abdulaziz University for Health Sciences,"8,509",10.9,0%,53 : 47,
2026,801–1000,Kingston University,"15,980",20.2,44%,60 : 40,
2026,801–1000,KL University,"18,766",14.7,2%,38 : 62,
2026,801–1000,K.N. Toosi University of Technology,"7,629",20.2,2%,33 : 67,
2026,801–1000,Kurdistan University of Medical Sciences,"3,652",7.0,7%,46 : 54,
2026,801–1000,Lahore University of Management Sciences,"4,744",13.6,2%,44 : 56,
2026,801–1000,Leeds Beckett University,"19,825",17.0,23%,54 : 46,
2026,801–1000,Mahsa University,"6,044",13.8,13%,17 : 83,
2026,801–1000,Makerere University,"25,506",19.3,4%,43 : 57,
2026,801–1000,Mansoura University,"165,971",19.0,14%,55 : 45,
2026,801–1000,Marie and Louis Pasteur University,"27,356",29.5,13%,54 : 46,
2026,801–1000,Mashhad University of Medical Sciences,"9,296",9.1,5%,55 : 45,
2026,801–1000,Mazandaran University of Medical Sciences,"6,664",10.8,3%,55 : 45,
2026,801–1000,Medical University of Lodz,"9,642",7.5,9%,69 : 31,
2026,801–1000,Montanuniversität Leoben,"1,970",6.3,20%,26 : 74,
2026,801–1000,Najran University,"16,538",13.3,6%,57 : 43,
2026,801–1000,Nanjing Medical University,"23,163",7.2,3%,,
2026,801–1000,Nanjing Normal University,"36,007",13.7,2%,66 : 34,
2026,801–1000,Nanjing University of Information Science and Technology,"36,971",15.5,3%,,
2026,801–1000,National Autonomous University of Mexico,"175,031",16.3,5%,52 : 48,
2026,801–1000,National Institute of Applied Sciences of Lyon (INSA Lyon),"6,160",12.6,26%,38 : 62,
2026,801–1000,National Institute of Technology Silchar,"4,599",11.7,3%,21 : 79,
2026,801–1000,"National Institute of Technology, Tiruchirappalli","7,452",22.2,2%,24 : 76,
2026,801–1000,National Technical University of Athens,"13,139",19.5,5%,35 : 65,
2026,801–1000,National University of Science and Technology (MISiS),"7,305",12.6,19%,42 : 58,
2026,801–1000,National Veterinary School of Alfort (EnvA),872,5.9,0%,78 : 22,
2026,801–1000,Northeast Agricultural University,"32,409",20.7,1%,55 : 45,
2026,801–1000,Northeast Normal University,"31,316",19.3,3%,69 : 31,
2026,801–1000,Northern Border University,"7,128",8.6,2%,63 : 37,
2026,801–1000,Northern Illinois University,"13,032",14.7,8%,54 : 46,
2026,801–1000,North South University,"16,380",19.1,0%,44 : 56,
2026,801–1000,North-West University,"41,784",24.1,2%,63 : 37,
2026,801–1000,Norwegian University of Life Sciences,"8,193",8.4,7%,57 : 43,
2026,801–1000,Old Dominion University,"17,790",16.3,3%,56 : 44,
2026,801–1000,Ontario Tech University,"9,555",30.0,12%,43 : 57,
2026,801–1000,Open University of Catalonia,"34,578",96.6,6%,57 : 43,
2026,801–1000,Oxford Brookes University,"13,930",13.6,30%,56 : 44,
2026,801–1000,Ozyegin University,"6,166",24.1,12%,47 : 53,
2026,801–1000,Pablo de Olavide University,"12,155",14.2,16%,61 : 39,
2026,801–1000,Panthéon-Sorbonne University – Paris 1,"36,234",29.2,21%,64 : 36,
2026,801–1000,Peter the Great St Petersburg Polytechnic University,"16,730",9.9,32%,43 : 57,
2026,801–1000,Pontifical Catholic University of Rio de Janeiro (PUC-Rio),"11,715",18.4,2%,50 : 50,
2026,801–1000,Portland State University,"16,947",21.0,6%,57 : 43,
2026,801–1000,Rafsanjan University of Medical Sciences,"2,169",10.3,0%,59 : 41,
2026,801–1000,Reichman University,"7,795",32.3,25%,55 : 45,
2026,801–1000,Reykjavík University,"2,851",21.5,6%,45 : 55,
2026,801–1000,Robert Gordon University,"11,720",22.1,33%,64 : 36,
2026,801–1000,RUDN University,"27,303",17.8,34%,59 : 41,
2026,801–1000,Savitribai Phule Pune University,"6,043",12.2,2%,46 : 54,
2026,801–1000,Shahid Beheshti University,"23,882",19.0,2%,60 : 40,
2026,801–1000,Shahrekord University of Medical Sciences,"3,423",11.4,2%,58 : 42,
2026,801–1000,Shahroud University of Medical Sciences,"1,709",11.4,0%,34 : 66,
2026,801–1000,Sheffield Hallam University,"29,535",19.0,23%,55 : 45,
2026,801–1000,Shiraz University,"14,298",19.7,3%,55 : 45,
2026,801–1000,Shri Mata Vaishno Devi University,"2,983",20.7,0%,38 : 62,
2026,801–1000,Siberian Federal University,"8,610",19.0,13%,47 : 53,
2026,801–1000,Siksha ‘O’ Anusandhan,"11,466",9.4,3%,58 : 42,
2026,801–1000,Sogang University,"10,317",25.0,18%,46 : 54,
2026,801–1000,Southern Illinois University Carbondale,"9,238",13.7,7%,53 : 47,
2026,801–1000,Southwest Jiaotong University,"49,014",15.4,1%,33 : 67,
2026,801–1000,SR University,"6,010",15.9,1%,50 : 50,
2026,801–1000,The Catholic University of America,"3,614",10.8,6%,54 : 46,
2026,801–1000,The Islamia University of Bahawalpur,"53,834",40.7,0%,47 : 53,
2026,801–1000,The Open University,"70,690",22.7,9%,67 : 33,
2026,801–1000,The University of Alabama,"35,682",20.6,3%,57 : 43,
2026,801–1000,The University of Notre Dame Australia,"7,652",14.9,5%,72 : 28,
2026,801–1000,Tomsk Polytechnic University,"9,179",11.0,35%,33 : 67,
2026,801–1000,Universidade Federal de São Paulo (UNIFESP),"20,218",11.8,1%,60 : 40,
2026,801–1000,Universitat Ramon Llull,"16,683",22.0,24%,53 : 47,
2026,801–1000,Université de Bretagne Occidentale,"22,138",24.8,12%,59 : 41,
2026,801–1000,University of Alcalá,"16,459",10.1,22%,67 : 33,
2026,801–1000,University of Cape Coast,"36,491",40.0,0%,40 : 60,
2026,801–1000,University of Central Punjab,"16,612",25.4,0%,36 : 64,
2026,801–1000,University of Córdoba,"17,571",11.8,11%,59 : 41,
2026,801–1000,University of Debrecen,"20,923",12.2,25%,56 : 44,
2026,801–1000,University of Dhaka,"35,843",18.6,0%,44 : 56,
2026,801–1000,"University of Engineering and Technology, Taxila","5,282",19.9,2%,22 : 78,
2026,801–1000,University of Foggia,"9,947",34.9,1%,66 : 34,
2026,801–1000,University of Gujrat,"18,353",26.7,1%,67 : 33,
2026,801–1000,University of Hagen,"22,592",226.1,11%,56 : 44,
2026,801–1000,University of Ibadan,"36,851",17.6,0%,50 : 50,
2026,801–1000,University of Indonesia,"42,674",8.3,17%,73 : 27,
2026,801–1000,University of Jaén,"13,280",13.9,10%,58 : 42,
2026,801–1000,University of Lagos,"36,484",22.4,0%,51 : 49,
2026,801–1000,University of Ljubljana,"37,509",12.8,9%,60 : 40,
2026,801–1000,University of Lleida,"9,739",17.0,9%,59 : 41,
2026,801–1000,University of Malakand,"8,902",27.1,1%,28 : 72,
2026,801–1000,University of Malta,"9,650",11.8,18%,61 : 39,
2026,801–1000,University of Management and Technology,"22,028",17.2,2%,49 : 51,
2026,801–1000,University of Medicine and Pharmacy Carol Davila,"12,809",9.2,17%,68 : 32,
2026,801–1000,University of Namur,"6,480",20.0,17%,58 : 42,
2026,801–1000,University of Nova Gorica,448,3.0,61%,48 : 52,
2026,801–1000,University of Patras,"28,311",27.5,6%,51 : 49,
2026,801–1000,University of Petra,"5,154",17.3,18%,54 : 46,
2026,801–1000,University of Regina,"14,331",22.9,34%,60 : 40,
2026,801–1000,University of Rhode Island,"15,859",17.4,3%,58 : 42,
2026,801–1000,University of Roehampton,"11,170",30.2,61%,57 : 43,
2026,801–1000,University of Rome III,"36,386",48.1,6%,61 : 39,
2026,801–1000,University of Salamanca,"25,749",14.6,16%,61 : 39,
2026,801–1000,University of Salento,"14,502",23.5,3%,62 : 38,
2026,801–1000,University of Salford,"22,475",20.9,30%,56 : 44,
2026,801–1000,University of Seville,"60,471",19.0,12%,57 : 43,
2026,801–1000,University of the Balearic Islands,"12,091",9.2,8%,58 : 42,
2026,801–1000,University of the Punjab,"28,679",21.6,1%,62 : 38,
2026,801–1000,University of Tunis El Manar,"16,341",8.1,10%,75 : 25,
2026,801–1000,University of Vic – Central University of Catalonia,"7,881",12.7,17%,61 : 39,
2026,801–1000,University of Vigo,"17,290",14.6,7%,51 : 49,
2026,801–1000,University of Westminster,"19,530",20.0,51%,59 : 41,
2026,801–1000,University of Wolverhampton,"13,835",17.9,28%,64 : 36,
2026,801–1000,University of Wyoming,"9,462",13.3,5%,53 : 47,
2026,801–1000,Ural Federal University,"29,855",15.7,15%,52 : 48,
2026,801–1000,Urmia University,"13,411",27.3,13%,49 : 51,
2026,801–1000,Vilnius University,"19,929",11.7,12%,65 : 35,
2026,801–1000,Wakayama Medical University,"1,917",4.4,0%,46 : 54,
2026,801–1000,Waseda University,"44,876",14.2,12%,39 : 61,
2026,801–1000,Wenzhou University,"25,175",19.6,2%,51 : 49,
2026,801–1000,William & Mary,"8,786",11.8,6%,58 : 42,
2026,801–1000,Zahedan University of Medical Sciences,"4,274",10.6,1%,55 : 45,
2026,801–1000,Zanjan University of Medical Sciences,"5,887",11.1,3%,55 : 45,
2026,801–1000,Zhejiang Gongshang University,"19,572",13.2,4%,58 : 42,
2026,1001–1200,"Adam Mickiewicz University, Poznań","30,005",23.1,7%,68 : 32,
2026,1001–1200,AGH University of Krakow,"17,827",10.2,4%,33 : 67,
2026,1001–1200,Al-Balqa Applied University,"24,503",23.7,3%,58 : 42,
2026,1001–1200,Anadolu University,"27,577",21.0,6%,53 : 47,
2026,1001–1200,Anhui University,"41,446",17.4,1%,,
2026,1001–1200,"Arab Academy for Science, Technology and Maritime Transport","32,274",10.6,14%,48 : 52,
2026,1001–1200,Ardabil University of Medical Sciences,"3,986",12.1,1%,53 : 47,
2026,1001–1200,Aswan University,"32,185",31.6,0%,50 : 50,
2026,1001–1200,Ateneo de Manila University,"14,540",10.1,1%,56 : 44,
2026,1001–1200,Athens University of Economics and Business,"9,211",44.7,5%,46 : 54,
2026,1001–1200,Bahria University,"23,030",20.0,1%,48 : 52,
2026,1001–1200,Bangladesh Agricultural University (BAU),"7,855",13.3,1%,45 : 55,
2026,1001–1200,Bangladesh University of Engineering and Technology,"5,814",11.3,0%,22 : 78,
2026,1001–1200,Bartin University,"10,537",21.8,14%,49 : 51,
2026,1001–1200,Bayero University,"29,362",16.9,0%,44 : 56,
2026,1001–1200,Beni-Suef University,"82,628",44.9,1%,48 : 52,
2026,1001–1200,Birla Institute of Technology,"5,296",16.7,0%,25 : 75,
2026,1001–1200,BRAC University,"17,235",21.2,1%,45 : 55,
2026,1001–1200,Cardiff Metropolitan University,"11,975",19.5,29%,52 : 48,
2026,1001–1200,Central Michigan University,"13,765",19.8,10%,59 : 41,
2026,1001–1200,Central University of Haryana,"4,612",19.8,0%,44 : 56,
2026,1001–1200,Central University of Jammu,"1,086",4.8,0%,45 : 55,
2026,1001–1200,Chang’an University,"40,205",10.3,5%,31 : 69,
2026,1001–1200,Changsha University of Science and Technology,"41,350",17.4,1%,35 : 65,
2026,1001–1200,Chiang Mai University,"35,691",13.9,4%,61 : 39,
2026,1001–1200,Chiba University,"13,630",8.6,5%,38 : 62,
2026,1001–1200,China Pharmaceutical University,"19,664",16.7,2%,63 : 37,
2026,1001–1200,Chungbuk National University,"11,274",13.3,11%,43 : 57,
2026,1001–1200,Chungnam National University,"20,792",20.2,3%,47 : 53,
2026,1001–1200,Clarkson University,"3,546",13.2,13%,35 : 65,
2026,1001–1200,Cochin University of Science and Technology,"4,378",14.7,2%,57 : 43,
2026,1001–1200,Covenant University,"9,690",22.2,0%,39 : 61,
2026,1001–1200,CY Cergy Paris University,"16,674",16.0,27%,50 : 50,
2026,1001–1200,Damietta University,"37,333",32.3,1%,62 : 38,
2026,1001–1200,Datta Meghe Institute of Higher Education & Research (Deemed to be University),"9,257",13.4,3%,61 : 39,
2026,1001–1200,Delta University for Science and Technology,"11,762",18.2,1%,46 : 54,
2026,1001–1200,Dr B.R. Ambedkar National Institute of Technology Jalandhar,"5,637",20.5,0%,25 : 75,
2026,1001–1200,Edge Hill University,"11,925",15.7,9%,71 : 29,
2026,1001–1200,European University of Madrid,"15,141",8.2,38%,51 : 49,
2026,1001–1200,Financial University under the Government of the Russian Federation,"16,514",13.7,13%,57 : 43,
2026,1001–1200,Firat University,"30,050",26.0,9%,49 : 51,
2026,1001–1200,Florida Agricultural and Mechanical University,"8,805",13.2,1%,67 : 33,
2026,1001–1200,Florida Institute of Technology,"6,456",18.3,21%,48 : 52,
2026,1001–1200,Fujian Agriculture and Forestry University,"34,200",14.1,1%,52 : 48,
2026,1001–1200,Fujita Health University,"3,025",3.4,2%,60 : 40,
2026,1001–1200,Gdańsk University of Technology,"14,684",20.3,7%,39 : 61,
2026,1001–1200,GLA University,"15,294",16.6,0%,27 : 73,
2026,1001–1200,Gonabad University of Medical Sciences,"1,937",14.3,3%,58 : 42,
2026,1001–1200,Hamadan University of Medical Sciences (UMSHA),"7,882",14.8,6%,56 : 44,
2026,1001–1200,Hamamatsu University School of Medicine,"1,205",3.9,3%,47 : 53,
2026,1001–1200,Hangzhou Normal University,"32,552",16.8,1%,,
2026,1001–1200,Hazara University Mansehra,"12,789",24.6,0%,45 : 55,
2026,1001–1200,Imam Khomeini International University,"9,129",25.4,12%,55 : 45,
2026,1001–1200,Indian Institute of Technology Gandhinagar,"2,360",14.8,1%,29 : 71,
2026,1001–1200,Indian Institute of Technology Mandi,"2,684",14.8,1%,25 : 75,
2026,1001–1200,Indian Institute of Technology Ropar,"2,955",16.7,1%,24 : 76,
2026,1001–1200,Indraprastha Institute of Information Technology Delhi,"3,033",16.5,6%,18 : 82,
2026,1001–1200,Institute for Advanced Studies in Basic Sciences (IASBS),"1,053",9.4,5%,57 : 43,
2026,1001–1200,Institute of Space Technology,"2,193",10.1,0%,34 : 66,
2026,1001–1200,Islamic University of Madinah,"17,328",24.6,77%,2 : 98,
2026,1001–1200,Istanbul Gelisim University,"38,924",37.8,17%,46 : 54,
2026,1001–1200,İstinye University,"9,114",24.1,19%,62 : 38,
2026,1001–1200,ITMO University,"14,352",17.8,17%,32 : 68,
2026,1001–1200,Izmir Institute of Technology,"4,000",14.2,4%,47 : 53,
2026,1001–1200,Jadavpur University,"12,547",19.0,0%,32 : 68,
2026,1001–1200,Jashore University of Science and Technology,"4,510",14.7,0%,33 : 67,
2026,1001–1200,Jaume I University,"12,039",14.3,11%,58 : 42,
2026,1001–1200,Jawaharlal Nehru Technological University Anantapur (JNTUA),"5,743",17.9,0%,39 : 61,
2026,1001–1200,Jaypee University of Information Technology,"1,938",19.0,1%,32 : 68,
2026,1001–1200,Jiangsu University of Science and Technology,"29,068",16.0,3%,,
2026,1001–1200,Kalasalingam Academy of Research and Education,"6,792",4.4,9%,51 : 49,
2026,1001–1200,Kanazawa University,"10,216",9.9,6%,36 : 64,
2026,1001–1200,Kaunas University of Technology,"7,308",13.0,11%,34 : 66,
2026,1001–1200,Khulna University of Engineering and Technology (KUET),"7,985",17.8,0%,32 : 68,
2026,1001–1200,Kore University of Enna,"6,035",16.8,1%,72 : 28,
2026,1001–1200,Kumamoto University,"9,401",9.5,6%,39 : 61,
2026,1001–1200,Kyoto Prefectural University of Medicine,"1,355",3.1,1%,47 : 53,
2026,1001–1200,Lakehead University,"8,464",25.6,22%,58 : 42,
2026,1001–1200,Landmark University,"3,426",13.0,1%,33 : 67,
2026,1001–1200,Lithuanian University of Health Sciences,"6,326",8.6,28%,81 : 19,
2026,1001–1200,Mae Fah Luang University,"15,574",19.4,10%,70 : 30,
2026,1001–1200,"Maulana Abul Kalam Azad University of Technology, West Bengal","3,108",17.2,0%,39 : 61,
2026,1001–1200,Medical University of Gdańsk,"6,729",5.3,12%,74 : 26,
2026,1001–1200,Medical University of Warsaw,"10,277",6.4,10%,73 : 27,
2026,1001–1200,Ming Chi University of Technology,"4,304",18.0,3%,27 : 73,
2026,1001–1200,Minia University,"72,863",16.5,1%,57 : 43,
2026,1001–1200,Montana State University,"14,162",17.3,2%,48 : 52,
2026,1001–1200,Moscow Technical University of Communications and Informatics,"6,443",24.5,6%,21 : 79,
2026,1001–1200,Multimedia University,"8,957",12.9,17%,45 : 55,
2026,1001–1200,National Central University,"11,391",10.1,7%,37 : 63,
2026,1001–1200,"National Institute of Technology, Raipur","5,465",20.1,0%,24 : 76,
2026,1001–1200,New Valley University,"3,856",8.6,0%,68 : 32,
2026,1001–1200,Nguyen Tat Thanh University,"34,341",24.4,1%,54 : 46,
2026,1001–1200,Nippon Medical School,970,1.0,1%,32 : 68,
2026,1001–1200,Northwest University (China),"26,259",13.2,3%,54 : 46,
2026,1001–1200,Nova Southeastern University,"18,393",16.2,6%,71 : 29,
2026,1001–1200,Novosibirsk State University,"7,300",6.6,23%,,
2026,1001–1200,Okayama University,"13,057",10.3,9%,40 : 60,
2026,1001–1200,O.P. Jindal Global University,"8,674",7.9,1%,50 : 50,
2026,1001–1200,Palacký University Olomouc,"19,564",14.8,13%,68 : 32,
2026,1001–1200,PMAS Arid Agriculture University Rawalpindi,"10,983",36.5,0%,45 : 55,
2026,1001–1200,Pontifical Catholic University of Rio Grande do Sul (PUCRS),"13,166",23.8,1%,52 : 48,
2026,1001–1200,Riga Technical University,"10,472",31.7,33%,35 : 65,
2026,1001–1200,Riphah International University,"26,970",11.9,0%,58 : 42,
2026,1001–1200,San Diego State University,"33,402",25.5,4%,59 : 41,
2026,1001–1200,Sechenov University,"21,906",11.3,23%,65 : 35,
2026,1001–1200,Selçuk University,"29,826",21.4,8%,51 : 49,
2026,1001–1200,Semnan University,"15,754",28.9,6%,53 : 47,
2026,1001–1200,Shanghai Normal University,"30,111",14.1,2%,70 : 30,
2026,1001–1200,Shantou University,"21,935",16.7,1%,48 : 52,
2026,1001–1200,Shaqra University,"20,402",15.5,1%,59 : 41,
2026,1001–1200,Silesian University of Technology,"16,354",11.2,6%,31 : 69,
2026,1001–1200,South Dakota Mines,"2,057",12.5,5%,24 : 76,
2026,1001–1200,SRM Institute of Science and Technology,"53,777",13.1,2%,43 : 57,
2026,1001–1200,Suez University,"18,398",16.9,3%,56 : 44,
2026,1001–1200,Sumy State University,"7,608",13.1,7%,39 : 61,
2026,1001–1200,Taibah University,"45,990",19.5,2%,63 : 37,
2026,1001–1200,Taiz University,"32,637",15.0,1%,36 : 64,
2026,1001–1200,Tallinn University,"3,770",7.9,11%,72 : 28,
2026,1001–1200,Tanta University,"128,933",20.0,1%,54 : 46,
2026,1001–1200,Tashkent State Technical University,"14,012",13.9,1%,18 : 82,
2026,1001–1200,Technical University of Madrid,"39,646",15.7,16%,34 : 66,
2026,1001–1200,Technische Universität Ilmenau,"4,752",17.8,40%,29 : 71,
2026,1001–1200,The Hashemite University,"21,051",23.5,13%,64 : 36,
2026,1001–1200,The New School,"9,536",10.1,38%,75 : 25,
2026,1001–1200,The University of Haripur,"7,331",29.8,1%,40 : 60,
2026,1001–1200,Tishk International University,"4,665",16.1,1%,50 : 50,
2026,1001–1200,Tokyo Medical University,"1,322",3.4,1%,51 : 49,
2026,1001–1200,TU Bergakademie Freiberg,"4,242",10.8,55%,33 : 67,
2026,1001–1200,Universidade Federal de Santa Catarina,"36,229",14.9,3%,50 : 50,
2026,1001–1200,Universidad Peruana Cayetano Heredia,"8,598",15.1,1%,67 : 33,
2026,1001–1200,Universitas Sebelas Maret,"27,604",16.7,3%,65 : 35,
2026,1001–1200,Universitat Internacional de Catalunya,"5,729",4.5,32%,65 : 35,
2026,1001–1200,Université Bourgogne Europe,"33,421",28.3,12%,58 : 42,
2026,1001–1200,Universiti Malaysia Sarawak (UNIMAS),"11,981",15.5,14%,70 : 30,
2026,1001–1200,Universiti Malaysia Terengganu (UMT),"9,037",13.7,11%,69 : 31,
2026,1001–1200,Universiti Sultan Zainal Abidin,"11,380",14.8,7%,66 : 34,
2026,1001–1200,Universiti Tunku Abdul Rahman (UTAR),"15,730",12.9,13%,52 : 48,
2026,1001–1200,University of Algarve,"9,726",15.3,19%,55 : 45,
2026,1001–1200,University of Alicante,"21,841",13.4,9%,59 : 41,
2026,1001–1200,University of Almería,"13,100",16.9,12%,56 : 44,
2026,1001–1200,University of Angers,"25,244",26.0,14%,65 : 35,
2026,1001–1200,University of Bahrain,"22,268",25.2,6%,73 : 27,
2026,1001–1200,University of Bedfordshire,"12,295",25.1,68%,61 : 39,
2026,1001–1200,University of Belgrade,"91,512",18.1,5%,61 : 39,
2026,1001–1200,University of Bisha,"14,581",12.2,2%,63 : 37,
2026,1001–1200,University of Botswana,"18,913",25.1,5%,61 : 39,
2026,1001–1200,University of Bucharest,"31,127",32.1,2%,70 : 30,
2026,1001–1200,University of Camerino (Unicam),"7,780",26.1,13%,51 : 49,
2026,1001–1200,University of Campania Luigi Vanvitelli,"33,016",27.1,2%,55 : 45,
2026,1001–1200,University of Castilla-La Mancha,"25,421",13.5,10%,57 : 43,
2026,1001–1200,University of Chile,"42,010",17.3,3%,49 : 51,
2026,1001–1200,University of Clermont Auvergne,"35,429",19.9,15%,59 : 41,
2026,1001–1200,University of Colombo,"35,859",32.1,1%,61 : 39,
2026,1001–1200,University of East London,"18,135",28.6,57%,49 : 51,
2026,1001–1200,"University of Education, Lahore","29,744",17.4,0%,57 : 43,
2026,1001–1200,"University of Engineering and Technology, Peshawar","7,425",16.6,2%,13 : 87,
2026,1001–1200,University of Ghana,"72,334",46.5,1%,49 : 51,
2026,1001–1200,University of Girona,"14,130",21.4,14%,58 : 42,
2026,1001–1200,University of Gloucestershire,"7,140",15.5,20%,60 : 40,
2026,1001–1200,University of Hafr Al Batin,"13,026",17.0,6%,59 : 41,
2026,1001–1200,University of Hradec Králové,"6,300",12.2,3%,63 : 37,
2026,1001–1200,University of Hyderabad,"5,071",12.7,1%,46 : 54,
2026,1001–1200,University of Kashan,"8,035",23.4,26%,45 : 55,
2026,1001–1200,University of Kurdistan,"10,254",24.9,5%,56 : 44,
2026,1001–1200,University of la Costa,"11,922",28.5,1%,45 : 55,
2026,1001–1200,University of La Laguna,"18,459",12.8,5%,57 : 43,
2026,1001–1200,University of Lancashire,"21,550",15.3,35%,58 : 42,
2026,1001–1200,University of Latvia,"11,634",30.9,9%,67 : 33,
2026,1001–1200,University of Medicine and Pharmacy of Craiova,"4,578",9.3,14%,70 : 30,
2026,1001–1200,University of Memphis,"15,761",14.3,10%,60 : 40,
2026,1001–1200,University of Mohaghegh Ardabili,"15,213",34.4,10%,52 : 48,
2026,1001–1200,University of Murcia,"26,754",15.2,5%,63 : 37,
2026,1001–1200,University of Okara,"19,640",145.5,0%,36 : 64,
2026,1001–1200,University of Oviedo,"18,268",9.0,7%,53 : 47,
2026,1001–1200,University of Pécs,"15,829",15.2,24%,60 : 40,
2026,1001–1200,University of Peshawar,"19,301",34.0,0%,24 : 76,
2026,1001–1200,University of Piraeus,"14,493",58.2,2%,43 : 57,
2026,1001–1200,University of Rajshahi,"19,819",17.8,0%,36 : 64,
2026,1001–1200,University of Sadat City,"36,086",55.3,1%,48 : 52,
2026,1001–1200,University of Sannio,"2,637",12.9,4%,47 : 53,
2026,1001–1200,University of Savoie Mont Blanc,"14,444",24.6,11%,50 : 50,
2026,1001–1200,University of Seoul,"9,555",13.5,7%,44 : 56,
2026,1001–1200,University of South Bohemia in České Budějovice,"9,375",14.0,10%,69 : 31,
2026,1001–1200,University of South Dakota,"6,756",15.3,5%,63 : 37,
2026,1001–1200,University of Sulaimani,"24,212",11.6,0%,61 : 39,
2026,1001–1200,University of Szeged,"21,326",13.2,19%,56 : 44,
2026,1001–1200,University of Tarapacá,"10,738",29.9,3%,54 : 46,
2026,1001–1200,"University of Technology, Iraq","12,215",6.9,0%,47 : 53,
2026,1001–1200,University of Texas at El Paso,"17,147",21.7,6%,55 : 45,
2026,1001–1200,University of the Aegean,"21,442",58.4,2%,55 : 45,
2026,1001–1200,"University of the Andes, Colombia","15,735",14.1,2%,46 : 54,
2026,1001–1200,University of the Free State,"31,599",30.9,2%,64 : 36,
2026,1001–1200,University of the South Pacific,"10,583",32.6,19%,59 : 41,
2026,1001–1200,University of Thessaly,"26,976",28.7,3%,51 : 49,
2026,1001–1200,University of Tours,"29,179",18.1,13%,61 : 39,
2026,1001–1200,University of Zaragoza,"27,923",11.2,8%,54 : 46,
2026,1001–1200,Veltech University,"11,475",15.6,2%,20 : 80,
2026,1001–1200,Yokohama City University,"5,142",5.4,3%,55 : 45,
2026,1001–1200,York St John University,"8,150",20.6,30%,62 : 38,
2026,1001–1200,Zagazig University,"172,762",21.8,3%,52 : 48,
2026,1001–1200,ZHAW Zurich University of Applied Sciences,"11,059",12.0,12%,54 : 46,
2026,1201–1500,Adolfo Ibáñez University,"10,615",20.9,5%,38 : 62,
2026,1201–1500,Ahmadu Bello University,"46,669",16.5,0%,37 : 63,
2026,1201–1500,Aichi Medical University,"1,285",2.8,1%,58 : 42,
2026,1201–1500,Akdeniz University,"39,309",29.4,4%,54 : 46,
2026,1201–1500,Al-Baha University,"17,782",12.7,2%,55 : 45,
2026,1201–1500,Al-Farabi Kazakh National University,"20,321",4.5,26%,61 : 39,
2026,1201–1500,Al-Hussein Bin Talal University,"12,333",33.2,1%,55 : 45,
2026,1201–1500,American International University – Bangladesh,"13,515",21.8,2%,26 : 74,
2026,1201–1500,"Amity University, Gurugram","5,677",14.8,1%,52 : 48,
2026,1201–1500,Ankara University,"46,452",19.7,7%,57 : 43,
2026,1201–1500,Ariel University,"12,587",18.4,1%,50 : 50,
2026,1201–1500,Assiut University,"86,744",13.2,5%,51 : 49,
2026,1201–1500,Austral University,"6,488",10.8,8%,55 : 45,
2026,1201–1500,Autonomous University of Sinaloa,"79,206",17.3,9%,55 : 45,
2026,1201–1500,Azarbaijan Shahid Madani University,"7,326",17.8,9%,57 : 43,
2026,1201–1500,Babeş-Bolyai University,"40,388",18.8,5%,64 : 36,
2026,1201–1500,Banasthali University,"12,751",22.4,2%,99 : 1,
2026,1201–1500,Benha University,"111,190",28.9,1%,46 : 54,
2026,1201–1500,Bharathidasan University,"3,430",20.1,0%,53 : 47,
2026,1201–1500,BINUS University,"15,258",13.9,4%,41 : 59,
2026,1201–1500,Biruni University,"12,510",22.2,17%,70 : 30,
2026,1201–1500,Botswana International University of Science and Technology (BIUST),"2,491",12.2,10%,37 : 63,
2026,1201–1500,Brno University of Technology,"17,555",14.5,26%,28 : 72,
2026,1201–1500,Brock University,"21,118",22.0,19%,57 : 43,
2026,1201–1500,Bu-Ali Sina University,"10,698",24.0,7%,58 : 42,
2026,1201–1500,Budapest University of Technology and Economics,"18,656",16.3,15%,32 : 68,
2026,1201–1500,Canterbury Christ Church University,"23,395",38.4,55%,57 : 43,
2026,1201–1500,Changzhou University,"29,126",17.0,2%,,
2026,1201–1500,Chaoyang University of Technology,"13,390",34.9,6%,55 : 45,
2026,1201–1500,Chaudhary Charan Singh University - Meerut,"3,519",15.0,0%,36 : 64,
2026,1201–1500,Chittagong University of Engineering & Technology,"5,758",17.4,0%,23 : 77,
2026,1201–1500,Chung Yuan Christian University,"14,676",30.2,8%,47 : 53,
2026,1201–1500,Comenius University Bratislava,"22,226",10.4,17%,65 : 35,
2026,1201–1500,Czech Technical University in Prague,"15,476",8.2,21%,31 : 69,
2026,1201–1500,Damanhour University,"52,549",34.5,0%,62 : 38,
2026,1201–1500,Democritus University of Thrace,"23,828",33.9,4%,57 : 43,
2026,1201–1500,Diego Portales University,"18,505",17.1,3%,50 : 50,
2026,1201–1500,DIT University,"5,304",15.8,3%,31 : 69,
2026,1201–1500,"Dr D. Y. Patil Vidyapeeth, Pune","5,568",10.2,2%,62 : 38,
2026,1201–1500,Duzce University,"21,362",32.2,7%,46 : 54,
2026,1201–1500,Ege University,"30,191",13.7,4%,53 : 47,
2026,1201–1500,Erciyes University,"37,763",26.1,9%,50 : 50,
2026,1201–1500,Fayoum University,"52,796",16.3,1%,62 : 38,
2026,1201–1500,Federal University of São Carlos,"20,250",14.2,1%,50 : 50,
2026,1201–1500,"Federal University of Technology, Minna","26,887",23.7,0%,22 : 78,
2026,1201–1500,Fu Jen Catholic University,"19,288",25.9,5%,59 : 41,
2026,1201–1500,Galgotias University,"18,462",14.8,3%,36 : 64,
2026,1201–1500,Gauhati University,"5,733",12.7,0%,60 : 40,
2026,1201–1500,Gazi University,"44,013",19.9,4%,52 : 48,
2026,1201–1500,Gebze Technical University,"8,171",25.3,5%,45 : 55,
2026,1201–1500,Gifu University,"7,064",15.3,4%,38 : 62,
2026,1201–1500,Guru Jambheshwar University of Science and Technology,"7,520",18.9,0%,45 : 55,
2026,1201–1500,Gyeongsang National University,"16,298",12.6,2%,44 : 56,
2026,1201–1500,Hakim Sabzevari University,"11,500",24.4,4%,60 : 40,
2026,1201–1500,Hallym University,"7,676",8.5,4%,,
2026,1201–1500,Hangzhou Dianzi University (HDU),"27,192",15.7,4%,24 : 76,
2026,1201–1500,HES-SO University of Applied Sciences and Arts of Western Switzerland,"17,517",6.0,29%,54 : 46,
2026,1201–1500,Hindustan Institute of Technology and Science,"7,766",10.6,6%,40 : 60,
2026,1201–1500,Hitotsubashi University,"6,105",14.6,14%,33 : 67,
2026,1201–1500,Ho Chi Minh City Open University,"29,906",45.6,0%,64 : 36,
2026,1201–1500,Holy Spirit University of Kaslik,"7,374",13.0,14%,55 : 45,
2026,1201–1500,Hosei University,"28,578",37.4,5%,39 : 61,
2026,1201–1500,Huaqiao University,"35,586",18.0,21%,48 : 52,
2026,1201–1500,Hungarian University of Agriculture and Life Sciences,"9,478",11.0,16%,59 : 41,
2026,1201–1500,Hyogo Medical University,"2,613",4.7,1%,59 : 41,
2026,1201–1500,Ibn Tofaïl University,"60,057",73.1,3%,58 : 42,
2026,1201–1500,Ibn Zohr University,"145,463",130.0,1%,50 : 50,
2026,1201–1500,Icesi University,"5,974",11.9,3%,52 : 48,
2026,1201–1500,IFHE Hyderabad,"8,438",18.7,0%,42 : 58,
2026,1201–1500,I. Horbachevsky Ternopil National Medical University,"5,206",8.0,18%,71 : 29,
2026,1201–1500,Ilam University,"4,588",19.0,10%,49 : 51,
2026,1201–1500,Ilia State University,"16,579",12.2,5%,61 : 39,
2026,1201–1500,Immanuel Kant Baltic Federal University,"6,711",16.3,19%,58 : 42,
2026,1201–1500,Incheon National University,"17,160",21.2,3%,39 : 61,
2026,1201–1500,Indian Institute of Science Education and Research Bhopal,"2,194",14.2,0%,39 : 61,
2026,1201–1500,"Indian Institute of Science Education and Research, Pune","1,816",11.9,0%,32 : 68,
2026,1201–1500,Inönü University,"26,262",29.7,3%,52 : 48,
2026,1201–1500,Institut Teknologi Bandung,"28,425",19.4,6%,44 : 56,
2026,1201–1500,I-Shou University,"10,364",26.8,15%,50 : 50,
2026,1201–1500,Istanbul Medeniyet University,"14,298",15.2,3%,52 : 48,
2026,1201–1500,Istanbul University,"55,489",22.0,8%,56 : 44,
2026,1201–1500,Istanbul University-Cerrahpaşa,"23,338",18.0,6%,52 : 48,
2026,1201–1500,Iuliu Haţieganu University of Medicine and Pharmacy Cluj-Napoca,"8,247",8.7,37%,68 : 32,
2026,1201–1500,Jeju National University,"10,335",15.0,4%,53 : 47,
2026,1201–1500,Jiangxi Normal University (JXNU),"35,356",20.5,0%,67 : 33,
2026,1201–1500,Kangwon National University,"20,621",20.1,3%,42 : 58,
2026,1201–1500,Kansai Medical University,"1,545",2.9,2%,57 : 43,
2026,1201–1500,Karunya Institute of Technology and Sciences,"7,715",15.2,0%,37 : 63,
2026,1201–1500,Kashan University of Medical Sciences and Health Services,"3,416",0.7,4%,57 : 43,
2026,1201–1500,Kharazmi University,"12,192",16.3,3%,55 : 45,
2026,1201–1500,Khon Kaen University,"32,602",16.3,2%,61 : 39,
2026,1201–1500,Khulna University,"8,131",13.9,0%,45 : 55,
2026,1201–1500,Kindai University,"34,923",23.2,2%,32 : 68,
2026,1201–1500,King Mongkut's University of Technology North Bangkok,"27,960",22.6,1%,40 : 60,
2026,1201–1500,Kohat University of Science and Technology,"10,175",45.4,0%,25 : 75,
2026,1201–1500,Kookmin University,"15,777",18.5,13%,49 : 51,
2026,1201–1500,Kurume University,"4,659",8.1,1%,,
2026,1201–1500,Kuwait University,"29,943",18.3,13%,73 : 27,
2026,1201–1500,Kwame Nkrumah University of Science and Technology,"76,838",46.8,1%,39 : 61,
2026,1201–1500,Kyushu Institute of Technology (Kyutech),"5,616",16.1,4%,14 : 86,
2026,1201–1500,Lahore College for Women University (LCWU),"10,137",21.0,0%,100 : 0,
2026,1201–1500,Lebanese University,"44,105",13.6,18%,55 : 45,
2026,1201–1500,Lorestan University,"9,397",23.7,7%,46 : 54,
2026,1201–1500,Madan Mohan Malaviya University of Technology,"3,276",11.1,0%,44 : 56,
2026,1201–1500,Maharishi Markandeshwar University (MMU),"11,662",12.5,6%,43 : 57,
2026,1201–1500,Manipal University Jaipur,"12,438",14.0,5%,46 : 54,
2026,1201–1500,Mawlana Bhashani Science and Technology University,"4,644",17.1,0%,41 : 59,
2026,1201–1500,Medical University of Bialystok,"5,930",12.5,8%,77 : 23,
2026,1201–1500,Medical University of Lublin,"6,902",5.9,13%,73 : 27,
2026,1201–1500,Medical University of Silesia in Katowice,"10,184",6.9,5%,74 : 26,
2026,1201–1500,"Mehran University of Engineering and Technology, Jamshoro, Pakistan","8,176",18.4,0%,25 : 75,
2026,1201–1500,Mendel University in Brno,"9,185",16.2,17%,54 : 46,
2026,1201–1500,Menoufia University,"129,699",26.1,1%,45 : 55,
2026,1201–1500,Miguel Hernández University of Elche,"11,551",15.2,11%,52 : 48,
2026,1201–1500,M. Kumarasamy College of Engineering,"4,228",17.8,0%,47 : 53,
2026,1201–1500,"MNS University of Agriculture, Multan","4,477",22.5,0%,28 : 72,
2026,1201–1500,Mohammed V University of Rabat,"82,902",37.8,4%,55 : 45,
2026,1201–1500,Mutah University,"15,579",21.6,13%,53 : 47,
2026,1201–1500,Nagasaki University,"8,747",6.7,5%,39 : 61,
2026,1201–1500,Nagoya City University,"4,602",5.8,4%,54 : 46,
2026,1201–1500,National Chengchi University,"13,230",15.7,16%,57 : 43,
2026,1201–1500,National Chung Cheng University,"9,183",14.8,4%,46 : 54,
2026,1201–1500,National Chung Hsing University,"16,156",13.0,9%,43 : 57,
2026,1201–1500,National Dong Hwa University,"10,094",18.4,10%,54 : 46,
2026,1201–1500,National Institute of Technology Delhi,"1,329",13.8,3%,49 : 51,
2026,1201–1500,National Institute of Technology Meghalaya,"1,020",13.2,3%,20 : 80,
2026,1201–1500,National Institute of Technology Srinagar,"3,598",13.3,0%,23 : 77,
2026,1201–1500,National Institute of Technology Warangal,"6,938",16.5,5%,21 : 79,
2026,1201–1500,National Kaohsiung University of Science and Technology,"28,069",32.6,2%,36 : 64,
2026,1201–1500,National Taipei University of Technology,"10,608",12.4,5%,29 : 71,
2026,1201–1500,National Taiwan Ocean University,"8,418",16.1,8%,32 : 68,
2026,1201–1500,National Textile University,"3,839",17.5,0%,30 : 70,
2026,1201–1500,National University of Computer and Emerging Sciences,"17,199",22.4,2%,26 : 74,
2026,1201–1500,National University of Distance Education (UNED),"64,730",50.0,4%,58 : 42,
2026,1201–1500,National University of Uzbekistan named after Mirzo Ulugbek,"19,704",19.3,4%,48 : 52,
2026,1201–1500,Necmettin Erbakan University,"18,947",12.0,13%,52 : 48,
2026,1201–1500,Nelson Mandela University,"24,272",34.8,2%,60 : 40,
2026,1201–1500,Netaji Subhas University of Technology,"8,856",15.5,2%,22 : 78,
2026,1201–1500,Nicolaus Copernicus University in Toruń,"17,163",11.1,6%,67 : 33,
2026,1201–1500,Niigata University,"11,826",7.1,3%,37 : 63,
2026,1201–1500,Nitte (Deemed to be University),"5,020",8.9,2%,67 : 33,
2026,1201–1500,Noakhali Science and Technology University (NSTU),"9,184",22.2,0%,44 : 56,
2026,1201–1500,Oakland University,"12,914",15.8,4%,58 : 42,
2026,1201–1500,October 6 University,"28,613",15.3,7%,53 : 47,
2026,1201–1500,Opole University of Technology,"4,752",14.6,9%,30 : 70,
2026,1201–1500,Osaka Metropolitan University,"15,703",8.7,4%,37 : 63,
2026,1201–1500,Osmania University,"10,493",25.3,2%,48 : 52,
2026,1201–1500,Pavol Jozef Šafárik University in Košice,"6,854",9.1,25%,67 : 33,
2026,1201–1500,Persian Gulf University,"4,978",21.2,7%,57 : 43,
2026,1201–1500,Pondicherry University,"9,378",20.3,0%,46 : 54,
2026,1201–1500,Pontifícia Universidade Católica do Paraná,"11,606",12.7,1%,54 : 46,
2026,1201–1500,Port Said University,"31,634",33.5,1%,55 : 45,
2026,1201–1500,Poznań University of Life Sciences,"5,626",7.7,8%,59 : 41,
2026,1201–1500,Poznan University of Medical Sciences,"7,512",5.7,10%,73 : 27,
2026,1201–1500,Prince of Songkla University,"33,623",13.1,2%,68 : 32,
2026,1201–1500,Public University of Navarre,"8,824",11.4,9%,52 : 48,
2026,1201–1500,Pukyong National University,"16,710",18.1,8%,47 : 53,
2026,1201–1500,Reshetnev Siberian State University of Science and Technology,"9,412",11.3,4%,34 : 66,
2026,1201–1500,Riga Stradiņš University,"8,229",24.6,35%,75 : 25,
2026,1201–1500,Rowan University,"17,484",13.3,6%,50 : 50,
2026,1201–1500,Sahand University of Technology,"6,325",28.6,12%,43 : 57,
2026,1201–1500,Sakarya University,"41,615",36.6,9%,52 : 48,
2026,1201–1500,Salahaddin University–Erbil,"26,525",10.5,1%,54 : 46,
2026,1201–1500,Sapporo Medical University,"1,307",3.3,0%,45 : 55,
2026,1201–1500,SASTRA University,"11,847",13.9,0%,51 : 49,
2026,1201–1500,Sathyabama Institute of Science and Technology,"17,560",12.5,4%,49 : 51,
2026,1201–1500,Saudi Electronic University,"32,325",36.4,8%,46 : 54,
2026,1201–1500,Sefako Makgatho Health Sciences University,"5,570",7.1,2%,65 : 35,
2026,1201–1500,Seoul National University of Science and Technology (SeoulTech),"8,106",11.8,13%,38 : 62,
2026,1201–1500,Shahid Bahonar University of Kerman,"13,683",22.7,2%,60 : 40,
2026,1201–1500,​Shahid Chamran University of Ahvaz,"13,351",22.4,2%,57 : 43,
2026,1201–1500,Shahrekord University,"7,567",20.1,4%,53 : 47,
2026,1201–1500,Shahrood University of Technology,"9,421",21.8,5%,46 : 54,
2026,1201–1500,Shiga University of Medical Science,"1,136",3.0,4%,52 : 48,
2026,1201–1500,Shinshu University,"10,657",10.6,3%,33 : 67,
2026,1201–1500,"Shivaji University, Kolhapur","6,263",15.4,0%,43 : 57,
2026,1201–1500,Shiv Nadar University,"2,290",9.2,2%,43 : 57,
2026,1201–1500,Sidi Mohamed Ben Abdellah University,"100,319",44.4,2%,54 : 46,
2026,1201–1500,Slovak University of Agriculture in Nitra,"4,478",12.5,5%,54 : 46,
2026,1201–1500,Sohag University,"67,926",22.2,1%,58 : 42,
2026,1201–1500,Soonchunhyang University,"8,983",19.4,6%,50 : 50,
2026,1201–1500,South Valley University  (Egypt),"65,017",29.3,0%,56 : 44,
2026,1201–1500,St Francis Xavier University,"4,575",17.9,7%,62 : 38,
2026,1201–1500,Suez Canal University,"51,841",14.4,2%,45 : 55,
2026,1201–1500,Süleyman Demirel University,"32,526",28.9,5%,52 : 48,
2026,1201–1500,Suranaree University of Technology,"14,931",27.9,1%,53 : 47,
2026,1201–1500,SWPS University,"14,605",31.5,7%,77 : 23,
2026,1201–1500,Technological University Dublin,"19,364",17.0,22%,43 : 57,
2026,1201–1500,Texas State University,"31,552",19.7,2%,61 : 39,
2026,1201–1500,Tezpur University,"4,573",13.0,0%,45 : 55,
2026,1201–1500,Thammasat University,"39,733",14.8,1%,64 : 36,
2026,1201–1500,The British University in Egypt,"11,180",21.8,4%,51 : 49,
2026,1201–1500,The Jikei University School of Medicine,"1,077",0.8,1%,52 : 48,
2026,1201–1500,The John Paul II Catholic University of Lublin,"8,436",8.4,9%,65 : 35,
2026,1201–1500,The University of Electro-Communications,"4,621",14.6,5%,12 : 88,
2026,1201–1500,The University of the West Indies,"22,060",15.6,1%,71 : 29,
2026,1201–1500,Tianjin Normal University,"23,254",14.3,6%,,
2026,1201–1500,TOBB University of Economics and Technology,"5,255",13.4,1%,47 : 53,
2026,1201–1500,Tokai University,"28,774",16.6,5%,29 : 71,
2026,1201–1500,Tokushima University,"7,395",9.5,2%,36 : 64,
2026,1201–1500,Tokyo University of Agriculture and Technology,"5,923",14.2,7%,36 : 64,
2026,1201–1500,Tokyo University of Science,"18,002",24.1,4%,25 : 75,
2026,1201–1500,Tomas Bata University in Zlín,"8,964",18.4,12%,56 : 44,
2026,1201–1500,Toyohashi University of Technology (TUT),"1,998",10.2,13%,14 : 86,
2026,1201–1500,Tzu Chi University,"3,102",9.2,7%,61 : 39,
2026,1201–1500,Universidad Católica San Antonio de Murcia (UCAM),"12,966",20.1,18%,56 : 44,
2026,1201–1500,Universidad del Desarrollo,"17,491",17.7,4%,57 : 43,
2026,1201–1500,Universidade Eduardo Mondlane,"41,967",24.9,1%,44 : 56,
2026,1201–1500,Universidade Federal de Pernambuco,"36,048",13.2,0%,52 : 48,
2026,1201–1500,Universidade Federal do Paraná (UFPR),"33,204",12.2,8%,50 : 50,
2026,1201–1500,Universidad San Francisco de Quito,"8,153",9.0,4%,50 : 50,
2026,1201–1500,Universitas Airlangga,"32,097",7.2,8%,66 : 34,
2026,1201–1500,Universitas Gadjah Mada,"40,174",8.1,5%,58 : 42,
2026,1201–1500,Universitas Muhammadiyah Surakarta,"21,386",16.3,0%,59 : 41,
2026,1201–1500,Universitas Padjadjaran,"32,501",7.6,5%,61 : 39,
2026,1201–1500,Université de Poitiers,"28,005",17.7,13%,59 : 41,
2026,1201–1500,Université Djillali Liabès de Sidi Bel-Abbès,"29,211",17.9,1%,55 : 45,
2026,1201–1500,Université d’Orléans,"18,607",19.8,15%,50 : 50,
2026,1201–1500,University of A Coruña,"15,460",12.6,6%,52 : 48,
2026,1201–1500,University of Anbar,"27,797",11.1,1%,57 : 43,
2026,1201–1500,University of Antioquia,"37,677",18.4,0%,52 : 48,
2026,1201–1500,University of Brasília,"43,678",14.4,1%,53 : 47,
2026,1201–1500,University of Burgos,"8,300",14.2,5%,56 : 44,
2026,1201–1500,University of Cadiz,"18,319",15.7,10%,61 : 39,
2026,1201–1500,"University of Chemistry and Technology, Prague","4,505",8.8,29%,57 : 43,
2026,1201–1500,University of Chittagong,"26,397",24.0,0%,41 : 59,
2026,1201–1500,University of Colima,"14,655",6.5,0%,52 : 48,
2026,1201–1500,University of Concepción,"29,870",17.0,2%,52 : 48,
2026,1201–1500,University of Deusto,"10,138",18.7,11%,56 : 44,
2026,1201–1500,University of Duhok,"20,093",10.0,1%,53 : 47,
2026,1201–1500,University of El Oued,"22,276",19.9,0%,62 : 38,
2026,1201–1500,University of Engineering & Technology (UET) Lahore,"13,860",13.5,2%,33 : 67,
2026,1201–1500,University of Évora,"8,196",14.0,17%,58 : 42,
2026,1201–1500,University of Guilan,"17,021",31.2,1%,58 : 42,
2026,1201–1500,"University of Health Sciences, Turkey","24,562",6.1,11%,51 : 49,
2026,1201–1500,University of Ilorin,"48,498",34.3,0%,50 : 50,
2026,1201–1500,University of Ioannina,"33,322",38.1,3%,54 : 46,
2026,1201–1500,University of Isfahan,"17,094",22.6,5%,58 : 42,
2026,1201–1500,University of Jeddah,"30,321",16.0,2%,67 : 33,
2026,1201–1500,University of Jendouba,"12,953",21.4,0%,71 : 29,
2026,1201–1500,University of Jos,"37,605",23.6,0%,47 : 53,
2026,1201–1500,University of Kerala,"3,615",12.2,5%,71 : 29,
2026,1201–1500,University of La Frontera,"11,481",20.2,1%,50 : 50,
2026,1201–1500,University of La Serena,"7,657",22.4,1%,50 : 50,
2026,1201–1500,University of Las Palmas de Gran Canaria,"16,681",18.2,8%,57 : 43,
2026,1201–1500,University of León,"9,699",10.9,5%,54 : 46,
2026,1201–1500,University of Malaga,"36,545",13.6,6%,54 : 46,
2026,1201–1500,University of Manouba,"17,341",14.4,2%,58 : 42,
2026,1201–1500,University of Maragheh,"3,719",24.5,9%,59 : 41,
2026,1201–1500,University of Maribor,"13,082",13.9,14%,55 : 45,
2026,1201–1500,University of Mauritius,"9,108",26.0,7%,58 : 42,
2026,1201–1500,University of Mazandaran,"11,383",24.1,3%,64 : 36,
2026,1201–1500,University of Nebraska Omaha,"13,614",17.1,5%,57 : 43,
2026,1201–1500,University of Nigeria Nsukka,"45,307",11.1,1%,46 : 54,
2026,1201–1500,University of Northern British Columbia (UNBC),"3,008",15.3,15%,62 : 38,
2026,1201–1500,"University of Occupational and Environmental Health, Japan","1,145",2.4,1%,53 : 47,
2026,1201–1500,University of Peradeniya,"20,419",26.2,0%,60 : 40,
2026,1201–1500,University of Reims Champagne-Ardenne,"25,691",18.5,11%,58 : 42,
2026,1201–1500,University of Rouen Normandie,"31,367",23.8,14%,61 : 39,
2026,1201–1500,University of Sargodha,"22,199",29.4,0%,59 : 41,
2026,1201–1500,University of Sfax,"33,852",9.7,4%,65 : 35,
2026,1201–1500,University of Social Welfare and Rehabilitation Sciences,"1,538",8.8,2%,79 : 21,
2026,1201–1500,University of South Africa,"207,954",84.5,2%,75 : 25,
2026,1201–1500,University of South Wales,"17,530",16.7,31%,52 : 48,
2026,1201–1500,University of Split,"18,811",15.0,3%,59 : 41,
2026,1201–1500,University of Staffordshire,"15,275",23.0,22%,49 : 51,
2026,1201–1500,University of Technology of Compiègne,"4,377",16.0,18%,42 : 58,
2026,1201–1500,University of the Philippines,"54,405",10.7,0%,57 : 43,
2026,1201–1500,University of Trás-os-Montes and Alto Douro,"8,611",14.4,9%,53 : 47,
2026,1201–1500,University of Tripoli,"71,060",18.9,2%,63 : 37,
2026,1201–1500,University of Urbino Carlo Bo,"15,123",38.0,6%,65 : 35,
2026,1201–1500,University of Valladolid,"21,685",12.1,8%,57 : 43,
2026,1201–1500,University of West London,"16,885",21.9,61%,53 : 47,
2026,1201–1500,University of Winchester,"7,060",16.0,12%,66 : 34,
2026,1201–1500,University of Wrocław,"16,900",15.3,8%,66 : 34,
2026,1201–1500,University of Zagreb,"62,046",15.8,4%,61 : 39,
2026,1201–1500,University of Žilina,"7,418",15.1,7%,33 : 67,
2026,1201–1500,University Rey Juan Carlos,"39,309",17.3,6%,57 : 43,
2026,1201–1500,Urmia University of Technology,"3,145",24.8,14%,29 : 71,
2026,1201–1500,USAMV Cluj-Napoca,"5,453",16.7,6%,54 : 46,
2026,1201–1500,"Vietnam National University, Hanoi","67,238",18.9,0%,61 : 39,
2026,1201–1500,"Visvesvaraya National Institute of Technology, Nagpur","4,762",16.5,2%,23 : 77,
2026,1201–1500,VSB - Technical University of Ostrava,"12,121",16.2,15%,33 : 67,
2026,1201–1500,Vytautas Magnus University,"8,381",10.6,19%,71 : 29,
2026,1201–1500,Walailak University,"10,993",15.2,2%,71 : 29,
2026,1201–1500,Warsaw University of Technology,"21,694",10.3,8%,31 : 69,
2026,1201–1500,Wilfrid Laurier University,"20,600",25.8,10%,,
2026,1201–1500,Woosong University,"10,350",15.4,21%,44 : 56,
2026,1201–1500,Wrocław University of Science and Technology,"21,125",17.2,6%,33 : 67,
2026,1201–1500,Wuhan Textile University,"24,241",15.2,2%,50 : 50,
2026,1201–1500,Xiangtan University,"38,768",20.0,0%,49 : 51,
2026,1201–1500,Yanshan University,"38,505",12.6,1%,35 : 65,
2026,1201–1500,Yaşar University,"5,975",10.8,3%,51 : 49,
2026,1201–1500,Yazd University,"13,519",29.7,3%,58 : 42,
2026,1201–1500,Yokohama National University,"9,459",13.2,8%,28 : 72,
2026,1201–1500,Zewail City of Science and Technology,"1,238",5.3,0%,43 : 57,
2026,1201–1500,Zhejiang Chinese Medical University,"24,976",26.2,5%,63 : 37,
2026,1201–1500,Zhejiang University of Finance and Economics,"20,962",21.4,2%,61 : 39,
2026,1501+,Abdelmalek Essaâdi University,"118,761",84.4,1%,53 : 47,
2026,1501+,Acharya Nagarjuna University,"6,220",7.6,7%,32 : 68,
2026,1501+,Acıbadem University,"3,501",7.6,8%,73 : 27,
2026,1501+,Adana Alparslan Türkeş Science and Technology University,"4,769",19.2,0%,43 : 57,
2026,1501+,Adelphi University,"6,884",11.7,7%,70 : 30,
2026,1501+,Adıyaman University,"18,054",21.3,3%,33 : 67,
2026,1501+,Afyonkarahisar Health Sciences University,"4,545",12.0,3%,66 : 34,
2026,1501+,Afyon Kocatepe University,"22,390",31.1,6%,50 : 50,
2026,1501+,AIIMS Rishikesh,"2,002",1.9,3%,37 : 63,
2026,1501+,Akita University,"5,042",10.6,4%,36 : 64,
2026,1501+,Aksaray University,"16,810",16.4,10%,56 : 44,
2026,1501+,Alanya Alaaddin Keykubat University,"9,049",21.9,7%,47 : 53,
2026,1501+,Alberto Hurtado University,"7,276",22.0,2%,58 : 42,
2026,1501+,Alexandru Ioan Cuza University,"24,352",16.9,9%,61 : 39,
2026,1501+,Al-Furat Al-Awsat Technical University,"26,536",27.5,0%,50 : 50,
2026,1501+,Allameh Tabataba ’i University,"14,319",16.7,3%,57 : 43,
2026,1501+,Al-Muthanna University,"10,814",11.8,0%,63 : 37,
2026,1501+,Al-Nahrain University,"8,087",4.7,0%,57 : 43,
2026,1501+,Al-Qasim Green University,"3,914",7.0,0%,32 : 68,
2026,1501+,Al-Quds University,"10,065",10.9,33%,77 : 23,
2026,1501+,Altai State University,"9,271",18.5,27%,56 : 44,
2026,1501+,Altınbaş University,"11,126",24.2,51%,41 : 59,
2026,1501+,Alzahra University,"9,275",25.5,2%,100 : 0,
2026,1501+,Amity University - Kolkata,"5,985",15.0,10%,72 : 28,
2026,1501+,Anáhuac University,"16,295",8.8,4%,57 : 43,
2026,1501+,Ankara Yildirim Beyazit University,"24,127",22.3,10%,55 : 45,
2026,1501+,Antonio Nariño University,"13,578",12.7,2%,58 : 42,
2026,1501+,Aoyama Gakuin University,"20,622",18.1,5%,49 : 51,
2026,1501+,Arak University,"6,265",19.2,13%,62 : 38,
2026,1501+,Atılım University,"9,249",22.2,12%,46 : 54,
2026,1501+,Atma Jaya Catholic University of Indonesia,"7,908",17.6,7%,46 : 54,
2026,1501+,Austral University of Chile,"18,781",19.1,1%,55 : 45,
2026,1501+,Autonomous University of Baja California,"69,358",21.2,0%,55 : 45,
2026,1501+,Autonomous University of Guerrero (UAGro),"34,492",24.3,0%,59 : 41,
2026,1501+,Aydın Adnan Menderes University,"13,698",13.8,2%,51 : 49,
2026,1501+,Azerbaijan State Oil and Industry University,"12,831",10.3,6%,38 : 62,
2026,1501+,Azerbaijan Technical University (AzTU),"9,118",6.9,8%,47 : 53,
2026,1501+,Babcock University,"13,134",28.1,0%,51 : 49,
2026,1501+,Badji Mokhtar University – Annaba,"30,510",9.0,2%,75 : 25,
2026,1501+,Baku State University,"19,165",12.1,5%,60 : 40,
2026,1501+,Balıkesir University,"31,117",24.9,2%,48 : 52,
2026,1501+,"Balochistan University of Information Technology, Engineering and Management Sciences (BUITEMS)","15,352",24.6,0%,22 : 78,
2026,1501+,Bashkir State Medical University,"14,567",9.8,36%,47 : 53,
2026,1501+,Başkent University,"14,593",13.7,3%,59 : 41,
2026,1501+,Belarusian State University,"23,445",8.3,22%,58 : 42,
2026,1501+,Belgorod State National Research University,"17,325",21.2,22%,57 : 43,
2026,1501+,Benemérita Universidad Autónoma de Puebla,"84,699",24.0,1%,53 : 47,
2026,1501+,Bernardo O’Higgins University,"9,085",17.7,2%,66 : 34,
2026,1501+,Beykent University,"19,003",24.0,5%,55 : 45,
2026,1501+,Bezmiâlem Vakif University,"2,814",8.1,5%,70 : 30,
2026,1501+,Bharati Vidyapeeth University,"10,893",7.6,0%,52 : 48,
2026,1501+,Bialystok University of Technology,"6,335",11.0,5%,34 : 66,
2026,1501+,Bilecik Şeyh Edebali University,"12,222",16.7,19%,47 : 53,
2026,1501+,Blida 1 University,"31,068",22.5,2%,65 : 35,
2026,1501+,Bogomolets National Medical University,"10,627",7.9,8%,,
2026,1501+,Bolu Abant Izzet Baysal University,"26,718",24.9,16%,56 : 44,
2026,1501+,Bozok University,"15,781",18.8,9%,51 : 49,
2026,1501+,B. S. Abdur Rahman Crescent Institute of Science and Technology,"9,428",16.5,0%,28 : 72,
2026,1501+,Burapha University,"26,526",18.4,2%,68 : 32,
2026,1501+,Burdur Mehmet Akif Ersoy University,"25,140",24.8,3%,54 : 46,
2026,1501+,Bursa Technical University,"11,418",21.0,13%,47 : 53,
2026,1501+,Bursa Uludağ University,"48,233",20.3,13%,67 : 33,
2026,1501+,Çanakkale Onsekiz Mart University,"46,824",23.6,5%,52 : 48,
2026,1501+,Çankırı Karatekin University,"12,279",21.9,12%,55 : 45,
2026,1501+,Cardinal Stefan Wyszyński University in Warsaw,"10,253",12.7,2%,64 : 36,
2026,1501+,Catholic University of Brasília,"7,990",20.7,0%,54 : 46,
2026,1501+,Catholic University of the North,"11,793",19.9,4%,47 : 53,
2026,1501+,Ceará State University,"14,109",13.0,0%,60 : 40,
2026,1501+,Central University of Venezuela,"27,604",7.8,1%,54 : 46,
2026,1501+,Centro Federal de Educação Tecnológica Celso Suckow da Fonseca (CEFET-RJ),"19,873",22.2,0%,36 : 64,
2026,1501+,Centurion University of Technology and Management,"12,028",21.4,2%,27 : 73,
2026,1501+,CES University,"7,673",10.5,2%,70 : 30,
2026,1501+,CEU Universities,"21,391",12.6,20%,64 : 36,
2026,1501+,Chang Gung University of Science and Technology,"6,113",18.6,0%,89 : 11,
2026,1501+,Chelyabinsk State University,"13,208",23.4,2%,57 : 43,
2026,1501+,Chiba Institute of Technology,"10,048",24.6,2%,15 : 85,
2026,1501+,Chinese Culture University,"18,673",21.2,7%,48 : 52,
2026,1501+,Chosun University,"19,223",25.1,2%,47 : 53,
2026,1501+,Christ University,"35,193",20.3,1%,52 : 48,
2026,1501+,Chubu University,"9,261",17.5,1%,28 : 72,
2026,1501+,Chung Shan Medical University,"7,085",17.5,3%,65 : 35,
2026,1501+,Chuo University,"27,005",20.2,4%,38 : 62,
2026,1501+,Communication University of China,"18,027",15.5,2%,68 : 32,
2026,1501+,Cracow University of Technology,"12,400",11.0,7%,38 : 62,
2026,1501+,Cukurova University,"33,663",22.9,3%,47 : 53,
2026,1501+,Damascus University,"163,499",56.8,7%,69 : 31,
2026,1501+,Damghan University,"4,893",15.9,1%,62 : 38,
2026,1501+,Dankook University,"26,277",16.6,5%,54 : 46,
2026,1501+,De La Salle University,"22,790",18.5,2%,51 : 49,
2026,1501+,Del Rosario University,"10,119",12.4,4%,59 : 41,
2026,1501+,"Delta State University, Abraka","40,979",38.3,0%,58 : 42,
2026,1501+,Dicle University,"42,576",21.4,6%,46 : 54,
2026,1501+,Diponegoro University,"36,538",16.8,4%,66 : 34,
2026,1501+,Dnipro University of Technology,"13,079",20.8,0%,27 : 73,
2026,1501+,Dokkyo Medical University,"1,301",1.5,1%,55 : 45,
2026,1501+,Dokuz Eylül University,"58,554",27.8,10%,49 : 51,
2026,1501+,Don State Technical University,"26,083",13.9,12%,54 : 46,
2026,1501+,Doshisha University,"26,715",18.1,4%,42 : 58,
2026,1501+,Dow University of Health Sciences,"8,085",7.9,5%,74 : 26,
2026,1501+,Dr. M.G.R. Educational and Research Institute,"31,849",12.8,0%,35 : 65,
2026,1501+,Dumlupinar University,"51,517",59.1,20%,26 : 74,
2026,1501+,Dunarea de Jos University of Galati,"12,770",15.9,23%,58 : 42,
2026,1501+,Durban University of Technology,"27,036",31.4,1%,56 : 44,
2026,1501+,EAFIT University,"12,722",19.0,2%,43 : 57,
2026,1501+,East China University of Technology,"26,036",15.6,0%,35 : 65,
2026,1501+,East West University,"12,156",26.8,0%,51 : 49,
2026,1501+,Ehime University,"8,855",9.9,2%,40 : 60,
2026,1501+,Ekiti State University,"13,983",25.6,%,63 : 37,
2026,1501+,El Bosque University,"15,881",7.6,2%,60 : 40,
2026,1501+,Erzincan Binali Yıldırım University,"24,090",20.4,4%,48 : 52,
2026,1501+,Escuela Politécnica Nacional,"7,569",14.2,2%,30 : 70,
2026,1501+,Escuela Superior Politécnica del Litoral,"10,308",8.9,1%,39 : 61,
2026,1501+,Eskişehir Osmangazi University,"30,370",24.9,6%,47 : 53,
2026,1501+,Eskişehir Technical University,"11,805",16.0,3%,43 : 57,
2026,1501+,Far Eastern Federal University,"18,054",15.6,21%,59 : 41,
2026,1501+,"Federal Institute of Education, Science and Technology of São Paulo","70,000",20.0,0%,37 : 63,
2026,1501+,Federal Rural University of Pernambuco,"14,329",12.6,0%,53 : 47,
2026,1501+,"Federal University of Agriculture, Abeokuta","21,219",37.0,0%,39 : 61,
2026,1501+,Federal University of Espírito Santo,"30,434",17.2,1%,55 : 45,
2026,1501+,Federal University of Goiás,"23,032",11.5,1%,42 : 58,
2026,1501+,Federal University of Lavras,"13,186",17.1,2%,49 : 51,
2026,1501+,Federal University of Mato Grosso do Sul,"23,578",13.3,1%,56 : 44,
2026,1501+,Federal University of Pará,"49,025",18.1,0%,55 : 45,
2026,1501+,Federal University of Pelotas,"21,972",14.9,1%,57 : 43,
2026,1501+,Federal University of Rio Grande do Norte (UFRN),"52,086",19.7,0%,47 : 53,
2026,1501+,Federal University of Santa Maria,"27,692",14.2,1%,55 : 45,
2026,1501+,Federal University of Technology Akure,"18,945",20.5,0%,26 : 74,
2026,1501+,"Federal University of Technology, Owerri","24,469",18.5,0%,32 : 68,
2026,1501+,Federal University of Uberlândia,"26,116",14.2,1%,52 : 48,
2026,1501+,Federal University of Viçosa,"18,831",9.9,3%,56 : 44,
2026,1501+,Federal University Oye-Ekiti,"44,401",45.8,0%,49 : 51,
2026,1501+,Federico Santa María Technical University,"19,907",27.1,2%,26 : 74,
2026,1501+,Feng Chia University,"20,114",23.0,6%,41 : 59,
2026,1501+,Ferhat Abbas Sétif University 1,"40,578",25.2,0%,63 : 37,
2026,1501+,Fluminense Federal University,"71,079",20.2,0%,48 : 52,
2026,1501+,Gaziantep University,"35,026",37.9,15%,40 : 60,
2026,1501+,Gdynia Maritime University,"3,279",10.2,3%,29 : 71,
2026,1501+,"George Emil Palade University of Medicine, Pharmacy, Science, and Technology of Targu Mures","9,743",17.7,14%,63 : 37,
2026,1501+,Georgian Technical University,"17,297",13.8,3%,24 : 76,
2026,1501+,Georgia Southern University,"21,920",19.6,3%,59 : 41,
2026,1501+,Gheorghe Asachi Technical University of Iaşi,"13,126",22.4,13%,30 : 70,
2026,1501+,Giresun University,"26,576",25.5,6%,50 : 50,
2026,1501+,GITAM University,"27,238",13.2,2%,38 : 62,
2026,1501+,GMR Institute of Technology,"4,130",16.7,0%,32 : 68,
2026,1501+,Goa University,"2,771",11.0,4%,64 : 36,
2026,1501+,Grand Valley State University,"18,621",13.9,3%,62 : 38,
2026,1501+,Grigore T. Popa University of Medicine and Pharmacy,"10,110",10.5,28%,68 : 32,
2026,1501+,Guangxi Normal University,"38,955",18.4,2%,69 : 31,
2026,1501+,Gubkin Russian State University of Oil and Gas,"11,120",14.3,5%,33 : 67,
2026,1501+,Gunma University,"6,155",7.4,5%,39 : 61,
2026,1501+,Guru Ghasidas Vishwavidyalaya,"9,784",22.4,0%,41 : 59,
2026,1501+,Halu Oleo University,"40,051",15.5,0%,60 : 40,
2026,1501+,Hanoi University of Science and Technology,"39,204",35.8,0%,20 : 80,
2026,1501+,Harran University,"16,845",18.9,7%,48 : 52,
2026,1501+,Hasanuddin University,"37,300",14.8,1%,61 : 39,
2026,1501+,Hassiba Benbouali University of Chlef,"30,568",20.5,1%,66 : 34,
2026,1501+,Hatay Mustafa Kemal University,"18,234",20.3,3%,49 : 51,
2026,1501+,Hellenic Open University,"21,185",7.3,1%,65 : 35,
2026,1501+,Helwan University,"153,935",23.9,1%,56 : 44,
2026,1501+,Herzen State Pedagogical University of Russia,"17,884",16.0,21%,72 : 28,
2026,1501+,Hirosaki University,"6,845",9.9,1%,,
2026,1501+,Hitit University,"11,234",24.8,10%,40 : 60,
2026,1501+,Hormozgan University of Medical Sciences,"3,672",11.3,2%,54 : 46,
2026,1501+,Hue University,"50,639",21.5,1%,56 : 44,
2026,1501+,Ibaraki University,"7,864",15.5,2%,34 : 66,
2026,1501+,Ibn Khaldoun University,"28,529",25.2,0%,63 : 37,
2026,1501+,Industrial University of Tyumen,"11,584",11.2,7%,33 : 67,
2026,1501+,Instituto Politécnico de Viana do Castelo,"5,913",18.6,11%,49 : 51,
2026,1501+,Instituto Politécnico Nacional (IPN),"139,234",12.7,0%,44 : 56,
2026,1501+,Instituto Tecnológico Metropolitano,"25,069",19.7,0%,43 : 57,
2026,1501+,Institut Teknologi Sepuluh Nopember,"20,850",6.1,7%,41 : 59,
2026,1501+,International Hellenic University,"58,142",37.1,3%,44 : 56,
2026,1501+,Ionian University,"9,707",24.9,3%,53 : 47,
2026,1501+,IPB University,"22,993",10.3,5%,58 : 42,
2026,1501+,Irkutsk National Research Technical University,"9,686",10.1,13%,37 : 63,
2026,1501+,Irkutsk State University,"12,975",14.1,5%,66 : 34,
2026,1501+,Islamic Science University of Malaysia (USIM),"13,123",17.6,6%,64 : 36,
2026,1501+,Islamic University of Indonesia,"26,457",31.6,3%,45 : 55,
2026,1501+,Istanbul Aydın University,"17,587",16.5,20%,53 : 47,
2026,1501+,Istanbul Bilgi University,"12,199",18.6,15%,51 : 49,
2026,1501+,Istanbul Okan University,"8,326",12.9,25%,46 : 54,
2026,1501+,Ivane Javakhishvili Tbilisi State University,"24,977",32.5,5%,59 : 41,
2026,1501+,Ivan Franko National University of Lviv,"21,946",13.2,1%,66 : 34,
2026,1501+,Ivanovo State University of Chemistry and Technology,"3,876",19.4,8%,36 : 64,
2026,1501+,İzmir Kâtip Çelebi University,"19,291",16.5,4%,52 : 48,
2026,1501+,Izmir University of Economics,"7,269",24.2,3%,54 : 46,
2026,1501+,Jan Evangelista Purkyně University,"8,393",18.0,5%,64 : 36,
2026,1501+,Jan Kochanowski University in Kielce,"9,998",11.6,4%,60 : 40,
2026,1501+,"Jaypee Institute of Information Technology, Noida","5,208",17.8,0%,32 : 68,
2026,1501+,Jean Moulin University – Lyon 3,"27,662",38.2,21%,66 : 34,
2026,1501+,Jember University,"39,050",31.9,0%,67 : 33,
2026,1501+,Jianghan University,"22,607",14.4,1%,56 : 44,
2026,1501+,Jiangsu Normal University,"29,443",15.8,1%,,
2026,1501+,Kagawa University,"6,421",9.8,2%,43 : 57,
2026,1501+,Kagoshima University,"10,130",10.5,2%,39 : 61,
2026,1501+,Kanagawa University,"17,462",14.0,4%,31 : 69,
2026,1501+,Kansai University,"29,830",11.1,4%,41 : 59,
2026,1501+,Karabük University,"45,899",41.5,26%,43 : 57,
2026,1501+,Karadeniz Technical University,"22,986",10.5,8%,52 : 48,
2026,1501+,Karamanoğlu Mehmet Bey University,"19,789",28.7,6%,51 : 49,
2026,1501+,Karpagam Academy of Higher Education,"10,846",13.8,0%,31 : 69,
2026,1501+,Kasetsart University,"69,827",17.3,1%,61 : 39,
2026,1501+,Kastamonu University,"16,697",31.4,11%,46 : 54,
2026,1501+,Kazakh National Agrarian Research University,"6,042",11.3,6%,50 : 50,
2026,1501+,Kazan National Research Technological University,"13,472",12.3,16%,39 : 61,
2026,1501+,Kazan State Medical University,"5,835",12.2,36%,54 : 46,
2026,1501+,Kazan State Power Engineering University,"9,741",25.4,6%,32 : 68,
2026,1501+,Kemerovo State University,"15,000",23.1,7%,61 : 39,
2026,1501+,Kenyatta University,"55,018",27.6,5%,58 : 42,
2026,1501+,Kharkiv Aviation Institute,"4,827",12.6,12%,14 : 86,
2026,1501+,Kharkiv National University of Radio Electronics,"7,129",11.6,6%,30 : 70,
2026,1501+,King Mongkut’s Institute of Technology Ladkrabang,"27,090",24.8,3%,50 : 50,
2026,1501+,Kirikkale University,"25,261",40.3,1%,51 : 49,
2026,1501+,Kırşehir Ahi Evran University,"13,682",23.7,16%,53 : 47,
2026,1501+,Kitasato University,"8,517",5.0,1%,55 : 45,
2026,1501+,KLE Academy of Higher Education and Research,"7,175",8.5,1%,58 : 42,
2026,1501+,Kocaeli University,"43,687",28.6,5%,47 : 53,
2026,1501+,Kochi University,"5,441",8.6,1%,44 : 56,
2026,1501+,Kochi University of Technology,"2,510",19.2,2%,24 : 76,
2026,1501+,Kogakuin University,"6,553",18.1,2%,19 : 81,
2026,1501+,Konya Technical University,"10,365",22.2,5%,29 : 71,
2026,1501+,Kwansei Gakuin University,"25,457",20.7,4%,50 : 50,
2026,1501+,Kyiv National University of Construction and Architecture,"6,697",7.1,3%,42 : 58,
2026,1501+,Kyoto Institute of Technology,"4,018",14.5,6%,29 : 71,
2026,1501+,Ladoke Akintola University of Technology,"40,337",50.1,0%,49 : 51,
2026,1501+,Lagos State University,"50,785",46.0,0%,51 : 49,
2026,1501+,Larbi Tebessi University,"14,303",15.4,0%,65 : 35,
2026,1501+,Latvia University of Life Sciences and Technologies,"3,998",14.1,8%,49 : 51,
2026,1501+,Lincoln University College,"3,727",6.7,52%,24 : 76,
2026,1501+,Liverpool Hope University,"5,015",16.7,18%,62 : 38,
2026,1501+,L.N. Gumilyov Eurasian National University,"23,205",18.3,4%,49 : 51,
2026,1501+,Lobachevsky State University of Nizhni Novgorod,"20,444",10.5,13%,51 : 49,
2026,1501+,Lodz University of Technology,"10,476",11.7,6%,38 : 62,
2026,1501+,Londrina State University,"20,259",9.9,1%,58 : 42,
2026,1501+,Lublin University of Technology,"6,721",11.4,13%,27 : 73,
2026,1501+,Lucian Blaga University of Sibiu,"13,293",16.3,4%,50 : 50,
2026,1501+,Lviv Polytechnic National University,"25,087",12.8,1%,45 : 55,
2026,1501+,Mackenzie Presbyterian University,"27,073",28.3,0%,48 : 52,
2026,1501+,Maejo University,"17,942",26.9,1%,59 : 41,
2026,1501+,Mahasarakham University,"39,291",33.6,3%,61 : 39,
2026,1501+,Manav Rachna International Institute of Research and Studies,"5,684",11.2,2%,50 : 50,
2026,1501+,Manisa Celal Bayar University,"28,623",23.0,2%,50 : 50,
2026,1501+,Mapúa University,"9,032",24.1,2%,33 : 67,
2026,1501+,Maria Curie-Skłodowska University (UMCS),"13,964",10.0,12%,74 : 26,
2026,1501+,Marmara University,"47,315",25.2,5%,52 : 48,
2026,1501+,Matej Bel University,"6,194",14.8,12%,65 : 35,
2026,1501+,Medical University of Sofia,"10,870",5.2,29%,55 : 45,
2026,1501+,Meiji University,"34,072",21.9,5%,34 : 66,
2026,1501+,Meijo University,"15,277",31.8,0%,35 : 65,
2026,1501+,Mendeleev University of Chemical Technology,"8,593",12.6,8%,51 : 49,
2026,1501+,Mersin University,"27,928",27.8,7%,50 : 50,
2026,1501+,Metropolitan Autonomous University,"61,622",44.5,1%,50 : 50,
2026,1501+,M’Hamed Bougara University of Boumerdès,"32,622",21.3,1%,59 : 41,
2026,1501+,Middle Technical University,"36,230",20.3,0%,48 : 52,
2026,1501+,Mie University,"6,936",11.5,3%,38 : 62,
2026,1501+,Military Institute of Science and Technology (MIST),"3,001",18.2,0%,27 : 73,
2026,1501+,Mindanao State University – Iligan Institute of Technology,"12,388",18.0,0%,59 : 41,
2026,1501+,Ming Chuan University,"17,030",21.6,12%,59 : 41,
2026,1501+,MIREA - Russian Technological University,"29,873",22.9,6%,25 : 75,
2026,1501+,Mirpur University of Science and Technology,"8,917",27.2,0%,51 : 49,
2026,1501+,Misr University for Science and Technology,"26,246",16.1,4%,50 : 50,
2026,1501+,Morgan State University,"8,489",17.4,10%,62 : 38,
2026,1501+,Moscow Aviation Institute,"15,797",16.6,12%,27 : 73,
2026,1501+,Moscow Polytechnic University,"12,752",17.2,10%,38 : 62,
2026,1501+,Moscow Power Engineering Institute,"14,453",18.5,15%,34 : 66,
2026,1501+,Moulay Ismail University,"79,507",54.9,1%,55 : 45,
2026,1501+,M S Ramaiah University of Applied Sciences (RUAS),"9,031",12.1,0%,56 : 44,
2026,1501+,Mugla Sitki Kocman University,"29,793",31.0,3%,49 : 51,
2026,1501+,Muhimbili University of Health and Allied Sciences,"5,254",11.8,6%,32 : 68,
2026,1501+,Muroran Institute of Technology,"3,287",19.1,5%,13 : 87,
2026,1501+,Muş Alparslan University,"8,262",28.3,0%,52 : 48,
2026,1501+,Mustansiriyah University,"32,844",8.5,1%,55 : 45,
2026,1501+,Nagaoka University of Technology,"2,155",10.8,12%,12 : 88,
2026,1501+,Nagoya Institute of Technology,"5,552",15.7,4%,17 : 83,
2026,1501+,Naresuan University,"26,692",17.8,1%,68 : 32,
2026,1501+,National Changhua University of Education,"9,029",25.2,9%,49 : 51,
2026,1501+,National Chiayi University,"11,582",23.8,3%,48 : 52,
2026,1501+,National Chi Nan University,"6,145",16.5,10%,52 : 48,
2026,1501+,National Chin-Yi University of Technology,"7,667",22.4,12%,31 : 69,
2026,1501+,National Formosa University,"11,694",19.0,2%,22 : 78,
2026,1501+,National Ilan University,"5,592",23.2,2%,36 : 64,
2026,1501+,"National Institute of Applied Sciences, Strasbourg (INSA Strasbourg)","1,980",16.9,13%,37 : 63,
2026,1501+,National Pingtung University of Science and Technology,"10,630",18.3,5%,44 : 56,
2026,1501+,"National Pirogov Memorial Medical University, Vinnytsya","5,026",5.2,17%,60 : 40,
2026,1501+,National Research University of Electronic Technology (MIET),"5,805",10.5,4%,26 : 74,
2026,1501+,National Taipei University,"8,630",15.6,6%,54 : 46,
2026,1501+,National Technical University Kharkiv Polytechnic Institute,"11,572",8.5,13%,28 : 72,
2026,1501+,National Technical University of Ukraine – Igor Sikorsky Kyiv Polytechnic Institute,"23,940",11.1,2%,22 : 78,
2026,1501+,National United University,"7,848",22.1,1%,29 : 71,
2026,1501+,National University of Colombia,"55,643",21.0,1%,41 : 59,
2026,1501+,National University of Córdoba,"168,371",15.8,1%,65 : 35,
2026,1501+,National University of Costa Rica,"19,328",10.4,3%,56 : 44,
2026,1501+,National University of Cuyo,"37,486",17.2,3%,62 : 38,
2026,1501+,National University of Kaohsiung,"6,145",26.7,4%,41 : 59,
2026,1501+,National University of La Plata,"48,850",13.1,25%,60 : 40,
2026,1501+,National University of Life and Environmental Sciences of Ukraine,"19,154",14.5,1%,35 : 65,
2026,1501+,National University of Medical Sciences (NUMS),"9,257",4.4,0%,64 : 36,
2026,1501+,National University of Mongolia,"15,781",18.4,7%,62 : 38,
2026,1501+,National University of Quilmes,"48,698",36.3,2%,54 : 46,
2026,1501+,National University of Rosario (UNR),"90,716",19.0,7%,66 : 34,
2026,1501+,National University of San Martín,"16,968",16.5,5%,60 : 40,
2026,1501+,NED University of Engineering and Technology,"12,523",22.6,0%,41 : 59,
2026,1501+,Niğde Ömer Halisdemir University,"13,328",16.3,9%,56 : 44,
2026,1501+,Nihon University,"77,140",30.1,2%,32 : 68,
2026,1501+,Nile University,"3,826",18.5,1%,37 : 63,
2026,1501+,Nizhny Novgorod State Technical University n.a. R.E. Alekseev,"8,437",12.9,9%,24 : 76,
2026,1501+,Nnamdi Azikiwe University,"43,059",16.2,0%,59 : 41,
2026,1501+,North-Caucasus Federal University,"18,686",7.7,9%,45 : 55,
2026,1501+,North-Eastern Federal University,"12,430",13.4,6%,53 : 47,
2026,1501+,Northern (Arctic) Federal University named after M.V. Lomonosov,"9,359",15.1,9%,45 : 55,
2026,1501+,Northern Technical University,"23,224",24.6,0%,43 : 57,
2026,1501+,North Khorasan University of Medical Sciences,"2,221",9.5,0%,56 : 44,
2026,1501+,North-Western State Medical University named after I.I. Mechnikov,"6,780",6.2,12%,67 : 33,
2026,1501+,Novosibirsk State Technical University,"14,178",16.5,20%,37 : 63,
2026,1501+,Nueva Granada Military University,"18,768",9.9,0%,47 : 53,
2026,1501+,Obafemi Awolowo University,"32,746",26.3,0%,46 : 54,
2026,1501+,Ochanomizu University,"2,652",14.7,6%,100 : 0,
2026,1501+,October University for Modern Sciences and Arts (MSA),"12,047",10.5,1%,51 : 49,
2026,1501+,Odesa I.I. Mechnikov National University,"5,839",7.8,3%,65 : 35,
2026,1501+,Ogarev Mordovia State University,"16,100",14.0,16%,37 : 63,
2026,1501+,Oita University,"5,240",8.3,1%,37 : 63,
2026,1501+,Okayama University of Science,"6,859",25.8,3%,25 : 75,
2026,1501+,Oles Honchar Dnipro National University,"8,236",11.9,1%,54 : 46,
2026,1501+,Omsk State Technical University,"13,819",17.6,8%,34 : 66,
2026,1501+,Ondokuz Mayis University,"37,153",18.3,15%,40 : 60,
2026,1501+,Oran 1 University,"23,895",18.8,1%,66 : 34,
2026,1501+,Ordu University,"11,821",17.5,1%,56 : 44,
2026,1501+,Osaka Institute of Technology,"7,956",28.3,1%,14 : 86,
2026,1501+,Osaka Medical and Pharmaceutical University,"3,126",5.5,1%,60 : 40,
2026,1501+,Ovidius University of Constanța,"16,291",12.6,7%,57 : 43,
2026,1501+,Pace University-New York,"12,280",15.7,21%,63 : 37,
2026,1501+,Paisii Hilendarski University of Plovdiv,"21,840",35.1,2%,67 : 33,
2026,1501+,Pamukkale University,"32,376",29.0,4%,48 : 52,
2026,1501+,Paris Nanterre University,"30,986",20.1,16%,65 : 35,
2026,1501+,Pavlov First Saint Petersburg State Medical University,"5,569",9.0,12%,74 : 26,
2026,1501+,Payame Noor University,"399,383",115.1,0%,62 : 38,
2026,1501+,Pázmány Péter Catholic University,"6,452",15.9,6%,,
2026,1501+,Penza State University,"17,808",14.9,14%,54 : 46,
2026,1501+,Perm National Research Polytechnic University,"10,691",13.2,6%,46 : 54,
2026,1501+,Perm State University,"10,895",14.5,9%,56 : 44,
2026,1501+,Petersburg State Transport University,"9,137",22.2,18%,28 : 72,
2026,1501+,Petrozavodsk State University,"7,512",13.3,9%,51 : 49,
2026,1501+,Pirogov Russian National Research Medical University,"13,377",7.8,11%,70 : 30,
2026,1501+,Plekhanov Russian University of Economics,"13,681",8.5,14%,55 : 45,
2026,1501+,Polytechnic Institute of Porto,"21,106",17.7,7%,48 : 52,
2026,1501+,Polytechnic Institute of Setúbal,"6,301",12.6,11%,45 : 55,
2026,1501+,Polytechnic University of Bucharest,"37,048",22.3,1%,41 : 59,
2026,1501+,Polytechnic University of Timişoara,"12,676",18.1,4%,38 : 62,
2026,1501+,Pontifical Catholic University of Argentina,"18,296",4.2,10%,55 : 45,
2026,1501+,Pontifical Catholic University of Minas Gerais,"35,797",29.6,0%,56 : 44,
2026,1501+,Pontifical Catholic University of Peru,"26,939",6.4,1%,47 : 53,
2026,1501+,Pontifical Catholic University of Valparaíso,"18,070",23.2,2%,43 : 57,
2026,1501+,Pontificia Universidad Católica del Ecuador,"29,406",19.4,2%,56 : 44,
2026,1501+,Pontificia Universidad Javeriana,"29,088",14.2,1%,56 : 44,
2026,1501+,Poznan University of Technology,"13,680",11.0,8%,31 : 69,
2026,1501+,Presidency University,"17,979",18.0,0%,34 : 66,
2026,1501+,Privolzhsky Research Medical University,"5,990",8.3,34%,65 : 35,
2026,1501+,PSG College of Technology,"7,957",14.0,0%,37 : 63,
2026,1501+,Qom University of Medical Sciences,"2,793",10.3,5%,56 : 44,
2026,1501+,Razi University,"11,378",17.6,4%,59 : 41,
2026,1501+,Recep Tayyip Erdoğan University,"11,544",14.6,4%,,
2026,1501+,Regional Autonomous University of the Andes (UNIANDES),"6,696",12.3,1%,61 : 39,
2026,1501+,REVA University,"15,628",17.4,2%,37 : 63,
2026,1501+,Rikkyo University,"19,644",14.7,5%,56 : 44,
2026,1501+,Ritsumeikan University,"35,919",18.0,10%,37 : 63,
2026,1501+,Russian Presidential Academy of National Economy and Public Administration,"21,295",17.1,4%,66 : 34,
2026,1501+,Russian State University for the Humanities,"17,097",19.6,5%,72 : 28,
2026,1501+,Russian University of Transport (MIIT),"21,334",24.7,9%,44 : 56,
2026,1501+,R V College of Engineering,"6,140",17.8,0%,27 : 73,
2026,1501+,Ryukoku University,"15,132",26.8,3%,36 : 64,
2026,1501+,Rzeszów University of Technology,"10,790",12.0,1%,44 : 56,
2026,1501+,Sabzevar University of Medical Sciences,"2,226",7.0,1%,56 : 44,
2026,1501+,Saga University,"6,403",9.6,2%,42 : 58,
2026,1501+,Saint Petersburg State Pediatric Medical University,"6,843",11.6,18%,67 : 33,
2026,1501+,Saints Cyril and Methodius University in Skopje,"26,028",12.2,0%,57 : 43,
2026,1501+,Saitama Medical University,"1,904",1.3,0%,49 : 51,
2026,1501+,Saitama University,"8,341",16.0,6%,32 : 68,
2026,1501+,Sakarya University of Applied Sciences,"11,118",30.2,26%,31 : 69,
2026,1501+,Samara National Research University (Samara University),"9,427",10.4,10%,46 : 54,
2026,1501+,Samara State Medical University,"8,007",9.3,12%,59 : 41,
2026,1501+,Samara State Technical University,"13,464",16.3,5%,35 : 65,
2026,1501+,Satbayev University,"8,346",11.2,17%,55 : 45,
2026,1501+,SGH Warsaw School of Economics,"7,993",14.8,14%,48 : 52,
2026,1501+,Shahed University,"6,402",15.1,0%,47 : 53,
2026,1501+,Shahid Sadoughi University of Medical Sciences,"5,717",10.5,3%,56 : 44,
2026,1501+,Shanxi Medical University,"26,728",8.0,2%,66 : 34,
2026,1501+,Shibaura Institute of Technology,"9,475",25.2,5%,19 : 81,
2026,1501+,Shimane University,"6,056",8.4,3%,41 : 59,
2026,1501+,Shizuoka University,"9,821",14.9,3%,30 : 70,
2026,1501+,Shree Guru Gobind Singh Tricentenary University,"7,375",10.3,0%,50 : 50,
2026,1501+,Siberian State Medical University,"8,785",11.6,16%,59 : 41,
2026,1501+,Sikkim Manipal University,"4,411",13.2,2%,42 : 58,
2026,1501+,Silpakorn University,"29,673",21.9,2%,68 : 32,
2026,1501+,Sinop University,"8,888",28.3,1%,56 : 44,
2026,1501+,Sivas Cumhuriyet University,"34,861",24.9,11%,53 : 47,
2026,1501+,Slovak University of Technology in Bratislava,"10,809",12.9,19%,33 : 67,
2026,1501+,Sofia University,"21,579",7.4,8%,65 : 35,
2026,1501+,"Soochow University, Taiwan","15,287",35.9,3%,59 : 41,
2026,1501+,Sophia University,"13,016",12.2,12%,60 : 40,
2026,1501+,Southern Federal University,"18,741",12.8,15%,57 : 43,
2026,1501+,Southwest Petroleum University,"41,268",19.6,1%,35 : 65,
2026,1501+,Sri Lanka Institute of Information Technology,"15,304",30.5,0%,41 : 59,
2026,1501+,Srinakharinwirot University,"29,327",19.0,2%,67 : 33,
2026,1501+,Sri Ramachandra Institute of Higher Education and Research,"8,949",13.5,5%,61 : 39,
2026,1501+,Sri Venkateswara University,"6,670",15.5,0%,50 : 50,
2026,1501+,State Islamic University of Sunan Gunung Djati Bandung,"31,937",31.3,0%,67 : 33,
2026,1501+,"State University ""Kyiv Aviation Institute""","15,407",10.5,4%,40 : 60,
2026,1501+,State University of Bahia,"23,621",10.6,0%,67 : 33,
2026,1501+,State University of Malang,"37,201",26.4,4%,55 : 45,
2026,1501+,State University of Ponta Grossa,"8,076",8.9,1%,46 : 54,
2026,1501+,State University of Santa Cruz,"7,689",9.3,2%,56 : 44,
2026,1501+,State University of Southwestern Bahia (UESB),"9,315",9.4,0%,59 : 41,
2026,1501+,Ştefan cel Mare University of Suceava,"9,043",22.0,15%,60 : 40,
2026,1501+,St Petersburg Electrotechnical University (LETI),"9,024",14.2,19%,31 : 69,
2026,1501+,Széchenyi István University,"12,060",16.1,6%,44 : 56,
2026,1501+,Tamil Nadu Agricultural University,"8,627",12.7,0%,65 : 35,
2026,1501+,Tamkang University,"21,955",20.1,7%,46 : 54,
2026,1501+,Taras Shevchenko National University of Kyiv,"25,696",11.2,5%,56 : 44,
2026,1501+,Tashkent University of Information Technologies,"20,688",18.4,0%,25 : 75,
2026,1501+,Technical University of Cartagena,"4,546",10.4,10%,28 : 72,
2026,1501+,Technical University of Cluj-Napoca,"18,486",20.3,3%,38 : 62,
2026,1501+,Technical University of Crete,"7,080",33.2,5%,29 : 71,
2026,1501+,Technical University of Košice,"11,397",16.8,41%,25 : 75,
2026,1501+,Technical University of Liberec,"5,565",11.3,10%,53 : 47,
2026,1501+,Technical University of Sofia,"10,396",10.5,8%,29 : 71,
2026,1501+,Technological University of Pereira,"16,544",17.0,0%,43 : 57,
2026,1501+,Tecnológico de Costa Rica,"10,169",12.8,2%,38 : 62,
2026,1501+,Teikyo University,"22,761",20.7,6%,36 : 64,
2026,1501+,Tekirdağ Namık Kemal University,"31,784",28.0,7%,45 : 55,
2026,1501+,Telkom University,"18,089",14.7,10%,41 : 59,
2026,1501+,Temuco Catholic University,"10,711",10.1,0%,61 : 39,
2026,1501+,The University of Danang,"60,839",36.0,1%,58 : 42,
2026,1501+,Thiagarajar College of Engineering,"4,835",16.0,0%,40 : 60,
2026,1501+,Tikrit University,"33,551",11.0,0%,41 : 59,
2026,1501+,Toho University,"5,275",13.6,1%,55 : 45,
2026,1501+,Tokat Gaziosmanpaşa University,"21,110",13.7,14%,39 : 61,
2026,1501+,Tokyo City University,"7,789",28.2,2%,26 : 74,
2026,1501+,Tokyo Denki University,"9,991",28.6,2%,13 : 87,
2026,1501+,Tokyo Metropolitan University,"8,789",10.7,5%,39 : 61,
2026,1501+,Tokyo University of Agriculture,"13,209",33.6,2%,44 : 56,
2026,1501+,Tokyo University of Marine Science and Technology,"2,571",11.6,8%,33 : 67,
2026,1501+,Tokyo University of Technology,"7,808",27.1,3%,35 : 65,
2026,1501+,Tomsk State University of Control Systems and Radioelectronics,"6,402",12.2,16%,26 : 74,
2026,1501+,Tottori University,"5,994",8.3,2%,39 : 61,
2026,1501+,Toyama Prefectural University,"2,197",10.5,1%,36 : 64,
2026,1501+,Toyo University,"29,543",19.1,6%,41 : 59,
2026,1501+,Trakia University,"7,188",11.7,9%,67 : 33,
2026,1501+,Trakya University,"42,685",24.1,11%,50 : 50,
2026,1501+,Transilvania University of Brașov,"20,101",22.5,2%,53 : 47,
2026,1501+,Tribhuvan University,"499,671",19.6,0%,52 : 48,
2026,1501+,Tula State University,"18,611",19.5,6%,39 : 61,
2026,1501+,Tunghai University,"14,886",20.5,9%,55 : 45,
2026,1501+,Ubon Ratchathani University,"13,247",18.2,0%,67 : 33,
2026,1501+,Ufa State Petroleum Technological University,"12,689",7.8,13%,39 : 61,
2026,1501+,Ukrainian State University of Science and Technologies,"15,419",13.0,0%,34 : 66,
2026,1501+,UNIR – International University of La Rioja,"53,424",46.1,34%,63 : 37,
2026,1501+,Unisinos University,"14,944",30.4,0%,53 : 47,
2026,1501+,Universidad Andrés Bello (UNAB),"49,719",17.8,3%,55 : 45,
2026,1501+,Universidad Autónoma de Chile,"30,410",26.8,1%,64 : 36,
2026,1501+,Universidad Autónoma de Coahuila,"28,386",11.3,0%,58 : 42,
2026,1501+,Universidad Autónoma del Estado de Hidalgo,"38,623",14.2,1%,58 : 42,
2026,1501+,Universidad Autónoma del Estado de Mexico (UAEMex),"69,400",9.8,1%,59 : 41,
2026,1501+,Universidad Autónoma de Nuevo León (UANL),"134,947",48.4,0%,51 : 49,
2026,1501+,Universidad Autónoma de Querétaro,"24,995",42.8,1%,58 : 42,
2026,1501+,Universidad Autónoma de Yucatán,"19,900",19.7,1%,50 : 50,
2026,1501+,Universidad Católica de la Santísima Concepción,"9,954",23.7,1%,56 : 44,
2026,1501+,Universidad Católica del Maule,"12,490",20.4,1%,53 : 47,
2026,1501+,Universidad Científica del Sur,"20,474",10.0,1%,66 : 34,
2026,1501+,Universidad de Cartagena,"24,568",22.6,1%,47 : 53,
2026,1501+,Universidad de las Fuerzas Armadas – ESPE,"28,109",19.9,0%,46 : 54,
2026,1501+,Universidad del Valle,"33,529",8.1,1%,50 : 50,
2026,1501+,Universidad Distrital Francisco José de Caldas,"28,761",14.5,0%,36 : 64,
2026,1501+,Universidade do Estado de Santa Catarina,"11,738",11.5,1%,55 : 45,
2026,1501+,Universidade do Estado do Rio de Janeiro (UERJ),"34,661",11.8,0%,55 : 45,
2026,1501+,Universidade Estadual de Feira de Santana (UEFS),"10,209",11.2,0%,54 : 46,
2026,1501+,Universidade Estadual de Maringá,"17,887",11.4,0%,56 : 44,
2026,1501+,Universidade Estadual do Maranhão,"20,516",15.3,0%,62 : 38,
2026,1501+,Universidade Estadual do Norte Fluminense Darcy Ribeiro,"6,353",19.4,0%,62 : 38,
2026,1501+,Universidade Estadual do Oeste do Paraná (Unioeste),"13,600",10.7,0%,62 : 38,
2026,1501+,Universidade Federal da Bahia,"50,721",19.0,1%,54 : 46,
2026,1501+,Universidade Federal de Ciências da Saúde de Porto Alegre (UFCSPA),"4,652",13.0,2%,70 : 30,
2026,1501+,Universidade Federal de Juiz de Fora,"24,376",15.1,1%,55 : 45,
2026,1501+,Universidade Federal de Ouro Preto (UFOP),"13,409",14.4,1%,50 : 50,
2026,1501+,Universidade Federal de Sergipe,"24,819",14.7,0%,54 : 46,
2026,1501+,Universidade Federal do ABC (UFABC),"19,284",25.4,1%,38 : 62,
2026,1501+,Universidade Federal do Maranhão (UFMA),"47,330",23.5,0%,53 : 47,
2026,1501+,Universidade Federal Rural do Semi-Arido,"11,086",14.8,0%,41 : 59,
2026,1501+,Universidade Lusófona,"12,743",6.2,17%,55 : 45,
2026,1501+,Universidade Nove de Julho (Uninove),"92,549",20.0,1%,58 : 42,
2026,1501+,Universidad Francisco de Vitoria,"14,642",21.2,8%,45 : 55,
2026,1501+,Universidad Industrial de Santander (UIS),"21,778",25.4,1%,46 : 54,
2026,1501+,Universidad Loyola,"5,635",17.8,5%,57 : 43,
2026,1501+,Universidad Mayor,"23,839",11.5,1%,55 : 45,
2026,1501+,Universidad Michoacana de San Nicolás de Hidalgo,"42,472",26.4,2%,56 : 44,
2026,1501+,Universidad Nacional Agraria La Molina,"7,819",9.2,1%,49 : 51,
2026,1501+,Universidad Nacional de Asunción,"52,870",8.9,1%,56 : 44,
2026,1501+,Universidad Nacional del Litoral,"50,839",34.9,1%,63 : 37,
2026,1501+,Universidad Nacional Mayor de San Marcos,"42,959",13.3,1%,44 : 56,
2026,1501+,Universidad Panamericana (UP),"17,141",7.6,2%,51 : 49,
2026,1501+,Universidad Pedagogica y Tecnologica de Colombia - UPTC,"36,136",18.7,0%,55 : 45,
2026,1501+,Universidad Peruana de Ciencias Aplicadas (UPC),"81,453",29.7,2%,49 : 51,
2026,1501+,Universidad Politécnica Salesiana,"21,393",20.3,1%,41 : 59,
2026,1501+,Universidad Pontificia Bolivariana (UPB),"9,763",11.0,3%,57 : 43,
2026,1501+,Universidad San Ignacio de Loyola,"24,365",29.6,1%,48 : 52,
2026,1501+,Universidad Santo Tomás,"26,783",21.2,0%,68 : 32,
2026,1501+,Universidad Técnica de Manabí,"40,183",41.4,1%,61 : 39,
2026,1501+,Universidad Técnica Particular de Loja,"38,641",19.3,2%,56 : 44,
2026,1501+,Universitas Ahmad Dahlan,"19,044",24.6,2%,55 : 45,
2026,1501+,Universitas Andalas,"34,409",17.7,2%,60 : 40,
2026,1501+,Universitas Muhammadiyah Malang,"31,158",37.0,0%,52 : 48,
2026,1501+,Universitas Muhammadiyah Yogyakarta,"23,551",28.1,2%,48 : 52,
2026,1501+,Universitas Negeri Jakarta,"27,808",28.4,0%,64 : 36,
2026,1501+,Universitas Negeri Padang,"45,714",22.1,1%,67 : 33,
2026,1501+,Universitas Negeri Semarang,"54,005",36.5,1%,63 : 37,
2026,1501+,Universitas Negeri Surabaya,"37,684",29.7,1%,65 : 35,
2026,1501+,Universitas Negeri Yogyakarta,"27,783",17.2,2%,56 : 44,
2026,1501+,Universitas Pendidikan Indonesia,"37,007",16.9,2%,56 : 44,
2026,1501+,Universitas Sriwijaya,"42,322",24.6,0%,61 : 39,
2026,1501+,Universitas Sumatera Utara,"40,855",18.1,2%,55 : 45,
2026,1501+,Universitas Syiah Kuala,"30,794",15.8,0%,62 : 38,
2026,1501+,Université 8 Mai 1945 Guelma,"16,676",16.1,1%,70 : 30,
2026,1501+,Université Cheikh Anta Diop de Dakar (UCAD),"92,109",62.2,5%,45 : 55,
2026,1501+,Université Chouaïb Doukkali,"27,900",39.6,2%,60 : 40,
2026,1501+,Université de Gabès,"15,003",13.6,1%,74 : 26,
2026,1501+,Université de Skikda,"28,640",23.6,0%,69 : 31,
2026,1501+,Université Frères Mentouri Constantine 1,"29,573",15.3,1%,68 : 32,
2026,1501+,Université Hassan II de Casablanca,"120,987",32.6,2%,74 : 26,
2026,1501+,Université Kasdi Merbah Ouargla,"27,341",20.0,0%,60 : 40,
2026,1501+,Université Mouloud Mammeri de Tizi-Ouzou,"39,859",16.3,1%,63 : 37,
2026,1501+,Université Polytechnique Hauts-de-France,"13,034",27.3,12%,48 : 52,
2026,1501+,Université Saint-Joseph de Beyrouth,"8,540",8.4,13%,60 : 40,
2026,1501+,Université Sorbonne Nouvelle,"14,218",20.2,23%,77 : 23,
2026,1501+,Université Sultan Moulay Slimane,"43,534",60.3,0%,56 : 44,
2026,1501+,Universiti Kuala Lumpur,"17,749",12.8,3%,44 : 56,
2026,1501+,Universiti Malaysia Kelantan,"10,001",20.0,8%,70 : 30,
2026,1501+,Universiti Malaysia Perlis,"10,470",13.0,3%,47 : 53,
2026,1501+,Universiti Malaysia Sabah (UMS),"16,224",9.9,4%,66 : 34,
2026,1501+,Universiti Teknikal Malaysia Melaka,"9,543",13.0,6%,36 : 64,
2026,1501+,Universiti Teknologi MARA,"60,349",16.3,2%,66 : 34,
2026,1501+,Universiti Tun Hussein Onn Malaysia (UTHM),"15,743",16.5,7%,45 : 55,
2026,1501+,University Abdelhamid Ibn Badis Mostaganem,"24,978",18.9,1%,68 : 32,
2026,1501+,University Cadi Ayyad of Marrakech,"92,358",37.2,1%,55 : 45,
2026,1501+,University for Development Studies,"28,162",35.9,0%,28 : 72,
2026,1501+,University Mohamed Boudiaf of M’Sila,"32,500",17.5,1%,55 : 45,
2026,1501+,University of Abou Bekr Belkaïd Tlemcen,"40,061",15.7,1%,60 : 40,
2026,1501+,University of Al-Qadisiyah,"27,865",14.0,0%,54 : 46,
2026,1501+,University of Antofagasta,"7,763",10.1,3%,57 : 43,
2026,1501+,University of Babylon,"29,695",12.9,1%,55 : 45,
2026,1501+,University of Baghdad,"75,593",11.2,0%,60 : 40,
2026,1501+,University of Basrah,"88,218",22.8,0%,64 : 36,
2026,1501+,University of Batna 2,"25,264",13.1,1%,56 : 44,
2026,1501+,University of Béjaïa,"40,158",22.0,1%,60 : 40,
2026,1501+,University of Benin,"43,884",25.6,0%,50 : 50,
2026,1501+,University of Bío-Bío,"11,435",22.9,1%,43 : 57,
2026,1501+,University of Birjand,"12,169",33.9,4%,59 : 41,
2026,1501+,University of Biskra,"28,193",17.5,0%,63 : 37,
2026,1501+,University of Brawijaya,"47,186",16.1,4%,60 : 40,
2026,1501+,University of Calabar,"24,000",15.7,0%,88 : 12,
2026,1501+,University of Carthage,"32,944",10.6,1%,64 : 36,
2026,1501+,University of Cauca,"16,898",12.6,0%,49 : 51,
2026,1501+,University of Caxias do Sul,"13,482",29.8,0%,54 : 46,
2026,1501+,University of Chester,"11,380",18.4,28%,66 : 34,
2026,1501+,University of Costa Rica,"30,813",14.6,2%,52 : 48,
2026,1501+,University of Craiova,"16,584",17.0,4%,52 : 48,
2026,1501+,University of Cuenca,"16,641",19.9,1%,58 : 42,
2026,1501+,University of Dar es Salaam,"38,201",20.9,0%,48 : 52,
2026,1501+,University of Diyala,"26,009",13.8,0%,56 : 44,
2026,1501+,University of Economics in Prague,"14,471",28.3,30%,52 : 48,
2026,1501+,University of Fortaleza (UNIFOR),"23,797",24.8,0%,53 : 47,
2026,1501+,University of Fukui,"4,833",7.8,3%,30 : 70,
2026,1501+,University of Gdańsk,"18,116",10.0,3%,67 : 33,
2026,1501+,University of Guadalajara,"145,850",20.7,0%,55 : 45,
2026,1501+,University of Guanajuato,"31,014",21.0,0%,55 : 45,
2026,1501+,University of Havana,"16,451",11.1,3%,62 : 38,
2026,1501+,University of Hormozgan,"3,685",15.4,3%,66 : 34,
2026,1501+,University of Huelva,"10,926",13.7,3%,46 : 54,
2026,1501+,University of Hyogo,"6,551",12.5,3%,40 : 60,
2026,1501+,University of Jijel,"22,568",21.1,0%,70 : 30,
2026,1501+,University of Karachi,"47,940",39.8,0%,62 : 38,
2026,1501+,University of Kelaniya,"19,766",17.2,3%,66 : 34,
2026,1501+,University of Kerbala,"25,226",12.4,0%,55 : 45,
2026,1501+,University of Kirkuk,"23,071",13.9,0%,57 : 43,
2026,1501+,University of Kufa,"35,860",11.8,0%,59 : 41,
2026,1501+,University of Laghouat,"25,934",22.6,0%,48 : 52,
2026,1501+,University of Lampung,"27,602",15.6,0%,65 : 35,
2026,1501+,University of La Rochelle,"7,760",19.8,10%,55 : 45,
2026,1501+,University of La Sabana,"10,316",13.2,2%,57 : 43,
2026,1501+,University of Las Américas (UDLA),"14,757",11.2,3%,53 : 47,
2026,1501+,University of Lethbridge,"7,219",13.2,16%,,
2026,1501+,University of Life Sciences in Lublin,"6,705",10.2,3%,66 : 34,
2026,1501+,University of Lodz,"21,312",14.1,10%,61 : 39,
2026,1501+,University of Los Lagos,"6,923",19.0,0%,62 : 38,
2026,1501+,University of Lucknow,"16,650",22.3,3%,51 : 49,
2026,1501+,University of Macedonia,"11,703",56.3,5%,50 : 50,
2026,1501+,University of Mascara,"22,010",22.2,0%,63 : 37,
2026,1501+,University of Mataram,"30,131",22.1,0%,62 : 38,
2026,1501+,University of Medellín,"7,158",16.8,2%,53 : 47,
2026,1501+,University of Miskolc,"9,107",17.7,9%,51 : 49,
2026,1501+,University of Miyazaki,"5,444",7.8,2%,37 : 63,
2026,1501+,University of Monastir,"20,673",9.3,2%,68 : 32,
2026,1501+,University of Montenegro,"15,557",21.1,2%,61 : 39,
2026,1501+,University of Moratuwa,"11,079",22.1,0%,40 : 60,
2026,1501+,University of Mosul,"57,684",13.7,0%,56 : 44,
2026,1501+,University of Nairobi,"52,216",23.3,2%,45 : 55,
2026,1501+,University of Namibia,"25,403",18.7,3%,63 : 37,
2026,1501+,University of Northampton,"14,775",21.7,46%,63 : 37,
2026,1501+,University of Novi Sad,"49,296",14.0,7%,58 : 42,
2026,1501+,University of Oradea,"18,847",19.0,5%,60 : 40,
2026,1501+,University of Ostrava,"9,219",16.4,12%,70 : 30,
2026,1501+,University of Oum El Bouaghi,"12,471",11.0,0%,63 : 37,
2026,1501+,University of Pannonia,"5,317",20.0,6%,49 : 51,
2026,1501+,University of Pardubice,"7,339",15.3,9%,55 : 45,
2026,1501+,University of Passo Fundo (UPF),"6,729",15.2,0%,56 : 44,
2026,1501+,University of Pau and Pays de l’Adour,"13,266",13.4,16%,53 : 47,
2026,1501+,University of Pernambuco,"19,417",14.1,%,,
2026,1501+,University of Phayao,"21,363",21.8,0%,67 : 33,
2026,1501+,University of Port Harcourt,"42,613",30.1,0%,56 : 44,
2026,1501+,University of Primorska,"5,744",13.5,23%,76 : 24,
2026,1501+,University of Prishtina,"25,093",27.0,2%,68 : 32,
2026,1501+,University of Qom,"9,345",29.5,27%,46 : 54,
2026,1501+,University of Rijeka,"12,749",15.6,5%,59 : 41,
2026,1501+,University of Rwanda,"30,597",22.5,3%,38 : 62,
2026,1501+,University of Rzeszów,"13,491",12.1,3%,67 : 33,
2026,1501+,University of San Martín de Porres,"38,029",17.2,1%,65 : 35,
2026,1501+,"University of Santiago, Chile (USACH)","26,506",20.0,4%,45 : 55,
2026,1501+,University of Santo Tomas,"42,253",15.1,6%,58 : 42,
2026,1501+,University of Sarajevo,"21,375",13.0,3%,,
2026,1501+,University of Science and Technology of Oran Mohamed-Boudiaf,"19,249",10.3,1%,52 : 48,
2026,1501+,University of Sciences and Technology Houari Boumediene,"36,291",13.7,1%,59 : 41,
2026,1501+,University of Shizuoka,"3,252",12.0,3%,61 : 39,
2026,1501+,University of Silesia in Katowice,"17,261",10.6,5%,66 : 34,
2026,1501+,University of Sistan and Baluchestan,"8,848",24.7,1%,56 : 44,
2026,1501+,University of Sonora,"36,946",30.0,2%,58 : 42,
2026,1501+,University of Sousse,"29,075",13.1,2%,68 : 32,
2026,1501+,University of Sri Jayewardenepura,"20,006",25.3,0%,63 : 37,
2026,1501+,University of Sunderland,"15,945",14.4,53%,59 : 41,
2026,1501+,University of Szczecin,"9,446",9.8,6%,68 : 32,
2026,1501+,University of Taipei,"7,717",16.7,2%,61 : 39,
2026,1501+,University of Talca,"11,543",12.7,2%,51 : 49,
2026,1501+,University of Technology of Troyes,"2,898",17.9,24%,26 : 74,
2026,1501+,University of Texas Rio Grande Valley,"27,919",20.1,3%,61 : 39,
2026,1501+,"University of the Andes, Chile","10,398",17.7,2%,56 : 44,
2026,1501+,"University of the Andes, Venezuela","24,855",14.5,1%,60 : 40,
2026,1501+,University of the Arts London,"20,785",11.4,59%,76 : 24,
2026,1501+,"University of the North, Colombia","11,592",16.9,2%,49 : 51,
2026,1501+,University of the Ryukyus,"7,468",9.2,3%,38 : 62,
2026,1501+,University of Thi-Qar,"19,964",12.5,0%,63 : 37,
2026,1501+,University of Toyama,"8,960",10.7,3%,38 : 62,
2026,1501+,University of Tunis,"18,795",10.8,2%,68 : 32,
2026,1501+,University of Valparaíso,"16,514",17.9,3%,58 : 42,
2026,1501+,University of Warmia and Mazury in Olsztyn,"15,830",16.8,3%,61 : 39,
2026,1501+,University of West Attica,"59,127",44.1,2%,43 : 57,
2026,1501+,University of West Bohemia,"11,369",14.5,6%,54 : 46,
2026,1501+,University of Western Macedonia,"14,635",22.9,1%,51 : 49,
2026,1501+,University of Worcester,"7,725",18.2,18%,72 : 28,
2026,1501+,University of Yamanashi,"4,668",6.2,6%,31 : 69,
2026,1501+,University of Zambia,"29,300",31.2,5%,62 : 38,
2026,1501+,University of Zanjan,"9,883",23.7,0%,56 : 44,
2026,1501+,University of Zimbabwe,"24,488",19.1,1%,58 : 42,
2026,1501+,Uşak University,"18,671",26.4,9%,51 : 49,
2026,1501+,Üsküdar University,"17,011",28.5,21%,62 : 38,
2026,1501+,Utsunomiya University,"4,861",14.2,4%,36 : 64,
2026,1501+,Uzhhorod National University,"17,132",13.9,6%,56 : 44,
2026,1501+,Vali-e-Asr University of Rafsanjan,"6,371",21.7,1%,64 : 36,
2026,1501+,Van Yüzüncü Yil University,"21,117",16.7,3%,48 : 52,
2026,1501+,Vasyl Stefanyk Carpathian National University,"14,265",17.3,0%,67 : 33,
2026,1501+,"Vels Institute of Science, Technology and Advanced Studies (VISTAS)","15,173",15.7,0%,25 : 75,
2026,1501+,Vietnam National University (Ho Chi Minh City),"95,620",23.5,0%,46 : 54,
2026,1501+,"Vignan’s Foundation for Science, Technology and Research","8,362",12.8,4%,50 : 50,
2026,1501+,Vilnius Gediminas Technical University (Vilnius Tech),"8,333",13.1,21%,34 : 66,
2026,1501+,Vinayaka Mission’s Research Foundation,"14,971",8.7,0%,41 : 59,
2026,1501+,V.N. Karazin Kharkiv National University,"17,491",8.3,27%,51 : 49,
2026,1501+,Volgograd State Medical University,"9,367",8.2,27%,58 : 42,
2026,1501+,Volgograd State Technical University,"12,434",13.5,14%,33 : 67,
2026,1501+,Volgograd State University,"8,062",11.9,4%,53 : 47,
2026,1501+,Voronezh State Technical University,"10,855",12.8,9%,37 : 63,
2026,1501+,Voronezh State University,"17,718",12.3,14%,50 : 50,
2026,1501+,Warsaw University of Life Sciences – SGGW,"15,317",12.3,8%,59 : 41,
2026,1501+,Wasit University,"17,316",9.1,0%,53 : 47,
2026,1501+,West University of Timişoara,"14,808",19.6,6%,66 : 34,
2026,1501+,Wrocław University of Environmental and Life Sciences,"6,399",11.9,6%,67 : 33,
2026,1501+,Yamagata University,"8,664",9.1,3%,34 : 66,
2026,1501+,Yamaguchi University,"10,373",10.9,5%,38 : 62,
2026,1501+,Yasouj University,"4,104",16.3,4%,57 : 43,
2026,1501+,Yeditepe University,"17,879",21.7,7%,56 : 44,
2026,1501+,Yerevan State University,"14,333",7.2,3%,53 : 47,
2026,1501+,Yuriy Fedkovych Chernivtsi National University,"13,628",13.9,0%,47 : 53,
2026,1501+,Ziane Achour University of Djelfa,"24,721",16.0,0%,47 : 53,
2026,1501+,Zonguldak Bülent Ecevit University,"18,524",19.2,10%,53 : 47,
2026,Reporter,Abai Kazakh National Pedagogical University,"16,144",10.1,3%,76 : 24,
2026,Reporter,Abasyn University,"5,297",16.1,5%,36 : 64,
2026,Reporter,Abbes Laghrour University of Khenchala,"10,713",13.8,0%,67 : 33,
2026,Reporter,Abdelhafid Boussouf University Center of Mila,"10,653",20.6,0%,70 : 30,
2026,Reporter,Abertay University,"3,780",20.4,19%,46 : 54,
2026,Reporter,Aditya University,"5,216",14.4,1%,32 : 68,
2026,Reporter,Admiralty University of Nigeria,652,12.3,0%,29 : 71,
2026,Reporter,AECC University College,"1,035",15.9,35%,47 : 53,
2026,Reporter,Africa Renewal University,"1,370",20.4,10%,45 : 55,
2026,Reporter,Africa University,"2,523",36.0,26%,56 : 44,
2026,Reporter,Ahlia University,"1,080",10.2,21%,55 : 45,
2026,Reporter,Ahmed Draia University,"13,344",22.0,0%,61 : 39,
2026,Reporter,Ajeenkya DY Patil University,"3,793",15.5,0%,36 : 64,
2026,Reporter,Akenten Appiah-Menka University of Skills Training and Entrepreneurial Development,"25,371",100.3,0%,33 : 67,
2026,Reporter,Akhmet Yassawi University,"10,000",10.8,11%,46 : 54,
2026,Reporter,Akita Prefectural University,"1,878",9.1,1%,27 : 73,
2026,Reporter,Akli Mohand Oulhadj Bouira University,"21,197",25.2,0%,62 : 38,
2026,Reporter,Akwa Ibom State University,"10,360",19.9,0%,53 : 47,
2026,Reporter,Al-Amal College for Specialized Medical Sciences,"3,078",15.4,0%,41 : 59,
2026,Reporter,Al-Ameed University,"4,300",20.4,0%,40 : 60,
2026,Reporter,Alanya University,632,10.7,23%,10 : 90,
2026,Reporter,Alasmarya Islamic University,"15,444",11.0,2%,59 : 41,
2026,Reporter,Al-Ayen University,"16,400",11.7,0%,40 : 60,
2026,Reporter,Al-Bayan University,"8,667",45.9,0%,38 : 62,
2026,Reporter,Aleksandër Moisiu University,"13,299",42.5,0%,76 : 24,
2026,Reporter,Al-Esraa University,"17,121",41.2,0%,41 : 59,
2026,Reporter,Al-Farahidi University,"33,452",23.7,0%,55 : 45,
2026,Reporter,Alfraganus University,"2,331",9.0,1%,46 : 54,
2026,Reporter,Al-Hadba University,"7,820",26.1,0%,35 : 65,
2026,Reporter,Al-Hadi University College,"3,415",16.0,0%,35 : 65,
2026,Reporter,Al-Hikmah University,"8,065",16.9,0%,41 : 59,
2026,Reporter,Alikhan Bokeikhan University,"7,586",12.9,0%,45 : 55,
2026,Reporter,Al-Iraqia University,"20,307",14.9,0%,55 : 45,
2026,Reporter,Alisher Navo’i Tashkent State University of Uzbek Language and Literature,"4,553",11.7,7%,79 : 21,
2026,Reporter,Al-Janad University for Science and Technology,"2,957",55.8,0%,45 : 55,
2026,Reporter,Al-Karkh University of Science,"1,977",5.3,0%,49 : 51,
2026,Reporter,Al-Kitab University,"14,633",22.7,0%,36 : 64,
2026,Reporter,Almaaqal University,"10,631",53.2,0%,45 : 55,
2026,Reporter,AlMaarefa University,"3,345",15.9,25%,57 : 43,
2026,Reporter,Al-Madinah International University (MEDIU),"2,681",70.6,93%,36 : 64,
2026,Reporter,Al-Mansour University College,"4,360",28.7,0%,34 : 66,
2026,Reporter,Almaty Humanitarian-Economic University,"9,068",23.0,7%,55 : 45,
2026,Reporter,Almaty Management University (AlmaU),"5,325",18.7,3%,57 : 43,
2026,Reporter,Almazov National Medical Research Centre,"2,193",3.6,2%,73 : 27,
2026,Reporter,Al-Mustaqbal University,"12,322",18.1,0%,58 : 42,
2026,Reporter,Al-Nisour University,"6,300",27.4,0%,63 : 37,
2026,Reporter,Alnoor University,"10,033",22.4,0%,44 : 56,
2026,Reporter,Al-Qalam University College,"3,850",14.7,1%,38 : 62,
2026,Reporter,Al-Rafidain University College,"8,548",54.1,0%,47 : 53,
2026,Reporter,Al Ryada University for Science and Technology - RST,"2,931",18.9,0%,46 : 54,
2026,Reporter,Al-Shatrah University,"1,555",8.3,0%,40 : 60,
2026,Reporter,Altoosi University,"2,071",29.2,0%,48 : 52,
2026,Reporter,Al Turath University,"22,155",77.2,0%,45 : 55,
2026,Reporter,Al-Yarmok University College,"1,659",10.6,%,48 : 52,
2026,Reporter,Al-Zahraa University for Women,"5,470",20.4,0%,100 : 0,
2026,Reporter,Al-Zahrawi University College,"2,631",22.9,0%,60 : 40,
2026,Reporter,American University in Dubai,"1,903",14.9,70%,55 : 45,
2026,Reporter,American University in the Emirates (AUE),"1,640",15.7,46%,40 : 60,
2026,Reporter,American University of Ras Al Khaimah,"1,173",12.0,62%,47 : 53,
2026,Reporter,American University of Science,,,,,
2026,Reporter,"Amity University, Chhattisgarh","2,755",19.8,0%,51 : 49,
2026,Reporter,"Amity University, Gwalior","3,732",17.1,0%,38 : 62,
2026,Reporter,"Amity University, Mumbai","5,063",15.9,0%,51 : 49,
2026,Reporter,Amman Arab University,"4,447",22.0,18%,42 : 58,
2026,Reporter,Amol University of Special Modern Technologies,"1,552",24.3,2%,,
2026,Reporter,Andijan Machine-Building Institute,"6,654",16.3,3%,36 : 64,
2026,Reporter,Andijan State Medical Institute,"10,230",13.1,9%,39 : 61,
2026,Reporter,Andijan State Pedagogical Institute (ASPI),,,,,
2026,Reporter,Andijan State University,"14,046",23.4,0%,69 : 31,
2026,Reporter,Andrés Bello Catholic University (UCAB),"9,641",17.0,3%,50 : 50,
2026,Reporter,Anglo-American University,625,12.6,95%,74 : 26,
2026,Reporter,Ankara Hacı Bayram Veli University,"29,939",26.1,3%,56 : 44,
2026,Reporter,Ankara Science University,"2,015",21.4,7%,51 : 49,
2026,Reporter,Arab International University (AIU),"8,468",16.6,2%,50 : 50,
2026,Reporter,Arab Open University,"40,600",53.8,32%,51 : 49,
2026,Reporter,Arish University,"8,675",11.6,4%,61 : 39,
2026,Reporter,Arkin University of Creative Arts and Design (ARUCAD),"1,152",14.8,73%,52 : 48,
2026,Reporter,Armenian National Agrarian University,"2,939",6.1,0%,25 : 75,
2026,Reporter,Armenian State University of Economics,"5,788",6.8,3%,59 : 41,
2026,Reporter,Arts University Bournemouth,"3,740",14.4,20%,70 : 30,
2026,Reporter,Arts University Plymouth,960,10.7,11%,74 : 26,
2026,Reporter,Arturo Prat University,"9,977",22.2,6%,59 : 41,
2026,Reporter,Artvin Çoruh University,"6,058",10.9,3%,60 : 40,
2026,Reporter,Asahi University,"2,447",7.7,4%,37 : 63,
2026,Reporter,Asfendiyarov Kazakh National Medical University,"11,810",7.9,26%,65 : 35,
2026,Reporter,A'Sharqiyah University,"4,543",17.3,0%,77 : 23,
2026,Reporter,Ashoka University,"2,840",13.5,5%,57 : 43,
2026,Reporter,Astana International University AIU,"5,809",20.0,1%,72 : 28,
2026,Reporter,Astana Medical University,"9,256",8.7,8%,66 : 34,
2026,Reporter,Ateneo de Davao University,"8,190",45.5,1%,60 : 40,
2026,Reporter,Atlas University,"4,124",15.2,18%,68 : 32,
2026,Reporter,Atyrau University,"7,932",20.4,1%,63 : 37,
2026,Reporter,Audencia,"6,755",40.0,36%,50 : 50,
2026,Reporter,Augustine University,605,7.1,0%,41 : 59,
2026,Reporter,“Aurel Vlaicu” University of Arad,"5,154",24.1,2%,55 : 45,
2026,Reporter,Autonomous University of Asunción,"5,046",12.7,5%,51 : 49,
2026,Reporter,Autonomous University of Chiapas,"29,857",41.8,0%,47 : 53,
2026,Reporter,Avance International University,,,,,
2026,Reporter,Avicenna - Batumi Medical University,,,,,
2026,Reporter,Avicenna Tajik State Medical University,"13,024",14.4,12%,48 : 52,
2026,Reporter,Azerbaijan Medical University,"7,817",5.4,29%,63 : 37,
2026,Reporter,Azerbaijan State Agricultural University,"7,094",12.1,3%,33 : 67,
2026,Reporter,Azerbaijan State Pedagogical University,"8,400",6.8,2%,84 : 16,
2026,Reporter,Azerbaijan University of Architecture and Construction,"7,212",9.9,7%,45 : 55,
2026,Reporter,Baba Guru Nanak University,"1,174",12.2,0%,54 : 46,
2026,Reporter,Badr University in Cairo (BUC),"13,685",18.9,2%,45 : 55,
2026,Reporter,Bakrie University,"4,300",43.9,0%,60 : 40,
2026,Reporter,Baku Engineering University,"5,276",10.5,5%,32 : 68,
2026,Reporter,Baku Higher Oil School,"1,719",13.0,4%,36 : 64,
2026,Reporter,Baku Slavic University,"5,249",8.4,3%,71 : 29,
2026,Reporter,"Bamidele Olumilua University of Education, Science and Technology, Ikere-Ekiti","7,486",19.4,0%,51 : 49,
2026,Reporter,Bandirma Onyedi Eylül University,"14,047",31.4,16%,47 : 53,
2026,Reporter,Bangladesh University of Professionals,"9,720",18.9,1%,49 : 51,
2026,Reporter,Baqir Al Olum University,"2,600",10.9,4%,33 : 67,
2026,Reporter,Bath Spa University,"13,970",31.0,44%,54 : 46,
2026,Reporter,"Bauchi State University, Gadau","25,578",69.5,0%,36 : 64,
2026,Reporter,Bayburt University,"13,379",27.1,2%,55 : 45,
2026,Reporter,Bayelsa Medical University,776,8.0,0%,66 : 34,
2026,Reporter,Baze University,"6,551",11.8,0%,51 : 49,
2026,Reporter,Beaconhouse National University,"2,590",20.4,1%,51 : 49,
2026,Reporter,Begum Nusrat Bhutto (BNB) Women University Sukkur,"1,530",45.0,0%,100 : 0,
2026,Reporter,Belarusian State Medical University,"9,174",6.0,30%,54 : 46,
2026,Reporter,Belarusian State University of Informatics and Radioelectronics,"11,799",12.4,7%,25 : 75,
2026,Reporter,Bells University of Technology,"3,736",15.5,0%,27 : 73,
2026,Reporter,Bentley University,"4,833",14.2,17%,41 : 59,
2026,Reporter,Beykoz University,"2,740",12.4,17%,49 : 51,
2026,Reporter,Bicol University,"27,939",41.5,0%,64 : 36,
2026,Reporter,Bilad Alrafidain University,"22,500",36.0,0%,53 : 47,
2026,Reporter,Bila Tserkva National Agrarian University,"7,257",13.7,%,57 : 43,
2026,Reporter,BIMM Music Institute Birmingham,"6,865",40.4,13%,47 : 53,
2026,Reporter,Birmingham Newman University,"2,410",19.3,12%,76 : 24,
2026,Reporter,Bishop Grosseteste University,"1,865",18.7,7%,75 : 25,
2026,Reporter,Bloomsbury Institute London,"1,195",29.9,87%,47 : 53,
2026,Reporter,Bohdan Khmelnytsky National University of Cherkasy,"5,562",13.7,0%,56 : 44,
2026,Reporter,Borys Grinchenko Kyiv Metropolitan University,"8,230",11.8,0%,75 : 25,
2026,Reporter,Bowen University,"5,379",14.7,0%,55 : 45,
2026,Reporter,Brainware University,"12,592",24.8,1%,32 : 68,
2026,Reporter,Buana Perjuangan University Karawang,"11,789",109.2,0%,0 : 100,
2026,Reporter,Buckinghamshire New University,"18,940",44.0,60%,54 : 46,
2026,Reporter,Budapest Business School,"20,280",50.8,8%,60 : 40,
2026,Reporter,Budapest Metropolitan University,"7,309",29.5,12%,59 : 41,
2026,Reporter,Bukhara Engineering Technological Institute,"15,057",24.3,0%,22 : 78,
2026,Reporter,Bukhara State Medical Institute,"8,590",13.3,13%,53 : 47,
2026,Reporter,Bukhara State University,"22,532",19.2,0%,62 : 38,
2026,Reporter,Bulacan State University,"42,534",43.2,0%,57 : 43,
2026,Reporter,Bundelkhand University,"5,744",15.4,0%,43 : 57,
2026,Reporter,Cagayan State University,"43,045",55.9,0%,56 : 44,
2026,Reporter,Çağ University,"3,670",24.3,0%,55 : 45,
2026,Reporter,"California State University, Chico","12,496",19.0,2%,55 : 45,
2026,Reporter,Canadian International College - Cairo Campus of Cape Breton University Canada,"10,106",31.8,3%,33 : 67,
2026,Reporter,Capitol University,"4,035",17.9,0%,64 : 36,
2026,Reporter,Caraga State University - Ampayon Campus,"9,816",30.8,0%,55 : 45,
2026,Reporter,Carlemany University,"3,903",11.7,91%,51 : 49,
2026,Reporter,Catholic University in Erbil,594,7.6,4%,59 : 41,
2026,Reporter,Catholic University of Ávila,"7,931",11.0,3%,54 : 46,
2026,Reporter,Catholic University of Córdoba,"11,676",13.1,4%,62 : 38,
2026,Reporter,Catholic University of Uruguay,"5,269",11.0,7%,61 : 39,
2026,Reporter,Cebu Technological University,"68,022",48.7,0%,59 : 41,
2026,Reporter,CECOS University of IT and Emerging Sciences,"2,322",14.4,1%,17 : 83,
2026,Reporter,Central Asian University CAU,"1,505",13.1,3%,55 : 45,
2026,Reporter,Central Bicol State University of Agriculture,"21,620",55.7,0%,65 : 35,
2026,Reporter,Central Luzon State University,"13,261",26.2,0%,63 : 37,
2026,Reporter,Central Mindanao Colleges,"1,949",81.2,0%,91 : 9,
2026,Reporter,Central University of Europe,296,1.1,49%,50 : 50,
2026,Reporter,Centro de Estudios para la Calidad Educativa y la Investigación Científica (CECEIC),125,7.4,47%,53 : 47,
2026,Reporter,Centro Universitário Cesuca,"4,437",24.4,0%,69 : 31,
2026,Reporter,Centro Universitário de Jaguariúna,"3,167",12.6,0%,61 : 39,
2026,Reporter,Centro Universitário Integrado,"4,362",145.4,0%,68 : 32,
2026,Reporter,Centro Universitário Max Planck,"3,056",12.8,0%,58 : 42,
2026,Reporter,Centro Universitário Nossa Senhora do Patrocínio (CEUNSP),"9,138",67.7,0%,66 : 34,
2026,Reporter,CESI,"18,169",32.7,9%,25 : 75,
2026,Reporter,CETYS Universidad,"5,185",9.5,19%,44 : 56,
2026,Reporter,Chadli Bendjedid El Tarf University,"8,730",11.3,0%,100 : 0,
2026,Reporter,Charmo University,"1,732",9.5,0%,71 : 29,
2026,Reporter,Chernihiv Polytechnic National University,"4,010",16.0,1%,36 : 64,
2026,Reporter,Chhatrapati Shahu Ji Maharaj University,"8,861",28.0,0%,46 : 54,
2026,Reporter,Chirchik State Pedagogical Institute,"15,162",26.2,0%,72 : 28,
2026,Reporter,Cholistan University of Veterinary and Animal Sciences,"1,491",16.9,0%,37 : 63,
2026,Reporter,Cihan University – Erbil,"6,038",15.4,3%,44 : 56,
2026,Reporter,Cihan University Sulaimaniya,"1,493",14.6,1%,57 : 43,
2026,Reporter,City College of San Fernando Pampanga,"1,365",18.2,0%,66 : 34,
2026,Reporter,"City University of Science and Information Technology, Peshawar","4,700",28.1,2%,19 : 81,
2026,Reporter,Civil Aviation Academy,"1,783",20.3,3%,24 : 76,
2026,Reporter,Courtauld Institute of Art,560,12.4,41%,81 : 19,
2026,Reporter,Cranfield University,"3,550",7.9,71%,30 : 70,
2026,Reporter,Cruzeiro do Sul University,"45,451",79.7,0%,53 : 47,
2026,Reporter,Daaru Salaam University (DSU),,,,,
2026,Reporter,Daneshpajoohan Pishro Higher Education Institute,"3,290",47.0,0%,66 : 34,
2026,Reporter,Dawood University of Engineering and Technology,"4,823",21.7,1%,19 : 81,
2026,Reporter,Deen Dayal Upadhyaya Gorakhpur University,"10,538",30.6,0%,65 : 35,
2026,Reporter,De La Salle – College of Saint Benilde,"11,030",55.2,1%,47 : 53,
2026,Reporter,De La Salle Medical and Health Sciences Institute (DLSMHSI),"5,930",14.6,0%,70 : 30,
2026,Reporter,Dhakuakhana College Autonomous,840,17.9,0%,52 : 48,
2026,Reporter,DHA Suffa University,"2,932",20.9,0%,31 : 69,
2026,Reporter,Diplomat University,"1,369",19.6,1%,1 : 99,
2026,Reporter,Doğuş University,"6,459",24.4,3%,46 : 54,
2026,Reporter,Don Bosco University,"4,099",18.1,0%,48 : 52,
2026,Reporter,Don Mariano Marcos Memorial State University,"20,520",24.2,0%,55 : 45,
2026,Reporter,Dovletmammet Azadi Turkmen National Institute of World Languages,"5,367",18.8,0%,81 : 19,
2026,Reporter,Dr. Rafael Belloso Chacín Private University,"10,212",23.2,1%,51 : 49,
2026,Reporter,D. Serikbayev East Kazakhstan Technical University,"5,049",10.4,3%,31 : 69,
2026,Reporter,Duhok Polytechnic University,"2,709",5.9,1%,47 : 53,
2026,Reporter,Dulaty University,"13,108",10.8,1%,47 : 53,
2026,Reporter,EAE Business School,"2,067",8.3,50%,51 : 49,
2026,Reporter,EAN University,"23,574",22.3,1%,54 : 46,
2026,Reporter,École Nationale Polytechnique,"2,052",11.8,0%,47 : 53,
2026,Reporter,École Nationale Supérieure Agronomique,"1,502",10.8,0%,72 : 28,
2026,Reporter,École Nationale Supérieure de Biotechnologie Taoufik Khaznadar (ENSB),"1,287",13.5,0%,82 : 18,
2026,Reporter,École Nationale Supérieure des Sciences de la Mer et de l’Aménagement du Littoral (ENSSMAL),"1,019",12.7,0%,100 : 0,
2026,Reporter,Ecole Nationale Supérieure d'Hydraulique,"1,108",13.3,0%,44 : 56,
2026,Reporter,École Nationale Supérieure d’Informatique (ESI),"1,211",10.4,0%,51 : 49,
2026,Reporter,École National Polytechnique de Constantine,"1,183",11.3,0%,38 : 62,
2026,Reporter,École Normale Supérieure de Béchar,349,7.3,0%,86 : 14,
2026,Reporter,École Normale Supérieure de Bouzaréah,,,%,,
2026,Reporter,École Normale Supérieure de Kouba,"4,588",17.6,0%,82 : 18,
2026,Reporter,École Normale Supérieure de Laghouat,"3,854",22.9,0%,80 : 20,
2026,Reporter,École Normale Supérieure de Ouargla,"1,776",23.7,0%,86 : 14,
2026,Reporter,École Normale Supérieure El Katiba Assia Djebar Constantine (ENSC),,,%,,
2026,Reporter,École Polytechnique d’Architecture et d’Urbanisme,"1,521",11.4,0%,74 : 26,
2026,Reporter,École Supérieure des Sciences de l'Aliment et des Industries Agroalimentaires,"1,126",15.4,0%,95 : 5,
2026,Reporter,École Supérieure en Informatique 8 Mai 1945 de Sidi-Bel-Abbès,909,15.9,0%,34 : 66,
2026,Reporter,École Supérieure en Sciences Appliquées de Tlemcen,880,8.7,0%,44 : 56,
2026,Reporter,École Supérieure en Sciences Biologiques d’Oran (ESSBO),996,9.1,0%,70 : 30,
2026,Reporter,École Supérieure en Sciences et Technologies de l’Informatique et du Numérique (ESTIN),852,17.0,0%,45 : 55,
2026,Reporter,Ecotec University,"10,284",21.2,1%,58 : 42,
2026,Reporter,Effat University,"1,172",13.2,43%,90 : 10,
2026,Reporter,Egerton University,"20,143",42.4,0%,35 : 65,
2026,Reporter,Egyptian Chinese University,"6,066",55.1,0%,46 : 54,
2026,Reporter,Egyptian Russian University,"8,010",13.1,2%,46 : 54,
2026,Reporter,Egypt University of Informatics,"1,291",14.8,1%,35 : 65,
2026,Reporter,EIA University,"2,145",14.7,0%,44 : 56,
2026,Reporter,Elmergib University,"22,506",12.8,1%,42 : 58,
2026,Reporter,Emaan Institute of Management and Sciences,,,%,,
2026,Reporter,Emerson University Multan,"9,000",17.4,0%,34 : 66,
2026,Reporter,Emir Abdelkader University of Islamic Sciences,"4,487",14.2,1%,78 : 22,
2026,Reporter,Escola Superior de Ciências Sociais Artes e Humanidades,755,47.2,0%,27 : 73,
2026,Reporter,Escola Superior Pedagógica do Bengo,,,,,
2026,Reporter,Escola Superior Pedagógica do Bié,"2,365",24.4,0%,37 : 63,
2026,Reporter,Escola Superior Pedagógica do Cuanza Norte,,,,,
2026,Reporter,Escuela Superior Politécnica de Chimborazo,"17,108",15.7,1%,49 : 51,
2026,Reporter,ESIC University,"7,228",34.3,14%,49 : 51,
2026,Reporter,ESLSCA University,"3,412",310.2,4%,36 : 64,
2026,Reporter,Estonian Academy of Arts,"1,153",12.3,9%,,
2026,Reporter,Eszterházy Károly Catholic University,"5,458",15.2,2%,62 : 38,
2026,Reporter,EURECOM,562,20.1,69%,25 : 75,
2026,Reporter,European University,"2,754",3.3,82%,38 : 62,
2026,Reporter,European University of Armenia,"3,060",12.8,5%,54 : 46,
2026,Reporter,European University of Tirana,"2,307",14.1,0%,,
2026,Reporter,European University Ukraine,"5,322",23.9,0%,62 : 38,
2026,Reporter,"Evangel University, Akaeze","1,568",4.3,0%,67 : 33,
2026,Reporter,Externado University of Colombia,"13,221",8.9,1%,74 : 26,
2026,Reporter,Falmouth University,"6,720",21.0,11%,57 : 43,
2026,Reporter,Fatima Jinnah Women University,"6,477",34.5,0%,100 : 0,
2026,Reporter,Federal University of Lafia,"15,966",29.5,0%,51 : 49,
2026,Reporter,"Federal University of Petroleum Resources, Effurun","5,763",30.8,0%,20 : 80,
2026,Reporter,Fergana Polytechnic Institute,"14,690",18.2,1%,31 : 69,
2026,Reporter,Fergana State University,"20,270",20.8,1%,64 : 36,
2026,Reporter,Final International University,"3,970",4.3,53%,42 : 58,
2026,Reporter,Finis Terrae University,"10,227",9.0,4%,60 : 40,
2026,Reporter,Fo Guang University,"3,068",15.2,6%,53 : 47,
2026,Reporter,Forman Christian College,"5,548",19.3,0%,46 : 54,
2026,Reporter,Fountain University,"3,851",25.7,1%,51 : 49,
2026,Reporter,Francisk Skorina Gomel State University,"6,667",13.9,14%,72 : 28,
2026,Reporter,Frontier University Garowe,"1,028",8.1,11%,44 : 56,
2026,Reporter,FSG University Center,"2,130",10.4,0%,68 : 32,
2026,Reporter,Galala University,"7,757",37.5,0%,44 : 56,
2026,Reporter,Gangadhar Meher University,"6,407",66.7,0%,53 : 47,
2026,Reporter,Gaziantep Islamic Science and Technology University,"4,182",24.3,13%,61 : 39,
2026,Reporter,GD Goenka University,"4,930",19.3,10%,51 : 49,
2026,Reporter,General Sir John Kotelawala Defence University,"5,850",12.4,2%,50 : 50,
2026,Reporter,Ghazi University,"7,873",50.1,0%,33 : 67,
2026,Reporter,Glasgow School of Art,"2,625",15.9,43%,68 : 32,
2026,Reporter,Global College of Engineering and Technology,"2,480",49.6,6%,26 : 74,
2026,Reporter,Global Leadership University,"2,649",66.2,1%,72 : 28,
2026,Reporter,Godfrey Okoye University,"2,760",9.3,0%,49 : 51,
2026,Reporter,Gomel State Medical University,"3,618",8.9,21%,66 : 34,
2026,Reporter,Gonbad Kavous University,"3,284",9.7,0%,65 : 35,
2026,Reporter,Gordon College,"6,779",67.8,0%,60 : 40,
2026,Reporter,Government College Women University Faisalabad,"11,839",29.5,0%,100 : 0,
2026,Reporter,"Government College Women University, Sialkot","7,982",41.1,0%,100 : 0,
2026,Reporter,Graduate University of Advanced Technology,503,3.4,0%,61 : 39,
2026,Reporter,Grodno State Medical University,"5,124",9.7,24%,67 : 33,
2026,Reporter,Guildhall School of Music and Drama,"1,005",4.7,34%,46 : 54,
2026,Reporter,Guimaras State University,"8,050",41.3,0%,54 : 46,
2026,Reporter,Gulf College,"3,413",31.3,5%,45 : 55,
2026,Reporter,Gulf Medical University,"2,345",14.9,92%,72 : 28,
2026,Reporter,Gulf University,943,10.6,20%,55 : 45,
2026,Reporter,Gulf University for Science and Technology,"1,715",11.3,14%,52 : 48,
2026,Reporter,Gulistan State University,"9,057",15.9,0%,46 : 54,
2026,Reporter,Hadhramout University,"11,185",11.2,12%,54 : 46,
2026,Reporter,Hagoromo University of International Studies,"1,132",22.6,17%,51 : 49,
2026,Reporter,Hakuoh University,"5,222",42.5,0%,44 : 56,
2026,Reporter,Häme University of Applied Sciences,"8,202",37.1,13%,54 : 46,
2026,Reporter,Hanseo University,"6,001",24.3,5%,37 : 63,
2026,Reporter,Harper Adams University,"3,035",17.3,6%,62 : 38,
2026,Reporter,Hartpury University,"2,250",16.7,11%,70 : 30,
2026,Reporter,Hawler Medical University,"4,278",7.0,1%,62 : 38,
2026,Reporter,Hebron University,"10,301",12.0,22%,71 : 29,
2026,Reporter,"Higher National School of Renewable Energies, Environment & Sustainable Development",859,16.8,0%,100 : 0,
2026,Reporter,Higher School of Agronomy – Mostaganem (ESAM),861,13.9,0%,70 : 30,
2026,Reporter,Higher School of Commerce of Algiers,,,%,,
2026,Reporter,Higher School of Management and Digital Economy (HSMDE),,,%,,
2026,Reporter,Hilla University College,"7,775",17.4,0%,50 : 50,
2026,Reporter,Hiroshima International University,"4,019",15.2,1%,47 : 53,
2026,Reporter,HITEC University,"3,022",21.3,0%,20 : 80,
2026,Reporter,Horus University,"13,608",16.9,0%,47 : 53,
2026,Reporter,Ho Technical University,"5,266",21.4,0%,36 : 64,
2026,Reporter,Hryhorii Skovoroda University in Pereiaslav,"7,110",23.5,2%,52 : 48,
2026,Reporter,Hyogo University of Teacher Education,"1,151",8.7,1%,59 : 41,
2026,Reporter,Iași University of Life Sciences,"4,125",15.8,9%,58 : 42,
2026,Reporter,"ICFAI University, Dehradun","2,217",32.1,0%,45 : 55,
2026,Reporter,Igbinedion University Okada,"5,287",13.2,0%,58 : 42,
2026,Reporter,IIMT University,"7,122",15.0,0%,35 : 65,
2026,Reporter,Ilma University,"5,144",20.3,0%,22 : 78,
2026,Reporter,Imam Alkadhim University College,"9,758",17.8,0%,57 : 43,
2026,Reporter,Imam Ja’afar Al-Sadiq University,"20,100",24.5,0%,27 : 73,
2026,Reporter,Imam Reza International University,"8,276",10.1,11%,54 : 46,
2026,Reporter,IMT Mines Alès,"1,353",12.5,16%,30 : 70,
2026,Reporter,"Independent University, Bangladesh","11,779",29.4,0%,47 : 53,
2026,Reporter,Indian Institute of Science Education and Research Tirupati,"1,024",13.0,0%,40 : 60,
2026,Reporter,Information Technology University of the Punjab,"1,394",13.3,0%,24 : 76,
2026,Reporter,Institute of Agriculture and Agrotechnologies of Karakalpakstan,"3,553",17.4,0%,44 : 56,
2026,Reporter,Institute of Cancer Research,260,3.3,40%,71 : 29,
2026,Reporter,Institute of International Relations of the Ministry of Foreign Affairs of Turkmenistan,,,,,
2026,Reporter,Institute of Telecommunications and Informatics of Turkmenistan,"3,000",10.0,0%,23 : 77,
2026,Reporter,Instituto Superior de Ciências da Educação da Huíla,"5,638",21.3,0%,40 : 60,
2026,Reporter,Instituto Superior de Ciências da Educação de Benguela,"2,299",22.3,0%,34 : 66,
2026,Reporter,Instituto Superior de Ciências da Educação de Luanda,"3,000",28.0,0%,23 : 77,
2026,Reporter,Instituto Superior de Ciências da Educação do Huambo,"2,483",27.9,0%,36 : 64,
2026,Reporter,Instituto Superior de Ciências de Educação de Cabinda,,,,,
2026,Reporter,Instituto Superior de Ciências de Educação do Sumbe,,,,,
2026,Reporter,Instituto Superior Politécnico de Ndalatando,"2,847",36.5,0%,26 : 74,
2026,Reporter,Instituto Superior Politécnico de Soyo,"2,272",22.9,0%,42 : 58,
2026,Reporter,Instituto Superior Politécnico do Bengo,,,,,
2026,Reporter,Instituto Superior Politécnico do Bié,,,,,
2026,Reporter,Instituto Superior Politécnico do Cuanza Sul,"1,284",15.1,0%,42 : 58,
2026,Reporter,Instituto Superior Politécnico do Moxico,,,,,
2026,Reporter,Instituto Superior Universitário Nimi Ya Lukeni,,,,,
2026,Reporter,Instituto Tecnológico de Buenos Aires (ITBA),"3,901",9.5,6%,38 : 62,
2026,Reporter,Institut Teknologi Nasional Bandung (ITENAS Bandung),"7,035",25.6,0%,24 : 76,
2026,Reporter,Institut Teknologi PLN,"4,270",21.1,0%,28 : 72,
2026,Reporter,International IT University,"4,416",16.3,1%,22 : 78,
2026,Reporter,International University for the Humanities and Development,"2,150",17.9,0%,64 : 36,
2026,Reporter,International University of Erbil,271,6.6,1%,57 : 43,
2026,Reporter,International University of Grand-Bassam (IUGB),958,10.3,15%,42 : 58,
2026,Reporter,Interregional Academy of Personnel Management (IAPM),"7,016",6.0,11%,53 : 47,
2026,Reporter,Ion Mincu University of Architecture and Urbanism,"3,529",8.8,3%,72 : 28,
2026,Reporter,Iqra National University,"5,136",22.9,1%,30 : 70,
2026,Reporter,Israel Technological University,"3,157",29.8,1%,33 : 67,
2026,Reporter,Istanbul Gedik University,"10,049",34.7,21%,43 : 57,
2026,Reporter,Istanbul Kültür University,"15,070",33.6,7%,48 : 52,
2026,Reporter,İstanbul Nişantaşi University,"19,868",27.1,29%,40 : 60,
2026,Reporter,İstanbul Topkapı University,"5,332",34.4,9%,36 : 64,
2026,Reporter,Istanbul Yeni Yuzyil University,"5,734",14.9,23%,59 : 41,
2026,Reporter,IUBAT – International University of Business Agriculture and Technology,"7,883",23.8,1%,35 : 65,
2026,Reporter,Jabir ibn Hayyan University for Medical and Pharmaceutical Sciences,"2,373",7.4,0%,58 : 42,
2026,Reporter,Jadara University,"5,436",10.9,21%,54 : 46,
2026,Reporter,Japan Advanced Institute of Science and Technology (JAIST),"1,141",7.4,40%,23 : 77,
2026,Reporter,Jaramogi Oginga Odinga University of Science and Technology,"8,514",37.3,1%,34 : 66,
2026,Reporter,"Jaypee University of Engineering and Technology, Guna","1,820",23.6,0%,20 : 80,
2026,Reporter,Jesselton University College,170,5.2,32%,44 : 56,
2026,Reporter,Jinnah Sindh Medical University,"4,840",15.1,2%,70 : 30,
2026,Reporter,Jizzakh Polytechnic Institute,"9,468",18.5,0%,19 : 81,
2026,Reporter,Jizzakh State Pedagogical University,"20,750",29.9,0%,73 : 27,
2026,Reporter,João Pessoa University Center (UNIPÊ),"10,339",31.9,0%,61 : 39,
2026,Reporter,John von Neumann University,"3,785",18.7,2%,26 : 74,
2026,Reporter,JSSATE Bengaluru,"3,146",16.6,%,28 : 72,
2026,Reporter,Kabarak University,"8,399",37.0,0%,48 : 52,
2026,Reporter,Kabardino-Balkarian State University,"13,205",23.1,18%,44 : 56,
2026,Reporter,Kabul University,"15,084",20.7,0%,40 : 60,
2026,Reporter,Kaduna State University,"27,069",23.7,0%,56 : 44,
2026,Reporter,Kamianets-Podіlskyi Ivan Ohiienko National University,"4,650",16.6,0%,64 : 36,
2026,Reporter,Karakalpak State University,"29,293",24.3,1%,48 : 52,
2026,Reporter,Karakoram International University,"2,803",18.0,%,49 : 51,
2026,Reporter,Karatina University,"8,421",58.5,0%,41 : 59,
2026,Reporter,Karshi State University,"12,726",16.8,0%,57 : 43,
2026,Reporter,Kayseri University,"3,692",17.3,2%,45 : 55,
2026,Reporter,Kazakh-British Technical University,"4,853",22.2,3%,42 : 58,
2026,Reporter,Kazakh National Women’s Teacher Training University,"8,615",17.7,2%,100 : 0,
2026,Reporter,Kermanshah University of Technology,"2,166",14.8,1%,22 : 78,
2026,Reporter,Kharkiv Humanitarian-Pedagogical Academy,"1,936",7.0,0%,66 : 34,
2026,Reporter,Kharkiv International Medical University,316,12.6,71%,48 : 52,
2026,Reporter,Kharkiv National University of Internal Affairs,"7,268",16.9,3%,47 : 53,
2026,Reporter,Kharkiv University of Humanities “People’s Ukrainian Academy”,296,7.2,0%,50 : 50,
2026,Reporter,Khemis Miliana University,"17,996",21.0,0%,57 : 43,
2026,Reporter,Kherson State Agrarian and Economic University,"2,461",11.7,0%,30 : 70,
2026,Reporter,Kherson State Maritime Academy,"1,326",9.3,2%,1 : 99,
2026,Reporter,Kherson State University,"2,537",9.5,0%,95 : 5,
2026,Reporter,Khmelnytskyi National University,"6,241",11.4,1%,39 : 61,
2026,Reporter,Khyber Medical University,"9,091",21.5,3%,34 : 66,
2026,Reporter,Kibabii University,"8,176",70.5,0%,41 : 59,
2026,Reporter,Kimyo International University in Tashkent,"10,228",20.3,11%,66 : 34,
2026,Reporter,King Abdullah University of Science and Technology (KAUST),"1,620",8.5,69%,38 : 62,
2026,Reporter,King Danylo University,"2,930",14.2,0%,37 : 63,
2026,Reporter,Kingdom University,950,22.1,8%,53 : 47,
2026,Reporter,King Edward Medical University,"3,525",12.7,2%,66 : 34,
2026,Reporter,Kinnaird College for Women,"3,350",19.3,0%,100 : 0,
2026,Reporter,Klaipeda University,"2,213",7.7,12%,67 : 33,
2026,Reporter,Knowledge University,"3,653",14.4,1%,45 : 55,
2026,Reporter,Kobe Gakuin University,"8,359",25.6,2%,38 : 62,
2026,Reporter,Kocaeli Health and Technology University,"1,887",27.0,30%,57 : 43,
2026,Reporter,Kokshetau State University,"7,925",10.1,6%,63 : 37,
2026,Reporter,Komar University of Science and Technology,"2,829",8.5,0%,49 : 51,
2026,Reporter,Konan University,"9,008",26.1,0%,41 : 59,
2026,Reporter,Korkyt Ata Kyzylorda University,"10,287",18.4,1%,54 : 46,
2026,Reporter,Koya University,"4,688",7.7,1%,50 : 50,
2026,Reporter,Krasnoyarsk State Medical University,"5,418",8.5,8%,67 : 33,
2026,Reporter,Krok University,"3,592",29.9,2%,47 : 53,
2026,Reporter,K.S.Rangasamy College of Technology,"4,196",14.2,0%,39 : 61,
2026,Reporter,Kumasi Technical University,"13,190",46.4,1%,33 : 67,
2026,Reporter,Kurdistan Technical Institute,"1,808",15.5,0%,56 : 44,
2026,Reporter,Kursk State Medical University,"6,780",12.1,26%,64 : 36,
2026,Reporter,Kütahya Health Sciences University,"3,944",11.9,1%,69 : 31,
2026,Reporter,Kut University College,"12,181",11.1,0%,47 : 53,
2026,Reporter,Kuwait College of Science and Technology (KCST),"1,567",23.7,7%,53 : 47,
2026,Reporter,Kyiv National Economic University,"10,930",12.6,0%,56 : 44,
2026,Reporter,Kyiv National University of Technologies and Design,"7,061",31.1,19%,52 : 48,
2026,Reporter,Kyoai Gakuen University,"1,193",18.9,2%,62 : 38,
2026,Reporter,Kyoto Sangyo University,"13,343",23.4,2%,34 : 66,
2026,Reporter,Kyrgyz National University named after Jusup Balasagyn,"13,992",21.1,2%,58 : 42,
2026,Reporter,Kyrgyz-Turkish Manas University,"4,097",13.3,14%,69 : 31,
2026,Reporter,Kyungdong University,"7,060",18.7,12%,56 : 44,
2026,Reporter,K. Zhubanov Aktobe Regional University,"13,666",22.7,1%,62 : 38,
2026,Reporter,Lagos State University of Education,"11,362",21.9,0%,60 : 40,
2026,Reporter,Lagos State University of Science and Technology,"5,754",21.4,%,43 : 57,
2026,Reporter,Lahore Garrison University,"6,225",21.0,0%,40 : 60,
2026,Reporter,Lankaran State University,"6,098",9.5,1%,50 : 50,
2026,Reporter,La Salle University (Colombia),"8,891",17.7,1%,57 : 43,
2026,Reporter,Law Enforcement Academy of the Republic of Uzbekistan,"1,199",11.2,0%,14 : 86,
2026,Reporter,Lead City University,"9,338",23.7,0%,54 : 46,
2026,Reporter,Lebanese French University,"2,001",22.2,0%,41 : 59,
2026,Reporter,Leeds Arts University,"2,185",16.2,15%,75 : 25,
2026,Reporter,Leeds Conservatoire,"1,410",23.5,10%,38 : 62,
2026,Reporter,Leeds Trinity University,"11,690",53.1,48%,56 : 44,
2026,Reporter,Lesya Ukrainka Volyn National University,"11,305",17.8,2%,66 : 34,
2026,Reporter,Leyte Normal University,"8,033",24.6,0%,77 : 23,
2026,Reporter,Liaquat University of Medical and Health Sciences (LUMHS),"15,173",9.6,1%,50 : 50,
2026,Reporter,Liverpool Institute for Performing Arts,950,17.3,27%,57 : 43,
2026,Reporter,Liverpool School of Tropical Medicine,155,1.7,36%,68 : 32,
2026,Reporter,London Academy of Music and Dramatic Art (LAMDA),300,5.5,50%,59 : 41,
2026,Reporter,London Business School,"1,785",17.9,91%,40 : 60,
2026,Reporter,London Film School,250,7.1,87%,49 : 51,
2026,Reporter,London School of Hygiene and Tropical Medicine,825,1.6,65%,70 : 30,
2026,Reporter,Lords University,866,6.9,0%,31 : 69,
2026,Reporter,LSPR Institute of Communication & Business,"5,605",35.5,0%,51 : 49,
2026,Reporter,Lutsk National Technical University,"9,794",22.6,0%,26 : 74,
2026,Reporter,Luxor University,"3,365",9.5,2%,59 : 41,
2026,Reporter,Lyceum-Northwestern University,"11,905",52.2,11%,58 : 42,
2026,Reporter,Machakos University,"11,663",56.1,0%,36 : 64,
2026,Reporter,Magtymguly Turkmen State University,"8,046",12.4,0%,62 : 38,
2026,Reporter,Mahatma Jyotiba Phule Rohilkhand University,"3,053",9.7,2%,49 : 51,
2026,Reporter,Malatya Turgut Ozal University,"3,858",12.3,2%,48 : 52,
2026,Reporter,Malawi University of Science and Technology (MUST),"3,900",14.7,0%,34 : 66,
2026,Reporter,Mangalayatan University Jabalpur,"2,171",16.7,0%,39 : 61,
2026,Reporter,Manila Central University,"2,400",7.1,5%,70 : 30,
2026,Reporter,Mansoura National University,"3,988",9.8,0%,43 : 57,
2026,Reporter,Mapúa Malayan Colleges Laguna,"4,821",37.1,0%,40 : 60,
2026,Reporter,Mardin Artuklu University,"10,582",21.8,14%,51 : 49,
2026,Reporter,Marinduque State University,"9,683",56.3,0%,53 : 47,
2026,Reporter,Maritime University of Szczecin,"2,681",24.6,18%,23 : 77,
2026,Reporter,Marwadi University,"5,256",10.2,22%,45 : 55,
2026,Reporter,Maryam Abacha American University of Niger,"9,658",11.3,62%,55 : 45,
2026,Reporter,Maryam Abacha American University of Nigeria,"7,066",12.4,11%,76 : 24,
2026,Reporter,Medizinische Hochschule Hannover,"4,130",10.7,13%,64 : 36,
2026,Reporter,Meikai University,"4,851",17.4,14%,44 : 56,
2026,Reporter,Menoufia National University,152,4.2,0%,15 : 85,
2026,Reporter,Metropolitan International University,,,,,
2026,Reporter,Middle East College,939,29.3,2%,44 : 56,
2026,Reporter,Middle East University,"5,022",17.9,27%,51 : 49,
2026,Reporter,Middle East University – Lebanon,106,4.7,36%,45 : 55,
2026,Reporter,Midocean University,"21,000",107.7,100%,50 : 50,
2026,Reporter,Mingachevir State University (MSU),"5,191",20.2,0%,55 : 45,
2026,Reporter,Minhaj University Lahore,"2,845",7.2,0%,55 : 45,
2026,Reporter,Misurata University,"19,154",13.2,1%,64 : 36,
2026,Reporter,"MIT Art, Design and Technology University","10,241",16.7,1%,51 : 49,
2026,Reporter,Modern University for Business and Science,"1,693",12.9,6%,62 : 38,
2026,Reporter,Modulo University Center,"3,669",51.7,0%,69 : 31,
2026,Reporter,Mohammad Ali Jinnah University,"7,251",28.8,0%,34 : 66,
2026,Reporter,Mohammed VI University of Sciences and Health,"5,752",15.4,5%,67 : 33,
2026,Reporter,Moscow City University,"10,395",10.7,5%,69 : 31,
2026,Reporter,Moscow State Linguistic University,"6,262",6.4,12%,72 : 28,
2026,Reporter,Moscow State Tchaikovsky Conservatory,"1,589",3.6,27%,48 : 52,
2026,Reporter,Mount Kenya University,"101,040",158.4,4%,40 : 60,
2026,Reporter,Muban Chombueng Rajabhat University,"4,159",14.0,0%,60 : 40,
2026,Reporter,Muhammadiyah University of Makassar,"16,186",22.0,1%,61 : 39,
2026,Reporter,Muhammadiyah University of North Sumatra,"13,794",18.8,1%,48 : 52,
2026,Reporter,Muhammadiyah University of Sidoarjo,"8,499",34.4,2%,54 : 46,
2026,Reporter,"Muhammad Nawaz Sharif University of Engineering & Technology, Multan","1,075",21.9,0%,13 : 87,
2026,Reporter,Mukogawa Women’s University,"9,212",25.4,0%,100 : 0,
2026,Reporter,Mulungushi University,"12,171",87.6,2%,45 : 55,
2026,Reporter,Murang'a University of Technology,"9,666",44.5,0%,34 : 66,
2026,Reporter,Musashino University,"9,955",21.2,9%,57 : 43,
2026,Reporter,Myrat Garryyev State Medical University of Turkmenistan,"4,940",7.9,%,61 : 39,
2026,Reporter,Nahdlatul Ulama University Surabaya,"8,979",31.5,0%,80 : 20,
2026,Reporter,Nakhon Ratchasima Rajabhat University,"13,440",23.8,1%,68 : 32,
2026,Reporter,Namangan State Pedagogical Institute,"7,823",55.9,0%,74 : 26,
2026,Reporter,Namangan State Technical University,"13,411",12.8,0%,13 : 87,
2026,Reporter,Narxoz University,"5,700",8.6,10%,52 : 48,
2026,Reporter,"Nasarawa State University, Keffi","30,084",14.9,6%,51 : 49,
2026,Reporter,National Defence University - Pakistan,"2,733",13.7,2%,37 : 63,
2026,Reporter,National Film and Television School,440,6.8,39%,50 : 50,
2026,Reporter,National Polytechnic University of Armenia,"5,056",8.2,4%,36 : 64,
2026,Reporter,National School of Artificial Intelligence (ENSIA),926,18.9,1%,54 : 46,
2026,Reporter,National Taichung University of Education,"5,090",25.3,4%,68 : 32,
2026,Reporter,National Transport University,"6,528",11.6,0%,28 : 72,
2026,Reporter,National University Odessa Law Academy,"11,003",18.2,1%,58 : 42,
2026,Reporter,National University of Education (UNAE),"6,124",25.1,1%,70 : 30,
2026,Reporter,National University of Food Technologies,"4,773",10.1,0%,,
2026,Reporter,National University of Loja,"15,448",19.7,1%,60 : 40,
2026,Reporter,National University of Modern Languages (NUML),"15,152",17.5,1%,42 : 58,
2026,Reporter,National University of Pharmacy,"9,086",39.0,2%,17 : 83,
2026,Reporter,National University of Science and Technology (Iraq),"9,166",22.5,0%,53 : 47,
2026,Reporter,National University of Science and Technology (NUST),"10,509",20.8,0%,42 : 58,
2026,Reporter,"National University of Science and Technology, Oman","5,101",17.4,8%,63 : 37,
2026,Reporter,National University of Technology,"1,153",8.9,0%,15 : 85,
2026,Reporter,National University Philippines,"39,823",22.1,0%,60 : 40,
2026,Reporter,National University “Yuri Kondratyuk Poltava Polytechnic”,"9,137",12.2,4%,46 : 54,
2026,Reporter,Navoi State University,"11,326",21.0,0%,87 : 13,
2026,Reporter,Navoi State University of Mining and Technologies,"10,822",17.2,1%,30 : 70,
2026,Reporter,New Model Institute for Technology and Engineering (NMITE),65,,14%,25 : 75,
2026,Reporter,Niigata University of Health and Welfare,"4,798",18.3,0%,50 : 50,
2026,Reporter,Ninevah University,"4,871",10.1,0%,43 : 57,
2026,Reporter,North Borneo University College,417,6.0,0%,59 : 41,
2026,Reporter,Northern University,,,%,,
2026,Reporter,Norwich University of the Arts,"2,745",14.8,12%,65 : 35,
2026,Reporter,Notre Dame of Dadiangas University,"7,193",51.7,0%,34 : 66,
2026,Reporter,NSBM Green University,"12,432",48.0,0%,52 : 48,
2026,Reporter,Nueva Ecija University of Science and Technology (NEUST),"28,133",56.9,1%,55 : 45,
2026,Reporter,Nueva Vizcaya State University,"14,312",13.3,0%,61 : 39,
2026,Reporter,Nukus Innovation Institute,"2,035",14.7,0%,57 : 43,
2026,Reporter,Nusa Putra University,"5,998",19.7,5%,44 : 56,
2026,Reporter,Odesa National Maritime University,"5,304",8.7,1%,50 : 50,
2026,Reporter,Odesa Polytechnic National University,"8,688",14.2,1%,30 : 70,
2026,Reporter,Oguz Han Engineering and Technology University of Turkmenistan,"4,326",17.9,0%,54 : 46,
2026,Reporter,Oman Dental College,408,13.6,24%,90 : 10,
2026,Reporter,O.M. Beketov National University of Urban Economy in Kharkiv,"7,319",14.0,3%,37 : 63,
2026,Reporter,Omsk State Agrarian University,"10,087",26.9,6%,49 : 51,
2026,Reporter,Oran Graduate School of Economics,"1,214",12.8,0%,73 : 27,
2026,Reporter,Orel State Agrarian University named after N.V. Parahin,"1,975",11.8,9%,41 : 59,
2026,Reporter,Orel State University named after I.S. Turgenev,"14,409",18.8,15%,55 : 45,
2026,Reporter,ORT Uruguay University,"4,999",7.0,3%,46 : 54,
2026,Reporter,Ostrogradsky National University of Kremenchuk,"3,529",12.5,0%,46 : 54,
2026,Reporter,Otemon Gakuin University,"8,216",38.9,3%,36 : 64,
2026,Reporter,Pacific National University,"11,465",19.8,9%,69 : 31,
2026,Reporter,Palestine Ahliya University,"2,446",19.7,18%,60 : 40,
2026,Reporter,Palestine Polytechnic University,"6,447",15.5,3%,62 : 38,
2026,Reporter,Palestine Technical University – Kadoorie,"4,987",14.5,7%,61 : 39,
2026,Reporter,Pangasinan State University,"21,604",30.1,0%,71 : 29,
2026,Reporter,Panteion University of Social and Political Sciences,"23,198",84.4,1%,61 : 39,
2026,Reporter,Panthéon-Assas University (Paris 2),"22,151",80.8,12%,62 : 38,
2026,Reporter,Parahyangan Catholic University,"9,343",,%,,
2026,Reporter,Parul University,"33,904",14.4,10%,43 : 57,
2026,Reporter,Pavlo Tychyna Uman State Pedagogical University,"6,456",12.4,1%,56 : 44,
2026,Reporter,Peoples University of Medical & Health Sciences for Women - Shaheed Benazirabad,"6,517",26.1,1%,64 : 36,
2026,Reporter,Petra Christian University,"6,629",15.5,0%,47 : 53,
2026,Reporter,Petroleum Higher School,"1,691",13.4,9%,32 : 68,
2026,Reporter,Petroleum University of Technology,"1,741",31.1,0%,22 : 78,
2026,Reporter,Pharos University,"11,526",17.0,1%,49 : 51,
2026,Reporter,Philadelphia University (Jordan),"5,202",22.0,43%,49 : 51,
2026,Reporter,Piri Reis University,"4,689",22.0,0%,26 : 74,
2026,Reporter,Platov South-Russian State Polytechnic University (NPI),"6,121",7.9,11%,23 : 77,
2026,Reporter,Plymouth Marjon University,"2,305",21.0,3%,58 : 42,
2026,Reporter,Polissia National University,"4,338",16.0,0%,32 : 68,
2026,Reporter,Polis University,"1,617",10.2,2%,56 : 44,
2026,Reporter,Poltava State Medical University,"3,803",6.5,17%,61 : 39,
2026,Reporter,Poltava V.G. Korolenko National Pedagogical University (PNPU),"7,426",26.6,1%,63 : 37,
2026,Reporter,Polytechnic of Guarda,"2,768",12.2,8%,55 : 45,
2026,Reporter,Polytechnic University of the Philippines,"52,205",33.4,0%,65 : 35,
2026,Reporter,Pontificia Universidad Católica Madre y Maestra (PUCMM),"11,054",13.4,9%,61 : 39,
2026,Reporter,Positivo University,"3,666",1.3,5%,63 : 37,
2026,Reporter,PSB University Cambodia,,,,,
2026,Reporter,PUC-Campinas,"7,270",16.5,1%,60 : 40,
2026,Reporter,Qaiwan International University,757,3.0,1%,50 : 50,
2026,Reporter,"Quaid-e-Awam University of Engineering, Science and Technology (QUEST)","4,919",23.3,0%,15 : 85,
2026,Reporter,Queen Margaret University,"5,310",21.7,27%,78 : 22,
2026,Reporter,Queensland University,32,3.2,0%,22 : 78,
2026,Reporter,Quezon City University,"10,599",41.1,0%,,
2026,Reporter,Q University,"1,277",10.0,0%,45 : 55,
2026,Reporter,Raden Mas Said State Islamic University Surakarta,"19,765",52.0,0%,61 : 39,
2026,Reporter,Rajamangala University of Technology Krungthep,"9,573",20.4,1%,53 : 47,
2026,Reporter,Rajamangala University of Technology Phra Nakhon,"10,414",20.7,1%,52 : 48,
2026,Reporter,Rajamangala University of Technology Suvarnabhumi,"10,078",21.7,0%,28 : 72,
2026,Reporter,Rajarata University of Sri Lanka,"9,607",31.1,0%,68 : 32,
2026,Reporter,RAK Medical and Health Sciences University,"1,200",11.8,84%,66 : 34,
2026,Reporter,Rawalpindi Medical University,"4,115",11.2,1%,76 : 24,
2026,Reporter,Redeemer’s University,"6,159",19.9,0%,50 : 50,
2026,Reporter,Riara University,"2,437",22.0,4%,45 : 55,
2026,Reporter,Ritsumeikan Asia Pacific University (APU),"5,553",21.7,45%,52 : 48,
2026,Reporter,Rivers State University,"23,975",2.0,1%,48 : 52,
2026,Reporter,Roi Et Rajabhat University,"5,199",13.6,0%,64 : 36,
2026,Reporter,Rome Business School,"2,036",10.9,71%,58 : 42,
2026,Reporter,Rose Bruford College,920,26.3,18%,57 : 43,
2026,Reporter,Rostov State University of Economics,"17,912",21.7,4%,64 : 36,
2026,Reporter,Royal Academy of Dramatic Art (RADA),180,4.5,19%,61 : 39,
2026,Reporter,Royal Academy of Music,785,9.2,53%,48 : 52,
2026,Reporter,Royal Agricultural University,"1,030",25.8,16%,53 : 47,
2026,Reporter,"Royal Central School of Speech and Drama, University of London",955,15.9,31%,71 : 29,
2026,Reporter,Royal College of Art,"2,670",14.8,78%,71 : 29,
2026,Reporter,Royal College of Music,905,10.1,57%,53 : 47,
2026,Reporter,Royal Conservatoire of Scotland,990,8.6,33%,61 : 39,
2026,Reporter,Royal Northern College of Music,855,10.7,36%,46 : 54,
2026,Reporter,Royal University for Women (RUW),467,15.6,37%,100 : 0,
2026,Reporter,Rudny Industrial University,"1,436",16.9,6%,23 : 77,
2026,Reporter,Russian Biotechnological University (BIOTECH),"7,545",13.8,5%,51 : 49,
2026,Reporter,Sabratha University,"15,884",11.7,1%,60 : 40,
2026,Reporter,SAGE University Indore,"12,109",19.2,0%,37 : 63,
2026,Reporter,Saint Louis University (Philippines),"233,312",836.2,0%,5 : 95,
2026,Reporter,Sakon Nakhon Rajabhat University,"7,534",15.7,1%,67 : 33,
2026,Reporter,Samarkand Institute of Economics and Service (SamISI),"9,131",39.9,0%,14 : 86,
2026,Reporter,Samarkand State Institute of Architecture and Construction,"7,244",18.1,0%,16 : 84,
2026,Reporter,Samarkand State Institute of Foreign Languages,"12,818",22.1,0%,82 : 18,
2026,Reporter,Samarkand State Medical University,"10,025",8.8,32%,55 : 45,
2026,Reporter,Samarkand State University,"11,776",12.8,1%,52 : 48,
2026,Reporter,Samsun University,"7,361",25.9,4%,41 : 59,
2026,Reporter,Sanko University,"1,289",10.0,4%,62 : 38,
2026,Reporter,Santosh Deemed to be University,"1,808",7.5,1%,52 : 48,
2026,Reporter,Saratov State Vavilov Agrarian University,"11,899",29.7,10%,54 : 46,
2026,Reporter,Sarsen Amanzholov East Kazakhstan University,"6,280",14.5,3%,66 : 34,
2026,Reporter,Satya Wacana Christian University,"15,311",29.6,0%,56 : 44,
2026,Reporter,Sawa University,"3,014",14.2,0%,34 : 66,
2026,Reporter,SBS Swiss Business School,"2,526",12.4,77%,67 : 33,
2026,Reporter,School of Higher Commercial Studies (EHEC Algiers),"1,531",11.3,0%,69 : 31,
2026,Reporter,SDU University,"8,826",19.9,2%,54 : 46,
2026,Reporter,SEGi University,"5,908",8.7,66%,56 : 44,
2026,Reporter,Senshu University,"17,175",20.9,2%,37 : 63,
2026,Reporter,Shaheed Benazir Bhutto University,"4,806",32.5,0%,37 : 63,
2026,Reporter,Shaheed Benazir Bhutto Women University Peshawar,"5,001",26.9,0%,100 : 0,
2026,Reporter,Shaheed Mohtarma Benazir Bhutto Medical University,"3,156",8.4,1%,49 : 51,
2026,Reporter,Shahrisabz State Pedagogical Institute,"3,961",16.6,0%,80 : 20,
2026,Reporter,Shakarim University,"6,315",17.3,1%,67 : 33,
2026,Reporter,Sher-e-Bangla Agricultural University (SAU),"5,358",14.9,0%,43 : 57,
2026,Reporter,Shirak State University,"1,993",8.7,0%,67 : 33,
2026,Reporter,Simón Bolívar University (Colombia),"19,555",18.1,1%,58 : 42,
2026,Reporter,Simon Kuznets Kharkiv National University of Economics,"6,573",16.3,12%,51 : 49,
2026,Reporter,Sisaket Rajabhat University,"8,397",29.7,0%,65 : 35,
2026,Reporter,Social Sciences University of Ankara,"6,024",23.8,8%,58 : 42,
2026,Reporter,Sohar University,"4,892",27.5,3%,76 : 24,
2026,Reporter,Sorsogon State University,"14,454",31.0,0%,57 : 43,
2026,Reporter,South East European University,"2,784",18.6,19%,52 : 48,
2026,Reporter,Southern Luzon State University,"9,543",29.0,0%,64 : 36,
2026,Reporter,Southern Technical University,"15,147",24.4,0%,46 : 54,
2026,Reporter,South Mediterranean University (SMU),"1,578",20.8,4%,47 : 53,
2026,Reporter,Sphinx University,"10,340",22.4,0%,45 : 55,
2026,Reporter,Sri Balaji Vidyapeeth,"5,525",10.4,2%,57 : 43,
2026,Reporter,Sri Padmavati Mahila Visvavidyalayam (Women's University),"5,204",13.9,0%,100 : 0,
2026,Reporter,State Energy Institute of Turkmenistan,"2,977",13.9,1%,30 : 70,
2026,Reporter,State Polytechnic of Malang,"14,666",23.4,0%,40 : 60,
2026,Reporter,Stavropol State Agrarian University,"4,039",6.8,11%,54 : 46,
2026,Reporter,St Luke’s International University,730,9.4,3%,92 : 8,
2026,Reporter,"St Mary’s University College, Belfast",890,25.4,45%,72 : 28,
2026,Reporter,"St Mary’s University, Twickenham","5,120",17.4,35%,53 : 47,
2026,Reporter,Stranmillis University College,"1,095",24.3,15%,80 : 20,
2026,Reporter,Sugiyama Jogakuen University,"5,583",28.2,1%,100 : 0,
2026,Reporter,Sulaimani Polytechnic University,"13,932",20.8,0%,57 : 43,
2026,Reporter,Sumgayit State University,"5,811",15.7,0%,54 : 46,
2026,Reporter,Sumy State Pedagogical University named after A.S. Makarenko,"3,259",11.9,10%,57 : 43,
2026,Reporter,Swiss German University,798,11.9,2%,24 : 76,
2026,Reporter,Tafila Technical University,"5,951",19.1,3%,47 : 53,
2026,Reporter,Tajik National University,"19,288",14.2,2%,36 : 64,
2026,Reporter,Tarlac Agricultural University,"6,223",29.2,5%,59 : 41,
2026,Reporter,Tarsus University,"3,163",12.1,2%,43 : 57,
2026,Reporter,Tashkent Institute of Chemical Technology,"5,298",23.0,0%,41 : 59,
2026,Reporter,Tashkent Institute of Management and Economics,500,3.1,0%,44 : 56,
2026,Reporter,Tashkent Institute of Textile and Light Industry,"4,198",11.3,0%,44 : 56,
2026,Reporter,Tashkent International University of Financial Management and Technology (TIFT),"15,950",88.1,0%,36 : 64,
2026,Reporter,Tashkent Metropolitan University,127,12.7,0%,47 : 53,
2026,Reporter,Tashkent Pediatric Medical Institute,"6,825",9.6,2%,55 : 45,
2026,Reporter,Tashkent Pharmaceutical Institute,"4,730",16.8,10%,63 : 37,
2026,Reporter,Tashkent State Agrarian University,"9,641",18.8,1%,29 : 71,
2026,Reporter,Tashkent State Dental Institute,"5,633",9.8,8%,51 : 49,
2026,Reporter,Tashkent State Medical University,"10,140",11.7,13%,46 : 54,
2026,Reporter,Tashkent State Pedagogical University named after Nizami,"16,814",17.9,3%,66 : 34,
2026,Reporter,Tashkent State Transport University,"16,369",17.0,1%,11 : 89,
2026,Reporter,Tashkent State University of Economics,"18,745",15.2,7%,46 : 54,
2026,Reporter,Tashkent State University of Law,"5,904",11.7,1%,26 : 74,
2026,Reporter,Tashkent State University of Oriental Studies,"4,804",15.3,1%,54 : 46,
2026,Reporter,Tata Institute of Fundamental Research,984,3.6,0%,30 : 70,
2026,Reporter,Tbilisi State Medical University,"8,360",7.2,29%,,
2026,Reporter,T. C. Demiroğlu Bilim University,"1,861",11.5,1%,72 : 28,
2026,Reporter,Teacher Education College of Setif,"1,590",12.5,0%,94 : 6,
2026,Reporter,Technical University of Cotopaxi (UTC),"10,809",29.5,0%,56 : 44,
2026,Reporter,Technical University of the North,"13,916",21.1,1%,58 : 42,
2026,Reporter,Technische Hochschule Ingolstadt,"7,395",29.5,32%,31 : 69,
2026,Reporter,Teerthanker Mahaveer University,"13,191",15.0,0%,38 : 62,
2026,Reporter,Teikyo Heisei University,"10,571",20.8,1%,47 : 53,
2026,Reporter,Termez State Pedagogical Institute,"9,518",18.4,1%,74 : 26,
2026,Reporter,Termez State University,"25,269",36.5,0%,38 : 62,
2026,Reporter,Termez University of Economics and Services,"10,518",25.5,0%,50 : 50,
2026,Reporter,Thaksin University,"16,390",32.6,0%,67 : 33,
2026,Reporter,The British University in Dubai,641,13.9,64%,48 : 52,
2026,Reporter,The Chartered Institute of Digital Economy,,,,,
2026,Reporter,The Future University,"1,566",26.1,1%,20 : 80,
2026,Reporter,The Government Sadiq College Women University Bahawalpur,"5,746",53.7,0%,100 : 0,
2026,Reporter,"The Graduate University for Advanced Studies, SOKENDAI",523,0.5,31%,27 : 73,
2026,Reporter,The Islamic University,"5,128",7.8,1%,49 : 51,
2026,Reporter,The National University of Ostroh Academy,"3,016",8.2,0%,61 : 39,
2026,Reporter,The Nelson Mandela African Institution of Science and Technology (NM-AIST),986,7.0,9%,48 : 52,
2026,Reporter,The Public Authority for Applied Education and Training (PAAET),"44,353",17.4,15%,54 : 46,
2026,Reporter,The University of Shiga Prefecture,"2,875",14.0,1%,49 : 51,
2026,Reporter,The University of World Economy and Diplomacy (UWED),"1,996",14.3,2%,32 : 68,
2026,Reporter,The Women University Multan,"8,046",41.3,0%,100 : 0,
2026,Reporter,The World Islamic Sciences and Education University (WISE),"8,567",26.6,9%,52 : 48,
2026,Reporter,Thomas Adewumi University,"1,476",15.4,0%,58 : 42,
2026,Reporter,T.H. Shevchenko National University Chernihiv Colehium,"3,750",11.7,0%,54 : 46,
2026,Reporter,Tiradentes University,"19,174",18.7,0%,64 : 36,
2026,Reporter,Tissemsilt University,"6,046",15.5,0%,61 : 39,
2026,Reporter,Togliatti State University,"21,562",37.3,8%,49 : 51,
2026,Reporter,Tohoku Gakuin University,"11,190",38.2,0%,32 : 68,
2026,Reporter,Tokyo University of Foreign Studies,"4,177",15.6,17%,64 : 36,
2026,Reporter,Tomsk State Pedagogical University,"4,797",19.2,7%,82 : 18,
2026,Reporter,Toyota Technological Institute,507,9.6,1%,9 : 91,
2026,Reporter,Transport and Telecommunication Institute,"1,664",19.8,18%,24 : 76,
2026,Reporter,Trinity Laban Conservatoire of Music and Dance,"1,145",11.5,34%,63 : 37,
2026,Reporter,Turan International University,,,,,
2026,Reporter,Turan University,"5,062",15.4,2%,53 : 47,
2026,Reporter,Turin Polytechnic University in Tashkent,"2,076",30.1,2%,16 : 84,
2026,Reporter,Turkmen Agricultural Institute,"1,945",10.7,0%,44 : 56,
2026,Reporter,Turkmen Agricultural University named after S.A. Niyazov,"2,769",8.0,0%,39 : 61,
2026,Reporter,Turkmen State Architecture and Construction Institute,"4,276",12.0,0%,13 : 87,
2026,Reporter,Turkmen State Institute of Economics and Management,,,,,
2026,Reporter,Turkmen State Institute of Finance,"2,177",14.8,0%,43 : 57,
2026,Reporter,Tver State Technical University,"3,210",9.5,10%,26 : 74,
2026,Reporter,Tver State University,"8,249",13.8,2%,61 : 39,
2026,Reporter,UIT University,"1,155",16.7,0%,31 : 69,
2026,Reporter,Ulyanovsk State Technical University,"7,555",17.2,7%,33 : 67,
2026,Reporter,Ulyanovsk State University,"7,780",15.1,28%,47 : 53,
2026,Reporter,UNESC,"11,462",13.9,0%,64 : 36,
2026,Reporter,Unichristus,"6,472",11.0,0%,65 : 35,
2026,Reporter,United International University,"7,075",25.4,0%,27 : 73,
2026,Reporter,Universiapolis – Université Internationale d’Agadir,"3,349",24.8,11%,48 : 52,
2026,Reporter,Universidad Camilo José Cela,"8,405",44.5,8%,76 : 24,
2026,Reporter,Universidad Católica de Colombia,"8,479",15.0,0%,49 : 51,
2026,Reporter,Universidad Católica de Cuenca,"15,373",12.5,3%,57 : 43,
2026,Reporter,Universidad Católica San Pablo,"10,296",22.8,0%,52 : 48,
2026,Reporter,Universidad César Vallejo,"172,103",86.7,1%,55 : 45,
2026,Reporter,Universidad del Istmo Panamá,,,,,
2026,Reporter,Universidad del Magdalena,"17,627",34.7,1%,50 : 50,
2026,Reporter,Universidad del Pacífico,"5,165",15.4,3%,,
2026,Reporter,Universidad de Pamplona,"21,920",12.9,0%,51 : 49,
2026,Reporter,Universidade 11 de Novembro,"5,277",23.9,0%,44 : 56,
2026,Reporter,Universidade Agostinho Neto,"18,864",24.4,0%,34 : 66,
2026,Reporter,Universidade Cidade de São Paulo,"27,614",61.8,0%,55 : 45,
2026,Reporter,Universidade Cuíto Cuanavale,"1,213",12.3,0%,36 : 64,
2026,Reporter,Universidade de Luanda,"4,288",21.8,0%,35 : 65,
2026,Reporter,Universidade do Namibe,"5,631",23.8,0%,47 : 53,
2026,Reporter,Universidade Federal do Ceará (UFC),"39,811",19.0,1%,45 : 55,
2026,Reporter,Universidade José Eduardo dos Santos,"7,903",24.4,0%,34 : 66,
2026,Reporter,Universidade Katyavala Bwila,"2,428",12.7,0%,26 : 74,
2026,Reporter,Universidade Kimpa Vita,"3,777",31.5,0%,29 : 71,
2026,Reporter,Universidade Lueji A'Nkonde,"5,033",13.5,0%,33 : 67,
2026,Reporter,Universidade Mandume ya Ndemufayo,"5,846",22.9,0%,41 : 59,
2026,Reporter,Universidade Rainha Njinga a Mbande (URNM),"2,990",16.8,0%,35 : 65,
2026,Reporter,Universidad Estatal a Distancia,"43,100",17.7,2%,62 : 38,
2026,Reporter,Universidad Internacional del Ecuador,"6,953",18.9,2%,46 : 54,
2026,Reporter,Universidad Libre de Colombia,"30,147",27.5,0%,55 : 45,
2026,Reporter,Universidad Manuela Beltrán,"8,640",25.0,0%,58 : 42,
2026,Reporter,Universidad Mayor de San Andrés (UMSA),,,%,,
2026,Reporter,Universidad Nacional Abierta y a Distancia (UNAD),"352,251",60.7,0%,62 : 38,
2026,Reporter,Universidad Nacional de Chimborazo,"8,943",15.9,1%,60 : 40,
2026,Reporter,Universidad Nacional de Itapúa,"6,485",6.0,0%,46 : 54,
2026,Reporter,Universidad Nacional de Rafaela (UNRaf),"2,402",5.4,1%,59 : 41,
2026,Reporter,Universidad Nur,"4,265",9.9,1%,62 : 38,
2026,Reporter,Universidad Popular Autónoma del Estado de Puebla,"11,207",15.8,2%,61 : 39,
2026,Reporter,Universidad Regional Amazónica Ikiam,923,7.9,1%,52 : 48,
2026,Reporter,Universidad Tecnológica Centroamericana (UNITEC),"8,071",12.3,2%,53 : 47,
2026,Reporter,Universidad Tecnológica de Bolívar,"5,762",19.6,1%,39 : 61,
2026,Reporter,Universidad UTE,"9,805",12.8,2%,52 : 48,
2026,Reporter,Università Iuav di Venezia,"4,484",25.1,9%,59 : 41,
2026,Reporter,Universita IULM,"9,025",19.7,9%,77 : 23,
2026,Reporter,Universitas Atma Jaya Yogyakarta,"10,059",29.5,0%,45 : 55,
2026,Reporter,Universitas Islam Bandung (UNISBA),"13,597",28.0,0%,56 : 44,
2026,Reporter,Universitas Islam Negeri Maulana Malik Ibrahim Malang,"19,773",19.5,3%,60 : 40,
2026,Reporter,Universitas Islam Sultan Agung,"18,250",14.3,0%,33 : 67,
2026,Reporter,Universitas Mercu Buana,"14,345",18.5,1%,47 : 53,
2026,Reporter,Universitas Pembangunan Nasional Veteran Jawa Timur (UPNVJT),"21,509",38.3,0%,58 : 42,
2026,Reporter,Universitas Pendidikan Ganesha (Undiksha),"14,305",26.6,1%,60 : 40,
2026,Reporter,Universitas Pendidikan Nasional (Undiknas),"5,210",33.6,1%,73 : 27,
2026,Reporter,Universitas Tanjungpura,"37,158",39.3,0%,57 : 43,
2026,Reporter,Universitas Tarumanagara,"14,003",27.3,1%,52 : 48,
2026,Reporter,Universitas Teknokrat Indonesia,"6,470",25.5,5%,53 : 47,
2026,Reporter,Université d’Ain Témouchent,"12,061",19.7,1%,63 : 37,
2026,Reporter,Université d’Oran 2 Mohamed Ben Ahmed,"23,249",22.0,1%,60 : 40,
2026,Reporter,Université Mohamed El Bachir El Ibrahimi de Bordj Bou Arréridj,"24,777",19.2,0%,54 : 46,
2026,Reporter,Universiti Geomatika Malaysia,"2,267",25.8,35%,44 : 56,
2026,Reporter,University Braz Cubas,"25,037",136.1,0%,36 : 64,
2026,Reporter,University Center of Aflou,"4,282",18.1,0%,51 : 49,
2026,Reporter,University Center of Illizi,"1,725",30.3,0%,43 : 57,
2026,Reporter,University Center of the Federal District,"18,419",78.7,0%,51 : 49,
2026,Reporter,University Centre of Maghnia,"3,533",18.2,0%,59 : 41,
2026,Reporter,University Centre of Naama,"7,182",23.8,0%,54 : 46,
2026,Reporter,University College TATI,"1,404",8.7,0%,39 : 61,
2026,Reporter,University for the Creative Arts,"8,875",24.3,62%,58 : 42,
2026,Reporter,University North,"4,519",20.4,0%,53 : 47,
2026,Reporter,University of Agronomic Sciences and Veterinary Medicine of Bucharest,"11,252",21.0,4%,51 : 49,
2026,Reporter,University of Aleppo,"112,649",33.8,1%,54 : 46,
2026,Reporter,University of Algiers 1,"44,512",17.8,0%,67 : 33,
2026,Reporter,University of Algiers 3,"45,097",29.3,0%,49 : 51,
2026,Reporter,University of Al-Hamdaniya,"2,365",11.2,0%,33 : 67,
2026,Reporter,University of Alkafeel,"5,549",21.3,0%,58 : 42,
2026,Reporter,University of Al-Maarif,"5,955",21.2,13%,57 : 43,
2026,Reporter,"University of Baltistan, Skardu","2,623",25.0,0%,48 : 52,
2026,Reporter,University of Batna 1,"28,243",21.6,0%,69 : 31,
2026,Reporter,University of Benghazi,"77,281",17.0,2%,60 : 40,
2026,Reporter,University of Blumenau (FURB),"7,133",11.7,1%,55 : 45,
2026,Reporter,University of Bogotá Jorge Tadeo Lozano,"7,122",20.9,2%,57 : 43,
2026,Reporter,University of Chichester,"5,050",15.3,8%,64 : 36,
2026,Reporter,University of Civil Protection,753,4.0,9%,8 : 92,
2026,Reporter,University of Constantine 3,"18,347",19.9,2%,71 : 29,
2026,Reporter,University of Cross River State,"41,328",43.5,0%,35 : 65,
2026,Reporter,University of Cumbria,"6,760",16.5,10%,64 : 36,
2026,Reporter,University of Cyberjaya,"3,045",17.6,28%,61 : 39,
2026,Reporter,University of Delta,"12,955",20.9,0%,58 : 42,
2026,Reporter,University of Doha for Science and Technology (UDST),"4,753",17.7,85%,52 : 48,
2026,Reporter,University of Dubai,"1,065",15.3,27%,29 : 71,
2026,Reporter,University of Dubrovnik,993,4.8,12%,49 : 51,
2026,Reporter,University of Eastern Pangasinan,,,,,
2026,Reporter,University of Eastern Philippines,"22,123",49.7,0%,58 : 42,
2026,Reporter,University of Economics in Bratislava,"6,888",16.8,8%,56 : 44,
2026,Reporter,University of Economics – Varna,"5,162",25.7,5%,64 : 36,
2026,Reporter,University of Educational Management,"1,285",4.8,3%,42 : 58,
2026,Reporter,"University of Engineering & Management, Jaipur","1,806",14.8,0%,17 : 83,
2026,Reporter,University of Eswatini,"8,048",25.7,1%,54 : 46,
2026,Reporter,University of Fallujah,"7,536",13.7,0%,52 : 48,
2026,Reporter,University of Franca,"56,271",81.8,0%,37 : 63,
2026,Reporter,University of Gafsa,"8,321",10.9,0%,69 : 31,
2026,Reporter,University of Garmian,"5,187",11.7,0%,70 : 30,
2026,Reporter,University of Ghardaia,,,%,,
2026,Reporter,University of Greater Manchester,"8,815",18.2,47%,62 : 38,
2026,Reporter,University of Halabja,"1,337",6.6,0%,55 : 45,
2026,Reporter,University of Hazrate Masoumeh,"1,748",34.3,4%,100 : 0,
2026,Reporter,University of Health Sciences Lahore,"1,550",9.9,1%,63 : 37,
2026,Reporter,University of Home Economics Lahore,"2,187",36.5,0%,97 : 3,
2026,Reporter,University of Human Development,"2,299",17.0,2%,52 : 48,
2026,Reporter,University of Information Technology and Communications,873,3.7,0%,48 : 52,
2026,Reporter,University of Islam Malang,"12,635",33.8,1%,53 : 47,
2026,Reporter,University of Kairouan,"10,694",10.1,0%,66 : 34,
2026,Reporter,University of Liberal Arts Bangladesh,"5,511",24.4,0%,50 : 50,
2026,Reporter,University of Manara,"5,490",24.2,0%,53 : 47,
2026,Reporter,University of Medea,"20,675",19.7,0%,59 : 41,
2026,Reporter,University of Misan,"17,233",17.9,0%,57 : 43,
2026,Reporter,University of Mohamed Lamine Debaghin Setif 2,"24,021",17.7,0%,65 : 35,
2026,Reporter,University of Monterrey,"13,133",15.5,4%,60 : 40,
2026,Reporter,University of National and World Economy,"18,518",43.0,2%,54 : 46,
2026,Reporter,University of Niigata Prefecture,"1,412",16.8,1%,71 : 29,
2026,Reporter,University of Oil and Gas of Ploiești,"4,880",22.5,2%,48 : 52,
2026,Reporter,University of Panama,"76,548",27.9,3%,61 : 39,
2026,Reporter,University of Perpetual Help System DALTA,"12,249",33.8,36%,44 : 56,
2026,Reporter,University of Poonch Rawalakot,"5,914",28.8,0%,51 : 49,
2026,Reporter,"University of Professional Studies, Accra","21,668",52.2,0%,47 : 53,
2026,Reporter,University of Raparin,"5,375",10.1,0%,63 : 37,
2026,Reporter,University of Saint Joseph,"1,398",11.7,34%,58 : 42,
2026,Reporter,University of Saint Louis Tuguegarao,"5,220",19.4,0%,56 : 44,
2026,Reporter,University of San Agustin,"10,832",18.6,0%,67 : 33,
2026,Reporter,University of San Buenaventura Cali,"29,377",32.4,1%,53 : 47,
2026,Reporter,University of San Carlos,"13,578",35.5,2%,57 : 43,
2026,Reporter,University of Santander,"14,757",13.3,2%,62 : 38,
2026,Reporter,University of Science and Culture,"8,499",66.9,0%,61 : 39,
2026,Reporter,University of Science and Technology,"5,869",21.5,1%,40 : 60,
2026,Reporter,University of Science and Technology of Southern Philippines (USTP),"22,568",31.8,0%,50 : 50,
2026,Reporter,University of Sopron,"2,710",13.9,5%,62 : 38,
2026,Reporter,University of Souk Ahras,"12,215",15.2,0%,60 : 40,
2026,Reporter,University of Southeastern Philippines (USeP),"10,183",40.2,0%,63 : 37,
2026,Reporter,University of Southern Punjab,"6,014",15.6,0%,59 : 41,
2026,Reporter,University of Suffolk,"12,060",54.8,60%,54 : 46,
2026,Reporter,University of Sumer,"3,018",11.5,0%,52 : 48,
2026,Reporter,University of Swat,"8,184",50.2,1%,23 : 77,
2026,Reporter,"University of Technology, Mauritius","2,828",13.2,2%,50 : 50,
2026,Reporter,University of Technology Nowshera,399,26.6,0%,0 : 100,
2026,Reporter,University of Telafer,"2,008",14.4,0%,49 : 51,
2026,Reporter,University of the Azores,"2,905",15.2,8%,79 : 21,
2026,Reporter,University of the Built Environment,"1,730",34.6,5%,35 : 65,
2026,Reporter,University of the Highlands and Islands,"6,760",135.2,12%,62 : 38,
2026,Reporter,University of the Humanities,"3,668",39.0,0%,68 : 32,
2026,Reporter,University of the Immaculate Conception,"5,081",28.2,0%,51 : 49,
2026,Reporter,University of the Thai Chamber of Commerce,"18,329",32.6,5%,55 : 45,
2026,Reporter,University of Tirana,"19,974",24.8,1%,78 : 22,
2026,Reporter,University of Turkish Aeronautical Association,"3,709",22.1,4%,37 : 63,
2026,Reporter,University of Vale do Itajaí,"15,740",30.5,1%,61 : 39,
2026,Reporter,University of Wales Trinity Saint David,"12,645",22.4,41%,57 : 43,
2026,Reporter,University of Warith Al-Anbiyaa,"6,441",27.4,0%,38 : 62,
2026,Reporter,University of Zakho,"6,295",8.9,1%,54 : 46,
2026,Reporter,University of Zawia,"28,187",11.0,1%,55 : 45,
2026,Reporter,University of Zintan,"5,530",6.6,0%,24 : 76,
2026,Reporter,University San Marcos,,,,,
2026,Reporter,University St. Kliment Ohridski - Bitola,"4,630",12.7,3%,58 : 42,
2026,Reporter,UNNOBA,"9,185",12.1,1%,59 : 41,
2026,Reporter,Urgench State University,"28,823",22.7,0%,61 : 39,
2026,Reporter,Uruk University,"11,072",23.3,0%,51 : 49,
2026,Reporter,Uttaranchal University,"10,707",22.8,1%,37 : 63,
2026,Reporter,Uttara University,"10,440",20.8,0%,24 : 76,
2026,Reporter,"Uzbekistan State Institute of Arts and Culture, Fergana",491,8.0,0%,63 : 37,
2026,Reporter,Uzbekistan State University of World Languages,"17,641",17.3,1%,82 : 18,
2026,Reporter,Uzbek State University of Physical Culture and Sport,"4,261",10.3,0%,22 : 78,
2026,Reporter,Valahia University of Targoviste,"5,203",21.7,1%,49 : 51,
2026,Reporter,Valle del Momboy University,"1,338",21.6,0%,60 : 40,
2026,Reporter,Varendra University,"5,864",29.9,0%,39 : 61,
2026,Reporter,Vasile Alecsandri University of Bacău,"5,150",34.1,5%,,
2026,Reporter,Vila Velha University,"5,775",29.5,1%,58 : 42,
2026,Reporter,Vinnytsia National Technical University,"7,245",16.5,3%,17 : 83,
2026,Reporter,Visayas State University,"11,658",12.6,0%,52 : 48,
2026,Reporter,Vitebsk State Technological University,"3,862",19.6,15%,39 : 61,
2026,Reporter,VIZJA University,"8,115",62.4,74%,42 : 58,
2026,Reporter,Warmadewa University,"11,990",26.9,1%,45 : 55,
2026,Reporter,Westcliff University,"5,315",14.2,88%,43 : 57,
2026,Reporter,Western Balkans University,266,2.2,10%,73 : 27,
2026,Reporter,Western Caspian University,"3,703",12.1,4%,53 : 47,
2026,Reporter,"Western University ""Vasile Goldiş"" of Arad","4,592",15.4,25%,59 : 41,
2026,Reporter,West Ukrainian National University,"15,710",25.2,2%,39 : 61,
2026,Reporter,WHU: Beisheim,"1,656",22.4,32%,32 : 68,
2026,Reporter,Widyatama University,"4,104",47.2,0%,18 : 82,
2026,Reporter,World University of Bangladesh (WUB),"9,138",28.9,1%,42 : 58,
2026,Reporter,World University of Science and Technology,,,,,
2026,Reporter,Woxsen University,"3,440",18.5,1%,47 : 53,
2026,Reporter,Wrexham University,"4,955",25.4,39%,59 : 41,
2026,Reporter,WSB Academy,"5,637",7.0,38%,50 : 50,
2026,Reporter,Yachay University for Experimental Technology and Research (Yachay Tech),"1,459",8.9,1%,45 : 55,
2026,Reporter,Yamaguchi Prefectural University,"1,360",17.0,2%,85 : 15,
2026,Reporter,Yanka Kupala State University of Grodno,"8,398",10.5,9%,56 : 44,
2026,Reporter,Yaroslav Mudryi National Law University,"10,050",19.5,1%,,
2026,Reporter,Yasuj University of Medical Sciences,"2,687",11.7,2%,57 : 43,
2026,Reporter,Yessenov University,"7,781",26.9,5%,54 : 46,
2026,Reporter,Zarqa University,"8,459",23.0,21%,49 : 51,
2026,Reporter,Zaytoonah International University,,,,,
2026,Reporter,Zhetysu University,"4,845",10.3,9%,60 : 40,
2026,Reporter,Zhytomyr Ivan Franko State University,"5,659",16.1,0%,66 : 34,
2026,Reporter,Zhytomyr Polytechnic State University,"7,992",23.2,0%,31 : 69,
2026,Reporter,Ziauddin University,"6,862",11.4,0%,64 : 36,
