year,Rank,Name,Overall,Teaching,Research Environment,Research Quality,Industry,International Outlook,rank_prefix,country
2026,1,University of Oxford,98.2,97.2,100.0,97.7,99.9,96.4,
2026,2,Massachusetts Institute of Technology,97.7,99.2,95.3,99.6,100.0,91.9,
2026,3,Princeton University,97.2,98.2,97.3,99.0,98.0,85.4,=
2026,3,University of Cambridge,97.2,96.2,99.9,97.1,87.6,96.3,=
2026,5,Harvard University,97.1,95.9,100.0,98.9,86.7,88.3,=
2026,5,Stanford University,97.1,97.5,97.4,99.5,100.0,83.9,=
2026,7,California Institute of Technology,96.3,96.4,97.4,96.8,100.0,87.9,
2026,8,Imperial College London,94.7,90.6,94.9,98.0,91.9,98.2,
2026,9,"University of California, Berkeley",94.4,87.3,99.0,98.9,99.5,83.9,
2026,10,Yale University,94.1,94.6,94.5,97.2,87.6,81.4,
2026,11,ETH Zurich,93.1,88.5,97.2,94.5,83.7,95.1,
2026,12,Tsinghua University,93.0,95.9,98.5,93.9,100.0,53.4,
2026,13,Peking University,92.3,95.4,97.9,89.0,100.0,67.3,
2026,14,University of Pennsylvania,90.8,88.1,90.3,96.1,97.9,78.4,
2026,15,The University of Chicago,90.6,89.6,90.1,96.8,76.4,79.7,
2026,16,Johns Hopkins University,90.1,84.6,89.9,96.3,100.0,81.9,
2026,17,National University of Singapore,89.7,78.6,93.1,95.1,99.9,92.8,
2026,18,Cornell University,89.5,85.9,90.6,95.9,70.3,83.5,=
2026,18,"University of California, Los Angeles",89.5,86.0,91.4,95.6,93.5,69.2,=
2026,20,Columbia University,89.4,87.8,87.8,95.9,74.8,83.7,
2026,21,University of Toronto,88.5,78.2,92.9,92.3,95.8,92.3,
2026,22,UCL,87.5,77.8,85.9,97.6,74.7,97.5,
2026,23,University of Michigan-Ann Arbor,86.9,85.7,87.3,93.8,81.4,65.8,
2026,24,Carnegie Mellon University,85.0,72.7,83.0,99.0,85.5,84.3,
2026,25,University of Washington,83.7,77.0,80.0,97.6,81.6,70.1,
2026,26,The University of Tokyo,83.5,94.7,94.2,68.2,100.0,50.8,
2026,27,Technical University of Munich,83.4,71.9,84.8,91.3,100.0,83.4,
2026,28,Duke University,82.9,78.7,74.2,95.4,100.0,74.2,
2026,29,University of Edinburgh,82.5,75.7,74.7,94.8,71.0,96.2,
2026,30,Northwestern University,81.9,73.2,76.0,96.9,96.0,71.0,
2026,31,"Nanyang Technological University, Singapore",81.6,65.8,78.1,95.2,100.0,93.6,=
2026,31,New York University,81.6,74.6,78.5,94.3,74.8,74.1,=
2026,33,University of Hong Kong,80.5,68.3,70.8,95.6,96.5,96.6,
2026,34,LMU Munich,79.7,68.4,75.4,92.4,100.0,78.7,
2026,35,École Polytechnique Fédérale de Lausanne,79.6,73.5,70.8,87.5,99.9,95.4,
2026,36,Fudan University,79.3,79.5,77.1,84.8,99.8,53.8,
2026,37,University of Melbourne,79.0,67.7,75.5,87.8,99.3,91.6,
2026,38,King’s College London,78.7,64.2,72.1,95.5,72.3,96.9,
2026,39,Zhejiang University,78.3,75.0,78.4,84.3,100.0,55.5,
2026,40,Shanghai Jiao Tong University,77.6,75.4,79.1,80.2,100.0,57.7,
2026,41,Georgia Institute of Technology,77.1,60.8,75.8,90.4,99.1,81.5,=
2026,41,McGill University,77.1,71.0,70.8,86.2,77.5,89.2,=
2026,41,The Chinese University of Hong Kong,77.1,63.2,63.8,97.9,90.9,92.1,=
2026,41,University of Illinois at Urbana-Champaign,77.1,67.9,80.7,85.3,84.4,62.3,=
2026,45,University of British Columbia,77.0,64.1,73.9,88.6,77.4,93.5,
2026,46,KU Leuven,76.8,61.3,73.8,91.3,100.0,79.2,
2026,47,"University of California, San Diego",76.6,66.4,63.7,97.1,100.0,71.3,
2026,48,Paris Sciences et Lettres – PSL Research University Paris,76.5,74.2,71.8,79.8,99.7,77.9,
2026,49,Universität Heidelberg,76.3,68.3,61.4,95.3,93.7,80.2,
2026,50,University of Texas at Austin,75.8,67.8,76.0,90.1,82.3,46.2,
2026,51,University of Science and Technology of China,75.7,72.9,69.8,89.0,98.9,43.2,
2026,52,London School of Economics and Political Science,75.4,60.5,71.2,93.4,46.8,94.2,
2026,53,Karolinska Institute,75.0,59.6,66.0,95.5,94.7,77.8,=
2026,53,The University of Sydney,75.0,59.2,67.5,91.5,98.9,88.2,=
2026,53,University of Wisconsin-Madison,75.0,70.3,68.8,88.0,82.6,62.0,=
2026,56,University of Manchester,74.9,61.2,65.9,92.4,74.0,94.5,
2026,57,Delft University of Technology,74.3,64.1,75.1,75.5,100.0,92.1,
2026,58,Monash University,74.1,54.3,65.5,94.0,99.6,91.9,=
2026,58,Seoul National University,74.1,74.1,74.8,77.6,100.0,43.5,=
2026,58,The Hong Kong University of Science and Technology,74.1,56.2,60.6,95.6,100.0,97.2,=
2026,61,Kyoto University,74.0,86.4,82.7,56.9,100.0,45.6,
2026,62,Nanjing University,73.7,69.6,66.2,85.1,99.6,59.6,=
2026,62,University of Amsterdam,73.7,55.4,63.6,96.6,76.0,92.5,=
2026,64,"University of California, Davis",72.8,63.9,66.4,84.9,86.5,77.1,
2026,65,Brown University,72.6,70.0,61.0,87.4,69.6,69.9,
2026,66,Wageningen University & Research,72.2,58.6,58.4,90.4,99.5,91.6,
2026,67,Washington University in St Louis,72.0,60.8,56.2,97.5,74.5,73.8,
2026,68,Institut Polytechnique de Paris,71.6,71.8,62.4,70.9,99.1,95.1,=
2026,68,Université Paris-Saclay,71.6,67.9,62.2,80.6,92.4,76.0,=
2026,70,Korea Advanced Institute of Science and Technology (KAIST),71.3,66.7,67.5,82.4,100.0,44.2,=
2026,70,Leiden University,71.3,49.3,63.3,93.6,99.1,85.2,=
2026,72,"University of California, Santa Barbara",71.2,50.3,63.2,94.5,92.7,80.2,
2026,73,Australian National University,71.1,56.7,62.6,85.7,86.3,94.2,=
2026,73,City University of Hong Kong,71.1,56.5,52.7,92.7,100.0,98.4,
2026,73,University of Southern California,71.1,59.8,59.6,92.7,74.9,71.5,=
2026,76,Boston University,70.4,61.2,56.5,91.8,72.4,73.2,=
2026,76,Sorbonne University,70.4,67.6,59.2,81.6,73.1,78.4,=
2026,78,University of North Carolina at Chapel Hill,70.3,63.8,59.6,91.3,75.9,49.9,
2026,79,UNSW Sydney,70.0,50.2,57.7,91.9,96.7,93.7,
2026,80,The Hong Kong Polytechnic University,69.7,51.9,55.4,91.8,86.5,97.3,
2026,80,The University of Queensland,69.7,50.9,60.9,87.6,97.6,91.2,=
2026,80,University of Bristol,69.7,51.4,56.5,94.4,74.6,91.8,=
2026,82,University of Groningen,69.3,47.4,55.9,94.1,99.7,91.7,
2026,84,University of Glasgow,68.9,50.6,52.2,95.9,73.2,95.5,
2026,85,Purdue University West Lafayette,68.8,62.1,66.3,73.8,86.3,75.2,
2026,86,Yonsei University (Seoul campus),68.5,58.7,57.4,87.8,100.0,55.7,
2026,87,Sungkyunkwan University (SKKU),68.3,60.2,57.5,83.4,99.7,64.3,
2026,88,University of Minnesota,67.5,60.3,59.0,84.1,99.9,44.7,
2026,89,Humboldt University of Berlin,67.2,52.6,60.6,85.5,65.9,77.6,
2026,90,University of Copenhagen,67.1,51.3,52.2,91.3,92.8,76.6,
2026,91,Charité - Universitätsmedizin Berlin,66.9,47.2,48.7,98.2,100.0,72.4,
2026,92,RWTH Aachen University,66.7,54.9,63.0,76.7,100.0,70.3,=
2026,92,University of Bonn,66.7,51.5,56.6,88.5,78.7,71.8,=
2026,92,Vanderbilt University,66.7,53.8,48.1,95.6,91.9,60.8,=
2026,95,Lund University,66.6,49.1,56.7,85.7,99.7,79.2,=
2026,95,University of Vienna,66.6,50.0,60.9,79.8,80.0,94.0,=
2026,97,"University of California, Irvine",66.4,47.8,52.8,91.2,98.4,76.3,
2026,98,KTH Royal Institute of Technology,66.3,51.1,57.3,79.7,97.2,90.5,=
2026,98,University of Birmingham,66.3,47.7,48.4,93.7,74.2,94.3,=
2026,98,University of Tübingen,66.3,49.1,53.8,89.0,98.6,74.6,=
2026,101,Aarhus University,66.2,48.6,58.8,83.9,99.8,75.3,
2026,102,Emory University,65.9,53.8,46.2,94.6,82.8,66.4,
2026,103,Rice University,65.8,56.7,46.8,88.1,72.9,82.6,=
2026,103,Tohoku University,65.8,70.9,70.8,52.8,100.0,59.2,=
2026,105,Michigan State University,65.7,57.1,55.9,82.7,69.9,67.3,=
2026,105,University of Helsinki,65.7,50.4,57.3,90.1,70.7,58.6,=
2026,107,Erasmus University Rotterdam,65.6,38.5,52.9,95.9,89.2,87.1,
2026,108,Ohio State University (Main campus),65.4,57.4,51.7,85.7,85.4,58.4,=
2026,108,Penn State (Main campus),65.4,54.8,61.9,80.4,70.8,57.8,=
2026,108,University of Bern,65.4,46.6,47.0,92.0,99.4,86.3,=
2026,108,University of Sheffield,65.4,49.7,49.1,88.3,79.4,90.4,=
2026,112,University of Massachusetts,65.3,55.0,46.6,87.9,88.6,75.0,
2026,113,Free University of Berlin,65.2,50.2,58.3,82.2,72.4,79.5,=
2026,113,University of Oslo,65.2,47.8,52.5,90.3,75.2,76.5,=
2026,115,Ghent University,65.1,48.8,58.6,82.7,99.9,65.9,
2026,116,McMaster University,65.0,42.2,49.3,93.1,100.0,84.6,=
2026,116,"University of Maryland, College Park",65.0,50.4,58.3,89.1,69.5,48.9,=
2026,118,University of Leeds,64.9,48.3,50.3,87.2,71.6,93.6,
2026,119,University of Alberta,64.6,49.1,55.4,78.1,100.0,88.4,
2026,120,University of Basel,64.5,50.2,42.8,87.5,99.8,94.2,
2026,121,Technical University of Denmark,64.4,51.2,46.5,82.6,99.9,93.0,
2026,122,University of Göttingen,64.1,49.4,52.7,87.2,71.0,70.1,=
2026,122,University of Warwick,64.1,48.1,49.3,85.6,69.4,95.6,=
2026,122,Wuhan University,64.1,54.0,48.4,90.1,99.7,41.6,=
2026,125,University of Hamburg,63.7,45.7,52.8,87.1,99.8,63.6,=
2026,125,University of Lausanne,63.7,44.3,46.1,89.0,99.4,88.4,=
2026,127,University of Rochester,63.6,51.8,44.5,86.3,92.0,78.1,
2026,128,Uppsala University,63.5,47.4,54.9,81.3,95.0,71.5,
2026,129,University of Southampton,63.4,44.6,45.4,89.6,73.1,96.1,
2026,130,University of Bologna,63.3,54.2,50.1,83.3,82.5,59.7,
2026,131,Harbin Institute of Technology,63.2,57.2,57.7,77.2,100.0,32.5,=
2026,131,Maastricht University,63.2,41.4,46.1,88.3,98.3,96.7,=
2026,133,Adelaide University,63,38.3,48.9,89.5,99.7,89.8,
2026,133,Lomonosov Moscow State University,63.0,80.9,69.7,32.9,93.4,71.6,
2026,134,Beijing Normal University,62.9,59.6,49.3,80.9,89.1,42.4,=
2026,134,Queen Mary University of London,62.9,38.7,42.6,95.7,76.5,97.5,=
2026,134,University of Florida,62.9,55.3,56.7,76.2,90.9,48.9,=
2026,137,Scuola Normale Superiore di Pisa,62.8,58.6,46.9,86.4,37.7,59.3,
2026,138,University of Arizona,62.6,48.3,52.5,86.1,80.6,53.7,=
2026,138,University of Freiburg,62.6,46.7,47.4,84.5,99.7,77.1,=
2026,140,National Taiwan University (NTU),62.5,59.4,54.9,68.6,100.0,59.2,
2026,141,Pohang University of Science and Technology (POSTECH),62.3,58.3,49.5,79.2,100.0,39.9,=
2026,141,Tongji University,62.3,53.2,53.6,74.3,99.9,63.5,=
2026,143,University of Liverpool,62.2,43.5,42.0,91.2,68.0,95.0,
2026,144,Newcastle University,62.1,39.8,43.2,93.0,80.0,89.5,
2026,145,Case Western Reserve University,62.0,51.8,42.2,88.7,74.9,64.6,=
2026,145,University of Barcelona,62.0,44.0,47.8,88.5,92.4,64.6,=
2026,145,University of Macau,62.0,40.2,40.9,92.9,87.0,92.5,=
2026,145,University of Nottingham,62.0,45.8,43.3,87.3,72.1,91.8,=
2026,145,University of Technology Sydney,62.0,36.8,42.6,94.1,88.7,92.9,=
2026,150,Université de Montréal,61.9,41.4,50.5,83.1,95.5,84.1,
2026,151,Texas A&M University,61.8,52.5,57.2,73.4,73.5,63.2,=
2026,151,The University of Osaka,61.8,65.9,64.9,53.3,100.0,47.9,=
2026,153,The University of Western Australia,61.7,38.7,45.1,87.6,98.4,93.4,
2026,154,Radboud University Nijmegen,61.5,38.5,49.7,89.3,82.1,75.9,=
2026,154,University of York,61.5,44.1,43.9,87.5,67.6,90.6,=
2026,156,Korea University,61.4,52.4,51.3,73.3,99.9,67.8,=
2026,156,University of Auckland,61.4,40.4,46.8,85.7,92.2,87.2,=
2026,156,University of Pittsburgh-Pittsburgh campus,61.4,49.2,43.3,92.0,76.8,49.4,=
2026,159,University of Colorado Boulder,61.3,47.5,51.6,84.1,77.3,53.6,
2026,160,Southern University of Science and Technology (SUSTech),61.0,39.6,44.2,93.9,88.5,63.3,=
2026,160,Technical University of Berlin,61.0,45.2,52.8,77.8,95.2,70.3,=
2026,162,University of St Andrews,60.9,50.6,43.3,78.2,71.9,94.4,=
2026,162,University of Waterloo,60.9,42.7,47.6,83.4,77.0,85.5,=
2026,164,University of Cape Town,60.8,39.4,46.7,87.8,84.8,77.9,=
2026,164,University of Cologne,60.8,44.5,46.5,83.9,94.2,70.2,=
2026,166,Institute of Science Tokyo,60.7,66.9,60.5,52.7,92.1,52.2,
2026,166,Karlsruhe Institute of Technology,60.7,49.3,54.9,69.3,100.0,73.1,=
2026,166,Macquarie University,60.7,35.9,42.5,90.9,97.2,88.5,=
2026,166,University of Geneva,60.7,43.8,40.0,85.2,85.7,96.1,=
2026,166,University of Virginia (Main campus),60.7,51.1,41.7,86.6,79.0,58.3,=
2026,170,Sapienza University of Rome,60.6,55.9,53.5,73.4,85.2,42.9,=
2026,170,University of Antwerp,60.6,38.9,44.3,89.6,98.5,73.4,=
2026,170,University of Exeter,60.6,36.6,42.1,94.0,59.1,93.4,=
2026,173,Trinity College Dublin,60.5,42.8,44.9,83.2,76.2,91.2,
2026,174,TU Dresden,60.4,47.1,50.0,77.0,99.9,66.1,
2026,175,Durham University,60.3,45.2,44.9,81.0,62.8,94.6,
2026,176,Huazhong University of Science and Technology,60.2,46.6,48.4,87.1,99.9,30.9,=
2026,176,Vrije Universiteit Amsterdam,60.2,37.7,41.8,91.8,77.5,84.3,=
2026,179,University of Würzburg,60.1,39.6,43.5,91.2,99.8,59.9,
2026,180,Dartmouth College,60.0,56.3,38.5,81.8,72.8,63.8,
2026,181,Medical University of Vienna,59.9,36.3,36.8,94.2,99.9,83.2,=
2026,181,"University of California, Santa Cruz",59.9,38.3,41.7,93.2,75.7,73.5,=
2026,183,Universitat Autònoma de Barcelona (UAB),59.8,44.9,44.8,84.6,73.3,69.5,
2026,184,King Fahd University of Petroleum and Minerals,59.7,36.3,43.2,85.7,94.4,92.9,=
2026,184,Lancaster University,59.7,40.9,40.8,86.7,67.2,95.1,=
2026,184,Université Catholique de Louvain,59.7,40.0,47.7,80.7,95.2,80.3,=
2026,187,Pompeu Fabra University,59.5,36.6,45.3,87.5,81.6,80.1,=
2026,187,University of Ottawa,59.5,38.2,44.5,85.4,81.7,86.2,=
2026,189,Tufts University,59.4,51.3,34.7,88.2,76.6,61.9,
2026,190,Université Paris Cité,59.3,44.4,38.0,89.9,68.0,73.1,=
2026,190,University of Twente,59.3,45.7,45.0,73.0,98.9,92.4,=
2026,192,Eindhoven University of Technology,59.2,47.7,49.5,67.0,100.0,88.6,=
2026,192,University of Leicester,59.2,35.4,34.9,95.9,69.0,94.8,=
2026,194,University of Notre Dame,59.1,52.8,45.8,73.5,72.5,69.9,
2026,195,Aalto University,59.0,44.3,43.4,78.9,91.0,80.7,=
2026,195,The Education University of Hong Kong,59.0,35.8,38.9,91.6,74.4,89.5,=
2026,195,University of Münster,59.0,43.9,47.2,83.2,82.1,54.4,=
2026,198,Indiana University,58.8,47.1,36.9,87.3,85.3,62.4,=
2026,198,Queen’s University Belfast,58.8,34.7,38.4,90.8,70.0,98.3,=
2026,200,University of Calgary,58.7,37.8,43.1,83.6,91.4,83.3,
2026,201–250,Abu Dhabi University,56.4–58.6,38.0,33.9,92.0,29.5,98.0,
2026,201–250,Arizona State University (Tempe),56.4–58.6,39.6,44.5,84.1,70.7,70.6,
2026,201–250,Beijing Institute of Technology,56.4–58.6,46.5,44.3,76.6,99.6,45.2,
2026,201–250,Cardiff University,56.4–58.6,35.9,39.1,86.0,70.3,88.4,
2026,201–250,Chalmers University of Technology,56.4–58.6,42.6,45.9,71.2,97.1,76.7,
2026,201–250,Deakin University,56.4–58.6,31.6,38.4,91.7,86.3,87.7,
2026,201–250,Friedrich Schiller University Jena,56.4–58.6,44.0,42.5,83.5,88.7,62.0,
2026,201–250,Georgetown University,56.4–58.6,52.2,35.3,82.1,93.0,53.5,
2026,201–250,George Washington University,56.4–58.6,48.5,34.3,84.4,67.8,67.5,
2026,201–250,Goethe University Frankfurt,56.4–58.6,42.2,41.9,82.1,81.4,68.9,
2026,201–250,Hong Kong Baptist University,56.4–58.6,34.6,41.0,84.5,79.5,97.4,
2026,201–250,Indian Institute of Science,56.4–58.6,61.8,56.9,51.2,98.0,31.4,
2026,201–250,Khalifa University,56.4–58.6,37.6,28.0,88.5,92.3,94.8,
2026,201–250,Linköping University,56.4–58.6,31.1,40.4,89.1,96.8,70.3,
2026,201–250,Medical University of Graz,56.4–58.6,29.7,35.1,92.0,97.9,81.3,
2026,201–250,Medical University of Innsbruck,56.4–58.6,33.8,30.1,90.9,99.4,88.3,
2026,201–250,Nagoya University,56.4–58.6,58.1,56.1,57.0,99.8,43.8,
2026,201–250,"Northeastern University, US",56.4–58.6,38.4,32.4,90.5,69.2,79.6,
2026,201–250,Politecnico di Milano,56.4–58.6,46.2,51.9,67.8,98.0,65.5,
2026,201–250,Qatar University,56.4–58.6,32.4,38.1,89.1,79.1,94.5,
2026,201–250,Queensland University of Technology,56.4–58.6,33.0,40.4,89.6,88.1,81.9,
2026,201–250,Sant’Anna School of Advanced Studies – Pisa,56.4–58.6,50.2,38.3,77.5,93.7,56.8,
2026,201–250,Sichuan University,56.4–58.6,46.5,48.1,74.7,99.6,42.5,
2026,201–250,Stockholm University,56.4–58.6,33.5,48.4,87.2,66.1,76.5,
2026,201–250,Sun Yat-sen University,56.4–58.6,47.2,40.6,84.0,97.6,34.1,
2026,201–250,Tel Aviv University,56.4–58.6,41.8,50.1,79.9,75.0,53.4,
2026,201–250,Tianjin University,56.4–58.6,49.2,47.0,73.2,99.8,52.8,
2026,201–250,Ulsan National Institute of Science and Technology (UNIST),56.4–58.6,47.4,39.5,81.3,98.1,39.5,
2026,201–250,United Arab Emirates University,56.4–58.6,28.7,38.1,91.8,86.5,87.3,
2026,201–250,Université Libre de Bruxelles,56.4–58.6,36.7,44.8,81.3,68.3,86.9,
2026,201–250,Universiti Teknologi Petronas,56.4–58.6,41.6,40.3,82.4,94.5,78.9,
2026,201–250,University College Dublin,56.4–58.6,35.5,41.7,84.0,74.9,89.4,
2026,201–250,University of Aberdeen,56.4–58.6,38.0,34.8,82.3,79.6,96.4,
2026,201–250,University of Erlangen-Nuremberg,56.4–58.6,41.7,46.5,78.6,100.0,64.2,
2026,201–250,University of Gothenburg,56.4–58.6,34.8,43.2,91.1,78.8,62.7,
2026,201–250,University of Illinois Chicago,56.4–58.6,50.1,35.2,80.1,76.1,57.5,
2026,201–250,University of Malaya,56.4–58.6,47.8,38.8,72.8,65.2,91.4,
2026,201–250,University of Mannheim,56.4–58.6,37.0,44.5,85.5,88.2,71.1,
2026,201–250,University of Miami,56.4–58.6,47.3,35.5,83.8,83.3,61.6,
2026,201–250,University of Padua,56.4–58.6,46.4,41.0,80.0,78.9,53.2,
2026,201–250,University of Potsdam,56.4–58.6,37.9,44.3,81.7,92.4,66.4,
2026,201–250,University of Reading,56.4–58.6,41.7,38.1,85.2,66.9,94.2,
2026,201–250,University of São Paulo,56.4–58.6,61.6,55.6,53.9,96.6,43.4,
2026,201–250,University of Surrey,56.4–58.6,36.3,34.4,89.5,71.6,96.0,
2026,201–250,University of Sussex,56.4–58.6,34.3,36.0,88.9,64.8,94.8,
2026,201–250,University of Utah,56.4–58.6,43.4,39.2,86.5,91.4,41.7,
2026,201–250,University of Wollongong,56.4–58.6,34.3,36.6,85.4,89.8,93.4,
2026,201–250,Vrije Universiteit Brussel,56.4–58.6,37.8,42.5,80.4,93.6,76.6,
2026,201–250,Western University,56.4–58.6,39.9,42.6,77.5,99.8,86.9,
2026,201–250,Xi’an Jiaotong University,56.4–58.6,45.1,49.4,75.9,100.0,38.2,
2026,251–300,Aalborg University,54.3–56.3,33.6,44.9,80.6,88.0,72.4,
2026,251–300,Beihang University,54.3–56.3,47.8,46.5,73.8,100.0,34.7,
2026,251–300,Boston College,54.3–56.3,45.8,33.1,84.0,60.0,59.4,
2026,251–300,Central European University,54.3–56.3,50.0,34.4,76.3,28.3,92.6,
2026,251–300,Central South University,54.3–56.3,39.1,42.6,80.3,99.7,31.4,
2026,251–300,Curtin University,54.3–56.3,28.5,34.2,87.5,80.4,95.1,
2026,251–300,East China Normal University,54.3–56.3,43.1,36.5,79.5,90.6,55.3,
2026,251–300,Griffith University,54.3–56.3,30.5,37.3,83.7,80.8,87.2,
2026,251–300,Hanyang University,54.3–56.3,45.9,41.5,65.5,99.6,69.2,
2026,251–300,Hebrew University of Jerusalem,54.3–56.3,48.1,47.2,72.6,77.3,43.1,
2026,251–300,Heinrich Heine University Düsseldorf,54.3–56.3,36.2,34.3,84.3,83.9,67.2,
2026,251–300,Humanitas University,54.3–56.3,36.6,29.0,98.5,64.0,64.0,
2026,251–300,Hunan University,54.3–56.3,36.6,34.6,90.9,96.5,31.7,
2026,251–300,King Khalid University,54.3–56.3,41.2,31.6,80.0,58.4,88.2,
2026,251–300,King Saud University,54.3–56.3,38.2,33.8,82.7,89.1,84.0,
2026,251–300,Kyung Hee University,54.3–56.3,41.2,40.3,76.5,99.9,72.5,
2026,251–300,La Trobe University,54.3–56.3,29.5,36.8,88.9,79.0,88.7,
2026,251–300,Lebanese American University,54.3–56.3,36.8,32.5,93.7,32.0,80.8,
2026,251–300,LUT University,54.3–56.3,31.6,35.3,87.9,75.4,71.0,
2026,251–300,Macau University of Science and Technology,54.3–56.3,34.2,38.8,81.1,84.6,93.2,
2026,251–300,Nankai University,54.3–56.3,45.4,33.9,87.6,80.6,47.9,
2026,251–300,Northwestern Polytechnical University,54.3–56.3,41.0,42.4,78.6,99.7,47.6,
2026,251–300,RCSI University of Medicine and Health Sciences,54.3–56.3,32.2,37.0,82.1,78.5,91.4,
2026,251–300,RMIT University,54.3–56.3,35.2,36.2,82.5,78.2,93.1,
2026,251–300,Ruhr University Bochum,54.3–56.3,39.9,46.1,72.6,98.9,63.7,
2026,251–300,Sejong University,54.3–56.3,33.6,33.6,92.6,83.7,65.8,
2026,251–300,Semmelweis University,54.3–56.3,45.4,28.8,83.5,75.1,76.5,
2026,251–300,Shandong University,54.3–56.3,46.4,44.0,72.7,99.3,43.5,
2026,251–300,South China University of Technology,54.3–56.3,39.0,39.1,84.0,99.7,43.0,
2026,251–300,Southeast University,54.3–56.3,39.3,46.3,73.7,99.8,47.6,
2026,251–300,Southern Medical University,54.3–56.3,45.9,38.9,84.2,76.4,31.3,
2026,251–300,Swinburne University of Technology,54.3–56.3,33.0,33.6,91.4,78.1,81.8,
2026,251–300,Technical University of Darmstadt,54.3–56.3,43.1,46.8,65.7,99.8,73.1,
2026,251–300,Ulm University,54.3–56.3,42.3,31.6,83.1,91.2,64.8,
2026,251–300,Università Cattolica del Sacro Cuore,54.3–56.3,37.4,32.9,89.6,81.9,47.8,
2026,251–300,Università della Svizzera italiana,54.3–56.3,41.1,29.7,80.3,92.9,98.2,
2026,251–300,University of Bath,54.3–56.3,39.8,35.1,81.0,67.1,93.2,
2026,251–300,University of Bergen,54.3–56.3,35.3,36.4,84.1,75.4,75.8,
2026,251–300,University of East Anglia,54.3–56.3,34.7,30.2,89.1,62.0,87.3,
2026,251–300,University of Hawai’i at Mānoa,54.3–56.3,38.9,43.0,73.7,67.6,74.0,
2026,251–300,University of Konstanz,54.3–56.3,38.5,42.8,72.9,95.7,75.8,
2026,251–300,University of Luxembourg,54.3–56.3,39.9,39.3,75.1,79.8,92.1,
2026,251–300,University of Navarra,54.3–56.3,37.2,34.1,81.9,90.7,74.4,
2026,251–300,University of Newcastle,54.3–56.3,30.0,36.8,84.9,86.5,84.2,
2026,251–300,University of Oulu,54.3–56.3,36.7,39.5,85.8,70.9,63.6,
2026,251–300,University of Southern Denmark,54.3–56.3,30.4,36.0,87.3,98.1,75.8,
2026,251–300,University of Stuttgart,54.3–56.3,44.5,48.4,63.4,99.9,58.5,
2026,251–300,University of Tasmania,54.3–56.3,34.3,36.9,84.5,82.8,89.3,
2026,251–300,Virginia Polytechnic Institute and State University,54.3–56.3,41.9,41.2,77.5,76.7,63.1,
2026,251–300,Vita-Salute San Raffaele University,54.3–56.3,34.3,34.0,98.8,66.3,51.3,
2026,251–300,Xiamen University,54.3–56.3,43.3,37.6,84.2,95.1,36.6,
2026,301–350,Bauman Moscow State Technical University,51.6–54.2,68.4,42.8,43.0,54.4,59.6,
2026,301–350,"Birkbeck, University of London",51.6–54.2,34.2,32.2,76.0,65.5,91.6,
2026,301–350,"China Medical University, Taiwan",51.6–54.2,28.2,32.5,91.7,95.4,51.3,
2026,301–350,"City St George's, University of London",51.6–54.2,27.4,30.1,91.8,65.0,95.6,
2026,301–350,Dublin City University,51.6–54.2,28.5,36.6,88.6,69.0,71.1,
2026,301–350,École Normale Supérieure de Lyon,51.6–54.2,56.8,44.0,51.9,90.2,64.4,
2026,301–350,Flinders University,51.6–54.2,27.9,36.9,82.9,68.7,88.3,
2026,301–350,Florida State University,51.6–54.2,39.0,39.5,73.8,67.3,57.2,
2026,301–350,Hasselt University,51.6–54.2,35.0,37.8,72.8,87.8,71.2,
2026,301–350,Illinois Institute of Technology,51.6–54.2,41.0,26.9,77.3,92.4,73.5,
2026,301–350,Johannes Gutenberg University of Mainz,51.6–54.2,38.9,27.1,83.0,72.3,66.0,
2026,301–350,Koç University,51.6–54.2,34.6,41.9,70.6,91.2,59.2,
2026,301–350,Kyushu University,51.6–54.2,54.2,46.5,53.5,98.8,49.5,
2026,301–350,Lingnan University Hong Kong,51.6–54.2,29.5,38.4,83.7,40.7,94.5,
2026,301–350,Loughborough University,51.6–54.2,34.8,32.9,76.1,70.2,89.4,
2026,301–350,North Carolina State University,51.6–54.2,45.1,43.9,67.6,81.5,61.5,
2026,301–350,Norwegian University of Science and Technology,51.6–54.2,36.7,39.1,75.9,71.4,64.6,
2026,301–350,Prince Mohammad Bin Fahd University,51.6–54.2,32.0,33.3,78.5,56.4,89.5,
2026,301–350,Queen’s University,51.6–54.2,37.9,37.6,77.4,84.8,72.9,
2026,301–350,Rutgers University–New Brunswick,51.6–54.2,45.3,31.4,78.4,69.1,58.6,
2026,301–350,Simon Fraser University,51.6–54.2,26.9,35.6,79.7,83.5,90.7,
2026,301–350,Stellenbosch University,51.6–54.2,34.8,40.8,75.5,91.8,58.6,
2026,301–350,Stony Brook University,51.6–54.2,43.4,30.8,78.9,68.3,72.3,
2026,301–350,Sunway University,51.6–54.2,27.2,34.2,90.1,58.4,89.3,
2026,301–350,Swansea University,51.6–54.2,30.8,30.6,87.4,58.3,88.6,
2026,301–350,Tampere University,51.6–54.2,31.2,38.7,80.2,85.2,53.8,
2026,301–350,Technion Israel Institute of Technology,51.6–54.2,43.9,41.7,62.9,73.1,69.6,
2026,301–350,Tilburg University,51.6–54.2,29.1,42.9,73.8,78.9,85.2,
2026,301–350,TU Wien,51.6–54.2,44.2,47.2,55.5,99.9,85.3,
2026,301–350,Universiti Kebangsaan Malaysia,51.6–54.2,47.5,32.4,65.7,61.8,82.6,
2026,301–350,University at Buffalo,51.6–54.2,42.3,34.5,75.4,73.4,71.7,
2026,301–350,University of Bayreuth,51.6–54.2,39.8,41.3,68.6,84.5,68.0,
2026,301–350,University of Bremen,51.6–54.2,39.7,39.6,72.3,78.9,63.0,
2026,301–350,"University of California, Riverside",51.6–54.2,37.4,32.6,79.5,69.8,75.1,
2026,301–350,University of Duisburg-Essen,51.6–54.2,35.4,34.6,82.7,87.4,64.3,
2026,301–350,University of Dundee,51.6–54.2,28.5,32.6,82.1,87.0,91.7,
2026,301–350,University of Electronic Science and Technology of China,51.6–54.2,37.6,37.5,80.2,99.1,33.6,
2026,301–350,University of Essex,51.6–54.2,30.1,30.2,81.0,61.2,97.3,
2026,301–350,University of Hohenheim,51.6–54.2,36.0,36.4,78.4,76.7,61.3,
2026,301–350,University of Innsbruck,51.6–54.2,35.7,36.8,69.6,87.8,93.7,
2026,301–350,University of Iowa,51.6–54.2,46.8,34.3,74.9,89.9,52.3,
2026,301–350,University of Liège,51.6–54.2,34.8,41.8,72.7,97.5,72.5,
2026,301–350,University of Milan,51.6–54.2,38.9,32.5,86.1,71.2,47.2,
2026,301–350,University of Naples Federico II,51.6–54.2,40.0,31.8,83.9,72.5,35.2,
2026,301–350,University of Rome II – Tor Vergata,51.6–54.2,40.4,36.1,71.7,86.0,65.7,
2026,301–350,University of Sharjah,51.6–54.2,23.5,27.0,94.3,44.7,98.7,
2026,301–350,University of Tartu,51.6–54.2,34.5,31.4,84.0,65.1,59.7,
2026,301–350,University of the Witwatersrand,51.6–54.2,34.9,43.1,70.8,91.6,74.3,
2026,301–350,University of Turku,51.6–54.2,34.2,35.6,83.4,66.0,52.6,
2026,301–350,University of Victoria,51.6–54.2,30.2,37.1,82.9,66.8,83.6,
2026,301–350,Western Sydney University,51.6–54.2,30.6,31.8,88.0,68.3,88.5,
2026,351–400,Amirkabir University of Technology,49.9–51.5,37.1,33.0,75.3,91.9,46.6,
2026,351–400,Autonomous University of Madrid,49.9–51.5,41.8,31.3,73.4,66.5,56.2,
2026,351–400,Chongqing University,49.9–51.5,30.2,36.0,78.1,98.1,46.6,
2026,351–400,Daegu Gyeongbuk Institute of Science and Technology (DGIST),49.9–51.5,49.4,38.7,64.0,89.6,32.4,
2026,351–400,Dalhousie University,49.9–51.5,33.1,33.2,75.4,74.3,86.6,
2026,351–400,Edith Cowan University,49.9–51.5,22.5,25.8,89.2,69.6,89.0,
2026,351–400,Hokkaido University,49.9–51.5,53.5,45.1,47.9,96.8,47.0,
2026,351–400,James Cook University,49.9–51.5,28.8,31.9,82.3,67.8,81.5,
2026,351–400,Justus Liebig University Giessen,49.9–51.5,35.0,39.2,72.5,71.3,62.7,
2026,351–400,Kermanshah University of Medical Sciences,49.9–51.5,48.8,23.5,73.1,57.0,63.8,
2026,351–400,King Abdulaziz University,49.9–51.5,29.8,22.9,87.1,67.6,74.8,
2026,351–400,Leibniz University Hannover,49.9–51.5,38.8,41.7,64.3,84.3,56.9,
2026,351–400,Middle East Technical University,49.9–51.5,46.4,44.8,52.2,90.2,57.7,
2026,351–400,Mohammed VI Polytechnic University,49.9–51.5,34.7,34.9,72.7,56.2,72.8,
2026,351–400,Moscow Institute of Physics and Technology (MIPT),49.9–51.5,57.8,44.3,42.5,80.8,66.2,
2026,351–400,Oregon Health and Science University,49.9–51.5,38.8,20.9,91.6,87.9,34.2,
2026,351–400,Prince Sultan University (PSU),49.9–51.5,19.2,29.6,92.2,51.8,82.1,
2026,351–400,Sabancı University,49.9–51.5,33.0,38.8,67.5,99.0,65.6,
2026,351–400,Saveetha Institute of Medical and Technical Sciences,49.9–51.5,37.9,18.4,93.4,20.4,71.8,
2026,351–400,Sharif University of Technology,49.9–51.5,35.2,38.0,78.0,96.7,33.2,
2026,351–400,Shenzhen University,49.9–51.5,26.5,35.9,86.4,82.8,38.2,
2026,351–400,Swedish University of Agricultural Sciences,49.9–51.5,35.5,34.8,76.0,87.8,53.8,
2026,351–400,Université Grenoble Alpes,49.9–51.5,42.6,36.7,62.7,70.0,69.4,
2026,351–400,Universiti Brunei Darussalam,49.9–51.5,33.1,34.7,80.5,31.4,72.1,
2026,351–400,University College Cork,49.9–51.5,29.3,33.2,78.7,77.6,79.0,
2026,351–400,University of Brescia,49.9–51.5,35.4,24.7,88.0,72.0,43.2,
2026,351–400,University of Campinas,49.9–51.5,51.7,48.0,50.2,78.1,41.5,
2026,351–400,University of Colorado Denver/Anschutz Medical Campus,49.9–51.5,33.7,25.1,93.3,73.5,36.2,
2026,351–400,University of Connecticut,49.9–51.5,40.6,28.6,73.4,69.1,66.3,
2026,351–400,University of Florence,49.9–51.5,37.6,37.9,75.9,76.7,46.7,
2026,351–400,University of Galway,49.9–51.5,30.2,34.7,76.9,86.7,77.6,
2026,351–400,University of Georgia (USA),49.9–51.5,41.5,38.3,67.4,66.6,51.9,
2026,351–400,University of Johannesburg,49.9–51.5,29.5,38.4,69.9,81.1,82.0,
2026,351–400,University of Kansas,49.9–51.5,45.4,29.8,70.7,79.3,56.2,
2026,351–400,University of Kiel,49.9–51.5,32.5,33.4,81.8,64.4,62.2,
2026,351–400,University of Otago,49.9–51.5,34.1,34.3,72.4,69.3,81.1,
2026,351–400,University of Pavia,49.9–51.5,38.9,31.9,77.0,78.9,52.2,
2026,351–400,University of Pisa,49.9–51.5,36.3,34.7,77.7,67.7,43.2,
2026,351–400,University of Saskatchewan,49.9–51.5,39.5,34.0,63.0,96.1,76.0,
2026,351–400,University of Siena,49.9–51.5,39.3,35.1,75.0,75.5,46.7,
2026,351–400,University of Southern Queensland,49.9–51.5,29.3,26.8,87.1,51.3,81.5,
2026,351–400,University of South Florida,49.9–51.5,33.6,35.5,71.0,99.5,64.5,
2026,351–400,University of St Gallen,49.9–51.5,33.3,23.0,80.8,66.6,93.6,
2026,351–400,University of Strathclyde,49.9–51.5,37.0,35.2,66.4,79.7,90.5,
2026,351–400,University of Trento,49.9–51.5,34.6,35.2,77.4,70.3,61.5,
2026,351–400,University of Tsukuba,49.9–51.5,52.0,46.7,50.8,77.1,49.8,
2026,351–400,Verona University,49.9–51.5,34.6,31.1,81.6,71.1,45.0,
2026,401–500,Ajman University,46.2–49.8,25.8,28.7,84.0,22.8,99.5,
2026,401–500,Ajou University,46.2–49.8,34.3,38.6,58.4,95.8,59.4,
2026,401–500,Al-Ahliyya Amman University,46.2–49.8,18.6,24.7,88.0,56.9,93.8,
2026,401–500,Al Ain University,46.2–49.8,28.0,30.2,78.7,18.6,99.1,
2026,401–500,Applied Science Private University,46.2–49.8,21.7,22.7,87.1,21.5,85.4,
2026,401–500,Arabian Gulf University,46.2–49.8,45.2,13.8,73.0,29.2,93.4,
2026,401–500,"Asia University, Taiwan",46.2–49.8,16.6,34.9,82.8,75.3,49.5,
2026,401–500,Aston University,46.2–49.8,21.7,26.2,83.6,64.6,95.7,
2026,401–500,Australian Catholic University,46.2–49.8,17.7,24.7,97.1,28.0,83.9,
2026,401–500,Beijing University of Chemical Technology,46.2–49.8,26.4,31.8,84.2,96.6,25.0,
2026,401–500,Boğaziçi University,46.2–49.8,32.9,36.1,60.9,94.0,61.6,
2026,401–500,Bond University,46.2–49.8,26.8,21.9,87.3,25.8,80.4,
2026,401–500,Bournemouth University,46.2–49.8,18.8,21.7,89.3,46.4,89.2,
2026,401–500,Brandeis University,46.2–49.8,37.3,26.1,70.0,64.5,79.7,
2026,401–500,Brunel University of London,46.2–49.8,24.0,26.6,81.8,64.9,98.1,
2026,401–500,Central Queensland University,46.2–49.8,18.0,26.9,86.6,50.2,80.4,
2026,401–500,Charles Darwin University,46.2–49.8,22.7,29.9,78.9,50.4,82.4,
2026,401–500,Charles University,46.2–49.8,37.9,32.2,64.8,63.4,64.7,
2026,401–500,Chung-Ang University,46.2–49.8,38.8,38.9,55.7,93.3,63.4,
2026,401–500,Colorado School of Mines,46.2–49.8,40.9,32.6,63.7,86.7,41.5,
2026,401–500,Dalian University of Technology,46.2–49.8,34.6,39.3,71.6,99.0,35.6,
2026,401–500,Donghua University,46.2–49.8,32.9,25.2,77.8,93.2,37.9,
2026,401–500,Drexel University,46.2–49.8,42.4,25.5,72.1,74.7,60.6,
2026,401–500,Florida International University,46.2–49.8,33.2,32.6,70.7,65.5,49.1,
2026,401–500,Free University of Bozen-Bolzano,46.2–49.8,31.4,21.9,83.7,51.3,78.2,
2026,401–500,George Mason University,46.2–49.8,31.0,28.3,79.8,63.9,60.4,
2026,401–500,Gwangju Institute of Science and Technology (GIST),46.2–49.8,49.3,39.8,53.4,94.0,52.3,
2026,401–500,Heriot-Watt University,46.2–49.8,33.4,30.3,58.8,70.3,95.5,
2026,401–500,IMT Atlantique,46.2–49.8,47.3,35.5,48.3,97.8,81.2,
2026,401–500,Institut Agro,46.2–49.8,48.4,34.9,58.2,78.7,64.2,
2026,401–500,Iowa State University,46.2–49.8,41.6,36.2,64.7,87.0,44.0,
2026,401–500,Iran University of Science and Technology,46.2–49.8,32.0,33.9,79.5,88.6,34.0,
2026,401–500,Jamia Millia Islamia,46.2–49.8,43.0,18.2,79.6,43.8,42.5,
2026,401–500,Johannes Kepler University of Linz,46.2–49.8,36.7,35.4,61.4,98.5,75.6,
2026,401–500,Leuphana University of Lüneburg,46.2–49.8,23.5,28.1,83.2,33.6,66.0,
2026,401–500,Marche Polytechnic University,46.2–49.8,35.8,26.4,75.9,72.6,33.9,
2026,401–500,Montpellier University,46.2–49.8,39.5,33.5,68.7,68.7,66.8,
2026,401–500,Murdoch University,46.2–49.8,25.9,27.4,80.2,72.7,94.7,
2026,401–500,National and Kapodistrian University of Athens,46.2–49.8,24.4,26.8,78.0,92.5,55.7,
2026,401–500,National Taiwan University of Science and Technology (Taiwan Tech),46.2–49.8,33.2,38.3,62.9,97.8,50.0,
2026,401–500,National Tsing Hua University,46.2–49.8,37.5,43.5,61.4,99.8,46.3,
2026,401–500,National Yang Ming Chiao Tung University (NYCU Taiwan),46.2–49.8,42.3,42.7,55.3,100.0,39.9,
2026,401–500,Nazarbayev University,46.2–49.8,26.5,30.3,76.8,44.4,72.2,
2026,401–500,Near East University,46.2–49.8,27.4,21.7,78.5,54.4,90.0,
2026,401–500,Northumbria University,46.2–49.8,23.6,25.5,80.5,47.8,91.4,
2026,401–500,Polytechnic University of Turin,46.2–49.8,31.6,30.0,71.0,86.7,56.6,
2026,401–500,Pontificia Universidad Católica de Chile,46.2–49.8,33.5,38.6,61.9,80.2,58.1,
2026,401–500,Prince Sattam Bin Abdulaziz University,46.2–49.8,25.4,28.8,80.8,57.7,79.7,
2026,401–500,Princess Nourah bint Abdulrahman University,46.2–49.8,29.3,21.8,78.5,33.1,85.0,
2026,401–500,Quaid-i-Azam University,46.2–49.8,28.8,24.5,84.7,40.6,56.1,
2026,401–500,Roskilde University,46.2–49.8,25.9,34.1,74.6,73.9,54.7,
2026,401–500,"Royal Holloway, University of London",46.2–49.8,32.3,28.9,72.2,65.1,92.5,
2026,401–500,Rush University,46.2–49.8,44.5,16.4,80.6,63.5,30.4,
2026,401–500,Saint Louis University,46.2–49.8,43.8,17.7,73.5,64.4,47.5,
2026,401–500,Shoolini University of Biotechnology and Management Sciences,46.2–49.8,27.8,24.1,88.7,25.8,68.7,
2026,401–500,SOAS University of London,46.2–49.8,38.7,34.7,59.9,38.9,79.9,
2026,401–500,Southern Cross University,46.2–49.8,24.4,29.9,72.8,66.9,79.1,
2026,401–500,Syracuse University,46.2–49.8,35.5,27.9,71.1,64.4,68.7,
2026,401–500,Taipei Medical University,46.2–49.8,46.3,32.2,63.6,86.6,48.6,
2026,401–500,Temple University,46.2–49.8,43.2,22.6,79.9,70.8,41.2,
2026,401–500,The University of Tennessee-Knoxville,46.2–49.8,35.4,31.3,72.4,70.8,52.8,
2026,401–500,Tulane University,46.2–49.8,43.0,23.4,75.8,63.8,50.2,
2026,401–500,Umeå University,46.2–49.8,30.0,33.1,80.2,63.2,62.1,
2026,401–500,Umm Al-Qura University,46.2–49.8,35.4,25.3,75.7,34.5,63.2,
2026,401–500,Université Laval,46.2–49.8,31.8,34.6,69.4,91.7,72.3,
2026,401–500,Universiti Sains Malaysia,46.2–49.8,42.9,30.3,65.8,64.5,76.5,
2026,401–500,Universiti Teknologi Malaysia,46.2–49.8,44.5,29.5,62.0,71.1,70.7,
2026,401–500,Universiti Utara Malaysia,46.2–49.8,41.1,30.2,66.2,30.1,82.1,
2026,401–500,University of Bordeaux,46.2–49.8,36.8,28.0,68.6,68.3,64.6,
2026,401–500,"University of California, Merced",46.2–49.8,31.6,29.0,86.7,58.0,47.7,
2026,401–500,University of Canberra,46.2–49.8,25.7,31.0,76.0,57.0,89.1,
2026,401–500,University of Central Florida,46.2–49.8,29.1,32.8,77.2,74.3,36.8,
2026,401–500,University of Coimbra,46.2–49.8,33.8,42.1,61.5,81.4,54.7,
2026,401–500,University of Cyprus,46.2–49.8,28.9,30.7,69.2,70.2,74.1,
2026,401–500,University of Delaware,46.2–49.8,36.1,32.0,68.5,80.4,58.1,
2026,401–500,University of Eastern Finland,46.2–49.8,28.6,31.1,76.6,67.6,49.7,
2026,401–500,University of Fribourg,46.2–49.8,39.1,33.8,62.4,71.9,81.3,
2026,401–500,University of Genoa,46.2–49.8,39.4,30.9,74.6,76.2,46.9,
2026,401–500,University of Greifswald,46.2–49.8,35.1,31.3,69.5,58.3,51.4,
2026,401–500,University of Guelph,46.2–49.8,34.8,36.7,64.1,80.0,63.6,
2026,401–500,University of Houston,46.2–49.8,33.2,26.2,73.0,68.8,75.3,
2026,401–500,University of Jyväskylä,46.2–49.8,31.9,34.4,77.2,49.1,48.6,
2026,401–500,University of Kent,46.2–49.8,29.5,28.4,73.2,64.4,92.6,
2026,401–500,University of Kentucky,46.2–49.8,44.0,29.6,68.8,71.1,43.6,
2026,401–500,University of Lisbon,46.2–49.8,31.1,41.8,66.8,75.3,60.3,
2026,401–500,University of Marburg,46.2–49.8,37.8,32.1,72.0,70.8,61.9,
2026,401–500,University of Milan-Bicocca,46.2–49.8,25.1,27.1,87.7,68.1,46.3,
2026,401–500,University of Nizwa,46.2–49.8,28.1,26.0,76.2,34.0,83.0,
2026,401–500,University of Oregon,46.2–49.8,34.7,30.0,75.7,73.8,41.4,
2026,401–500,University of Porto,46.2–49.8,33.7,39.1,70.2,67.8,56.0,
2026,401–500,University of Portsmouth,46.2–49.8,22.0,20.1,88.7,51.1,94.5,
2026,401–500,University of Regensburg,46.2–49.8,36.3,30.8,70.9,67.6,58.4,
2026,401–500,University of South Carolina-Columbia,46.2–49.8,35.9,24.0,74.8,64.6,56.0,
2026,401–500,University of Tehran,46.2–49.8,38.3,31.1,70.1,65.0,36.1,
2026,401–500,University of Texas at Dallas,46.2–49.8,29.2,26.6,76.6,73.8,63.4,
2026,401–500,University of Turin,46.2–49.8,24.3,31.9,81.7,74.0,44.3,
2026,401–500,University of Vaasa,46.2–49.8,23.7,28.1,90.5,35.6,67.4,
2026,401–500,University of Waikato,46.2–49.8,24.1,31.5,72.3,74.6,88.1,
2026,401–500,Victoria University of Wellington,46.2–49.8,29.0,33.5,73.7,62.9,75.0,
2026,401–500,Virginia Commonwealth University,46.2–49.8,38.1,23.0,81.3,75.3,35.4,
2026,401–500,Wake Forest University,46.2–49.8,38.0,23.2,80.5,92.3,38.7,
2026,401–500,Washington State University,46.2–49.8,37.3,33.1,67.8,82.8,56.2,
2026,401–500,York University,46.2–49.8,29.3,33.2,71.5,72.3,86.0,
2026,401–500,Zayed University,46.2–49.8,21.8,21.7,85.8,59.5,73.7,
2026,501–600,Alfaisal University,43.6–46.1,24.2,19.5,73.7,50.4,97.2,
2026,501–600,American University of Sharjah,43.6–46.1,20.9,28.7,73.0,49.7,87.5,
2026,501–600,Auckland University of Technology,43.6–46.1,22.6,22.8,73.6,49.8,91.3,
2026,501–600,Banaras Hindu University,43.6–46.1,49.9,18.0,67.8,31.0,27.6,
2026,501–600,Bangor University,43.6–46.1,28.3,26.0,70.3,63.2,87.1,
2026,501–600,Ca’ Foscari University of Venice,43.6–46.1,38.0,38.0,53.2,61.3,65.9,
2026,501–600,Campus Bio-Medico University of Rome,43.6–46.1,36.9,27.2,73.3,54.1,33.6,
2026,501–600,Carleton University,43.6–46.1,23.4,31.5,64.9,79.2,75.4,
2026,501–600,"China University of Petroleum, Beijing",43.6–46.1,34.2,38.0,56.8,96.7,26.1,
2026,501–600,Chulalongkorn University,43.6–46.1,39.5,31.3,56.1,82.0,46.8,
2026,501–600,"Colorado State University, Fort Collins",43.6–46.1,35.0,30.2,68.7,70.7,46.2,
2026,501–600,Complutense University of Madrid,43.6–46.1,43.7,34.5,57.6,56.6,49.1,
2026,501–600,Constructor University,43.6–46.1,34.9,32.2,51.4,92.4,94.0,
2026,501–600,Cyprus University of Technology,43.6–46.1,28.9,25.6,75.1,36.3,68.5,
2026,501–600,Ewha Womans University,43.6–46.1,36.9,37.3,50.3,90.9,50.9,
2026,501–600,Federation University Australia,43.6–46.1,20.9,18.2,81.5,70.5,87.5,
2026,501–600,Gachon University,43.6–46.1,34.9,24.1,63.8,70.0,62.5,
2026,501–600,Georgia State University,43.6–46.1,32.9,26.7,67.1,62.5,53.3,
2026,501–600,"Goldsmiths, University of London",43.6–46.1,28.2,23.5,71.2,48.8,80.8,
2026,501–600,Hamburg University of Technology,43.6–46.1,38.1,26.0,56.9,86.0,61.8,
2026,501–600,HSE University,43.6–46.1,31.7,43.7,54.6,90.7,49.2,
2026,501–600,Imam Abdulrahman Bin Faisal University,43.6–46.1,33.4,19.5,75.4,26.6,75.7,
2026,501–600,Indian Institute of Technology Indore,43.6–46.1,42.9,28.9,63.9,40.9,36.0,
2026,501–600,Istanbul Technical University,43.6–46.1,39.7,41.7,50.4,93.0,44.1,
2026,501–600,Jagiellonian University,43.6–46.1,43.8,33.6,51.1,54.2,45.7,
2026,501–600,Jiangsu University,43.6–46.1,28.0,18.0,83.6,75.1,54.9,
2026,501–600,Jinan University (China),43.6–46.1,26.7,25.9,77.8,65.9,57.1,
2026,501–600,Juntendo University,43.6–46.1,37.3,17.2,74.5,83.1,26.3,
2026,501–600,Keele University,43.6–46.1,23.5,22.6,75.5,63.8,82.3,
2026,501–600,KIIT University,43.6–46.1,43.0,20.9,63.5,60.6,45.6,
2026,501–600,Konkuk University,43.6–46.1,34.2,38.8,50.2,96.4,63.7,
2026,501–600,Kyungpook National University (KNU),43.6–46.1,34.8,38.5,51.0,96.1,52.3,
2026,501–600,Lincoln University (New Zealand),43.6–46.1,29.1,25.6,62.2,53.5,91.0,
2026,501–600,Liverpool John Moores University,43.6–46.1,19.7,19.7,83.8,51.2,79.9,
2026,501–600,Lovely Professional University,43.6–46.1,24.6,17.6,87.6,31.5,53.9,
2026,501–600,Mahatma Gandhi University,43.6–46.1,46.5,28.5,63.6,36.4,30.0,
2026,501–600,Massey University,43.6–46.1,30.1,29.2,62.3,81.6,86.2,
2026,501–600,Maynooth University,43.6–46.1,23.5,34.4,68.7,50.5,75.0,
2026,501–600,Memorial University of Newfoundland,43.6–46.1,30.3,25.7,65.2,82.1,86.2,
2026,501–600,Middlesex University,43.6–46.1,22.4,18.7,76.1,45.3,92.5,
2026,501–600,Missouri University of Science and Technology,43.6–46.1,27.9,29.5,64.1,89.0,75.2,
2026,501–600,Mizzou - University of Missouri,43.6–46.1,39.8,26.2,63.6,69.3,52.0,
2026,501–600,National Cheng Kung University (NCKU),43.6–46.1,36.9,41.3,52.0,99.8,42.3,
2026,501–600,National Taiwan Normal University,43.6–46.1,36.7,32.3,56.2,86.4,54.4,
2026,501–600,National Yunlin University of Science and Technology,43.6–46.1,21.1,28.9,81.8,79.9,48.2,
2026,501–600,New Jersey Institute of Technology,43.6–46.1,27.5,23.3,65.2,68.5,91.9,
2026,501–600,"Northeastern University, China",43.6–46.1,31.7,31.4,63.9,96.2,35.4,
2026,501–600,NOVA University of Lisbon,43.6–46.1,30.2,36.4,59.7,75.8,62.0,
2026,501–600,Polytechnic University of Bari,43.6–46.1,27.0,31.1,72.8,73.9,36.7,
2026,501–600,Pusan National University,43.6–46.1,41.6,39.6,49.1,95.3,45.1,
2026,501–600,Rensselaer Polytechnic Institute,43.6–46.1,38.9,27.9,58.1,85.1,72.6,
2026,501–600,Royal Veterinary College,43.6–46.1,31.9,21.5,66.2,64.4,93.0,
2026,501–600,RPTU University Kaiserslautern-Landau,43.6–46.1,36.1,30.9,56.3,83.2,51.1,
2026,501–600,Saarland University,43.6–46.1,32.5,19.2,73.1,68.7,78.8,
2026,501–600,Shanghai University,43.6–46.1,31.5,37.6,64.3,93.6,37.3,
2026,501–600,Shiraz University of Technology,43.6–46.1,34.2,22.4,77.6,45.6,38.4,
2026,501–600,"Soochow University, China",43.6–46.1,29.3,26.4,77.6,92.8,27.1,
2026,501–600,Stevens Institute of Technology,43.6–46.1,27.6,25.2,72.2,67.8,79.2,
2026,501–600,Sultan Qaboos University,43.6–46.1,30.9,24.6,70.1,40.7,73.9,
2026,501–600,Tashkent Institute of Irrigation and Agricultural Mechanisation,43.6–46.1,35.9,13.6,79.9,49.4,51.2,
2026,501–600,Tehran University of Medical Sciences,43.6–46.1,49.0,27.7,56.8,84.2,42.7,
2026,501–600,The University of Tulsa,43.6–46.1,41.4,17.5,70.6,58.8,60.7,
2026,501–600,TU Dortmund University,43.6–46.1,36.0,35.3,57.0,71.5,56.5,
2026,501–600,UEH University,43.6–46.1,13.0,21.8,92.1,50.1,53.6,
2026,501–600,Université du Québec,43.6–46.1,33.4,33.5,57.1,73.2,76.7,
2026,501–600,Universiti Putra Malaysia,43.6–46.1,40.7,31.6,51.7,57.1,82.5,
2026,501–600,University of Bradford,43.6–46.1,21.4,21.4,76.1,58.5,93.3,
2026,501–600,University of Catania,43.6–46.1,31.4,22.0,78.7,59.0,47.2,
2026,501–600,University of Denver,43.6–46.1,40.2,25.5,63.5,57.2,39.4,
2026,501–600,University of Ferrara,43.6–46.1,31.9,26.8,70.3,68.5,44.0,
2026,501–600,University of Graz,43.6–46.1,32.3,24.1,65.3,51.0,81.2,
2026,501–600,University of Haifa,43.6–46.1,29.6,31.2,68.6,65.0,34.6,
2026,501–600,University of Huddersfield,43.6–46.1,25.6,23.9,73.9,51.3,89.3,
2026,501–600,University of Hull,43.6–46.1,27.3,23.8,72.9,57.5,87.8,
2026,501–600,University of Iceland,43.6–46.1,24.6,35.3,69.3,83.1,55.2,
2026,501–600,University of International Business and Economics,43.6–46.1,29.2,19.0,87.3,31.5,54.0,
2026,501–600,University of KwaZulu-Natal,43.6–46.1,31.4,37.9,61.5,49.1,54.9,
2026,501–600,University of Limerick,43.6–46.1,28.6,34.6,61.7,73.1,75.0,
2026,501–600,University of Manitoba,43.6–46.1,29.5,25.1,72.9,61.4,60.4,
2026,501–600,University of Messina,43.6–46.1,35.6,28.1,71.8,64.3,36.6,
2026,501–600,University of Missouri-Kansas City,43.6–46.1,30.3,24.4,75.2,64.3,45.5,
2026,501–600,University of Modena and Reggio Emilia,43.6–46.1,34.7,25.7,72.9,77.9,38.9,
2026,501–600,University of Nebraska-Lincoln,43.6–46.1,33.1,31.4,63.9,68.6,59.7,
2026,501–600,University of Nebraska Medical Center,43.6–46.1,38.5,17.3,79.4,67.3,40.8,
2026,501–600,University of Nicosia,43.6–46.1,19.3,24.1,81.3,51.7,90.2,
2026,501–600,University of Palermo,43.6–46.1,33.3,30.5,66.7,54.7,37.0,
2026,501–600,University of Plymouth,43.6–46.1,23.0,21.2,77.9,65.8,82.2,
2026,501–600,University of Pretoria,43.6–46.1,32.3,34.7,57.5,61.1,65.2,
2026,501–600,University of Salerno,43.6–46.1,30.6,30.2,72.7,63.1,36.9,
2026,501–600,University of Siegen,43.6–46.1,30.4,36.7,63.6,63.6,60.0,
2026,501–600,University of Stirling,43.6–46.1,24.4,26.3,74.6,45.6,91.1,
2026,501–600,University of the Sunshine Coast,43.6–46.1,21.9,29.5,72.2,64.5,68.0,
2026,501–600,University of Toulouse,43.6–46.1,32.5,30.7,62.9,71.0,67.7,
2026,501–600,University of Trieste,43.6–46.1,34.3,27.7,72.4,57.6,50.9,
2026,501–600,University of Ulsan,43.6–46.1,30.6,27.6,75.8,92.9,24.0,
2026,501–600,University of Valencia,43.6–46.1,31.8,27.7,70.9,68.5,52.6,
2026,501–600,University of Windsor,43.6–46.1,30.4,31.4,60.5,68.2,87.9,
2026,501–600,UPES,43.6–46.1,29.6,20.9,81.5,23.2,54.3,
2026,501–600,Victoria University,43.6–46.1,22.9,24.7,74.5,55.9,71.5,
2026,501–600,Wayne State University,43.6–46.1,38.9,22.1,72.1,80.1,42.1,
2026,501–600,Wroclaw Medical University,43.6–46.1,43.5,17.9,76.5,48.1,37.5,
2026,501–600,Yangzhou University,43.6–46.1,34.3,27.1,70.1,81.2,45.5,
2026,501–600,Yeungnam University,43.6–46.1,25.1,22.9,75.3,62.8,65.2,
2026,501–600,Zhejiang University of Technology,43.6–46.1,32.0,27.3,69.7,92.5,37.9,
2026,601–800,Aberystwyth University,39.0–43.5,26.9,22.2,61.9,62.1,83.1,
2026,601–800,Air University,39.0–43.5,22.5,12.6,83.7,34.9,49.9,
2026,601–800,Alborz University of Medical Sciences,39.0–43.5,41.3,12.7,67.1,27.0,27.3,
2026,601–800,Aligarh Muslim University,39.0–43.5,41.3,16.8,72.4,37.2,40.9,
2026,601–800,Amedeo Avogadro University of Eastern Piedmont,39.0–43.5,25.6,24.8,70.6,52.9,47.8,
2026,601–800,American University,39.0–43.5,35.7,18.6,63.6,41.6,43.6,
2026,601–800,American University in Cairo,39.0–43.5,30.1,25.9,53.7,33.9,71.9,
2026,601–800,American University of the Middle East,39.0–43.5,29.1,19.5,71.9,27.7,85.6,
2026,601–800,"Amity University, Noida",39.0–43.5,28.7,17.6,76.9,42.1,50.7,
2026,601–800,Anglia Ruskin University (ARU),39.0–43.5,18.5,14.6,83.6,34.1,91.0,
2026,601–800,Auburn University,39.0–43.5,36.5,27.9,55.6,71.8,54.6,
2026,601–800,Babol Noshirvani University of Technology,39.0–43.5,22.1,21.9,86.1,36.3,28.3,
2026,601–800,Babol University of Medical Sciences,39.0–43.5,40.7,12.6,71.1,22.3,23.2,
2026,601–800,Bahauddin Zakariya University,39.0–43.5,23.7,18.1,75.0,25.2,49.5,
2026,601–800,Bar-Ilan University,39.0–43.5,33.8,34.8,52.6,65.9,32.8,
2026,601–800,Beirut Arab University,39.0–43.5,43.0,17.3,46.3,21.8,88.2,
2026,601–800,Ben-Gurion University of the Negev,39.0–43.5,35.5,25.3,57.3,65.2,36.0,
2026,601–800,Bharathiar University,39.0–43.5,35.9,25.9,55.7,45.4,31.2,
2026,601–800,Bilkent University,39.0–43.5,28.4,35.5,51.3,99.5,63.2,
2026,601–800,Capital Medical University,39.0–43.5,36.9,21.2,64.0,57.2,23.2,
2026,601–800,Centrale Nantes,39.0–43.5,39.9,31.2,41.7,86.1,85.4,
2026,601–800,Central University of Punjab,39.0–43.5,30.3,19.8,78.7,26.5,29.2,
2026,601–800,Chang Gung University,39.0–43.5,25.8,35.3,50.2,96.1,29.6,
2026,601–800,Charles Sturt University,39.0–43.5,18.8,20.2,72.3,52.2,59.2,
2026,601–800,Chitkara University,39.0–43.5,21.1,14.7,91.0,22.7,28.2,
2026,601–800,City University of Macau,39.0–43.5,30.8,17.1,59.7,18.9,93.5,
2026,601–800,Claude Bernard University Lyon 1,39.0–43.5,27.0,26.4,62.6,70.1,60.2,
2026,601–800,COMSATS University Islamabad,39.0–43.5,19.8,16.9,86.2,43.5,50.9,
2026,601–800,Concordia University,39.0–43.5,24.5,25.8,63.7,68.0,74.7,
2026,601–800,Coventry University,39.0–43.5,21.6,15.1,73.5,44.9,94.4,
2026,601–800,Cyprus International University,39.0–43.5,17.8,12.1,83.5,17.5,83.9,
2026,601–800,Czech University of Life Sciences Prague (CZU),39.0–43.5,25.1,17.5,64.9,47.3,78.5,
2026,601–800,De Montfort University,39.0–43.5,17.7,16.4,70.5,50.4,92.9,
2026,601–800,Dhofar University,39.0–43.5,16.9,19.0,80.8,27.8,79.4,
2026,601–800,Duy Tan University,39.0–43.5,12.8,17.0,91.9,27.9,55.2,
2026,601–800,East China University of Science and Technology,39.0–43.5,31.1,29.1,63.3,96.6,22.9,
2026,601–800,Eastern Mediterranean University,39.0–43.5,20.2,12.7,77.2,30.9,77.3,
2026,601–800,École des Mines de Saint-Étienne,39.0–43.5,47.3,31.3,30.1,78.9,72.0,
2026,601–800,École Nationale des Travaux Publics de l'État (ENTPE),39.0–43.5,36.4,37.2,41.8,80.1,71.7,
2026,601–800,Edinburgh Napier University,39.0–43.5,17.5,19.7,75.3,41.2,90.3,
2026,601–800,Egypt-Japan University of Science and Technology (E-JUST),39.0–43.5,30.7,27.4,65.0,40.8,53.3,
2026,601–800,Federal University of Rio de Janeiro,39.0–43.5,42.6,36.2,38.1,84.9,37.2,
2026,601–800,Golestan University,39.0–43.5,22.1,15.6,83.1,23.3,59.2,
2026,601–800,Government College University Faisalabad,39.0–43.5,20.3,17.7,81.4,22.3,49.8,
2026,601–800,Graphic Era University,39.0–43.5,20.2,22.2,92.0,20.1,36.2,
2026,601–800,Graz University of Technology,39.0–43.5,41.9,22.7,46.5,95.3,79.4,
2026,601–800,Guangdong University of Technology,39.0–43.5,18.8,20.0,78.6,86.7,24.3,
2026,601–800,Harbin Engineering University,39.0–43.5,29.7,33.8,50.6,94.1,26.0,
2026,601–800,Harokopio University of Athens,39.0–43.5,20.8,24.2,79.3,40.2,39.5,
2026,601–800,Hiroshima University,39.0–43.5,41.7,31.4,47.8,79.8,49.1,
2026,601–800,Imam Mohammad Ibn Saud Islamic University,39.0–43.5,33.2,22.1,64.9,36.6,83.1,
2026,601–800,Indian Institute of Technology Patna,39.0–43.5,34.8,22.5,70.4,36.0,22.8,
2026,601–800,"International Institute of Information Technology, Hyderabad",39.0–43.5,29.3,18.7,66.3,56.6,43.5,
2026,601–800,Iran University of Medical Sciences,39.0–43.5,48.3,17.3,56.5,43.1,46.6,
2026,601–800,ISCTE-University Institute of Lisbon,39.0–43.5,29.8,35.9,54.9,59.9,50.8,
2026,601–800,Isfahan University of Medical Sciences,39.0–43.5,46.6,22.5,49.7,65.6,27.5,
2026,601–800,Isfahan University of Technology,39.0–43.5,34.1,27.6,59.7,84.4,36.6,
2026,601–800,Jazan University,39.0–43.5,22.5,12.4,75.4,21.1,76.3,
2026,601–800,Jiangnan University,39.0–43.5,29.5,25.8,68.0,92.8,22.2,
2026,601–800,Jouf University,39.0–43.5,23.8,17.6,72.3,25.6,75.5,
2026,601–800,Kadir Has University,39.0–43.5,19.4,31.7,67.1,32.8,56.1,
2026,601–800,Kafrelsheikh University,39.0–43.5,28.7,9.6,76.9,21.6,53.1,
2026,601–800,Kansas State University,39.0–43.5,35.1,22.9,52.6,68.4,53.2,
2026,601–800,Keio University,39.0–43.5,37.0,28.3,49.1,73.7,41.0,
2026,601–800,King Faisal University,39.0–43.5,25.6,14.8,73.7,40.4,78.4,
2026,601–800,Kobe University,39.0–43.5,41.5,28.9,45.0,89.0,38.3,
2026,601–800,Lehigh University,39.0–43.5,33.8,22.7,61.2,67.6,71.2,
2026,601–800,London Metropolitan University,39.0–43.5,16.6,14.4,76.6,30.2,91.3,
2026,601–800,London South Bank University,39.0–43.5,18.5,13.0,75.6,48.1,95.9,
2026,601–800,Lorestan University of Medical Sciences,39.0–43.5,39.1,18.4,67.9,50.2,29.2,
2026,601–800,Louisiana State University,39.0–43.5,34.1,20.6,60.8,65.7,46.2,
2026,601–800,Mahidol University,39.0–43.5,38.6,28.4,53.1,88.1,49.6,
2026,601–800,Majmaah University,39.0–43.5,32.2,25.4,59.7,35.6,76.0,
2026,601–800,Malaviya National Institute of Technology,39.0–43.5,31.7,19.1,73.9,39.3,24.0,
2026,601–800,Management & Science University (MSU),39.0–43.5,33.2,15.0,65.8,33.4,92.1,
2026,601–800,Manchester Metropolitan University,39.0–43.5,20.8,19.5,78.3,42.7,83.0,
2026,601–800,Manipal Academy of Higher Education,39.0–43.5,44.7,18.6,56.4,54.1,52.2,
2026,601–800,Masaryk University,39.0–43.5,26.8,32.6,57.1,51.1,66.2,
2026,601–800,Mississippi State University,39.0–43.5,28.5,21.2,64.8,63.2,50.5,
2026,601–800,Nanjing Forestry University,39.0–43.5,21.2,23.8,83.4,61.1,27.1,
2026,601–800,Nanjing Tech University,39.0–43.5,24.4,18.4,68.8,87.3,34.6,
2026,601–800,Nanjing University of Aeronautics and Astronautics,39.0–43.5,30.2,35.4,54.9,98.4,25.3,
2026,601–800,Nanjing University of Science and Technology (NJUST),39.0–43.5,33.4,31.2,66.8,63.4,22.1,
2026,601–800,Nantes Université,39.0–43.5,29.3,21.4,65.6,67.6,59.8,
2026,601–800,National Institute of Technology Rourkela,39.0–43.5,34.3,20.5,63.8,66.4,23.3,
2026,601–800,National Research Nuclear University MEPhI,39.0–43.5,49.3,35.0,29.2,63.4,72.6,
2026,601–800,National Sun Yat-Sen University,39.0–43.5,31.5,35.1,43.6,89.0,46.7,
2026,601–800,National University of Sciences and Technology,39.0–43.5,23.6,23.8,75.3,64.6,56.2,
2026,601–800,New Mexico State University (Main campus),39.0–43.5,26.2,24.5,66.2,56.2,45.0,
2026,601–800,Nottingham Trent University,39.0–43.5,20.8,14.1,83.3,38.1,89.1,
2026,601–800,Obuda University,39.0–43.5,17.4,30.9,72.8,27.2,48.8,
2026,601–800,Ocean University of China,39.0–43.5,31.3,29.5,63.6,69.7,28.4,
2026,601–800,Ohio University (Main campus),39.0–43.5,33.1,18.9,61.6,59.1,38.7,
2026,601–800,Oklahoma State University,39.0–43.5,36.5,21.1,60.9,61.9,55.4,
2026,601–800,Örebro University,39.0–43.5,19.3,25.2,78.3,50.5,54.4,
2026,601–800,Otto von Guericke University of Magdeburg,39.0–43.5,34.6,18.2,56.6,57.7,72.6,
2026,601–800,Paderborn University,39.0–43.5,31.1,35.9,51.4,70.7,50.0,
2026,601–800,Panjab University,39.0–43.5,38.2,19.6,71.2,48.3,24.6,
2026,601–800,Paris Lodron Universität Salzburg,39.0–43.5,32.3,21.8,51.8,49.6,92.1,
2026,601–800,Parthenope University of Naples,39.0–43.5,18.9,22.8,78.0,34.8,35.4,
2026,601–800,Polytechnic University of Valencia,39.0–43.5,32.3,26.2,50.4,86.8,57.2,
2026,601–800,Qassim University,39.0–43.5,30.5,19.3,56.2,29.7,84.0,
2026,601–800,Qazvin University of Medical Sciences,39.0–43.5,37.1,11.7,72.3,22.0,28.4,
2026,601–800,Qingdao University,39.0–43.5,18.4,20.2,83.3,56.8,23.3,
2026,601–800,Rochester Institute of Technology,39.0–43.5,24.2,22.6,65.5,62.3,46.7,
2026,601–800,Rovira i Virgili University,39.0–43.5,28.2,25.1,62.5,57.5,57.6,
2026,601–800,Sciences Po,39.0–43.5,30.1,24.8,67.9,18.6,82.9,
2026,601–800,Shahid Beheshti University of Medical Sciences,39.0–43.5,45.0,20.4,52.8,73.7,31.4,
2026,601–800,Sharda University,39.0–43.5,32.8,13.5,73.7,22.1,40.6,
2026,601–800,Shiraz University of Medical Sciences,39.0–43.5,46.6,19.5,58.6,58.0,26.8,
2026,601–800,South China Normal University,39.0–43.5,24.5,24.9,67.1,75.4,35.8,
2026,601–800,SRUC (Scotland’s Rural College),39.0–43.5,25.2,14.9,75.4,28.0,65.4,
2026,601–800,Sukkur IBA University,39.0–43.5,19.6,26.7,77.9,26.3,50.1,
2026,601–800,SUNY Binghamton University,39.0–43.5,33.2,26.9,54.7,64.6,44.1,
2026,601–800,SUNY University at Albany,39.0–43.5,28.7,27.6,66.4,68.8,57.2,
2026,601–800,Symbiosis International University,39.0–43.5,29.3,15.8,80.2,27.0,43.3,
2026,601–800,Tabriz University of Medical Sciences,39.0–43.5,42.3,16.1,71.8,42.9,33.8,
2026,601–800,Taif University,39.0–43.5,16.2,16.4,77.7,23.3,76.3,
2026,601–800,Tallinn University of Technology,39.0–43.5,26.2,24.9,66.0,69.2,58.4,
2026,601–800,Tarbiat Modares University,39.0–43.5,36.5,25.5,67.1,54.3,32.7,
2026,601–800,Tecnológico de Monterrey,39.0–43.5,26.7,26.4,59.6,68.4,65.8,
2026,601–800,Teesside University,39.0–43.5,20.6,14.3,72.9,29.8,87.9,
2026,601–800,Texas Tech University,39.0–43.5,31.6,22.0,57.8,64.4,58.3,
2026,601–800,Thapar Institute of Engineering and Technology,39.0–43.5,33.3,17.6,72.5,38.9,44.5,
2026,601–800,The Catholic University of Korea (CUK),39.0–43.5,31.6,39.0,50.9,92.9,43.2,
2026,601–800,The University of Aizu,39.0–43.5,27.2,14.3,63.6,58.1,81.5,
2026,601–800,The University of Jordan,39.0–43.5,32.0,19.5,67.2,41.6,75.9,
2026,601–800,The University of Texas at San Antonio,39.0–43.5,21.9,23.4,75.7,60.9,40.4,
2026,601–800,Tomsk State University,39.0–43.5,50.5,38.3,27.0,55.9,74.7,
2026,601–800,Ton Duc Thang University,39.0–43.5,15.8,12.2,85.9,27.2,63.0,
2026,601–800,Toronto Metropolitan University,39.0–43.5,22.4,32.0,61.1,69.0,62.0,
2026,601–800,TU Braunschweig,39.0–43.5,36.0,24.3,58.5,77.5,57.7,
2026,601–800,"UEES, Espiritu Santo University",39.0–43.5,38.8,15.3,58.8,39.9,88.7,
2026,601–800,UiT The Arctic University of Norway,39.0–43.5,27.3,23.1,67.6,48.9,66.0,
2026,601–800,Ulster University,39.0–43.5,22.8,22.8,65.7,54.3,95.0,
2026,601–800,Universidade Estadual Paulista (Unesp),39.0–43.5,45.6,35.6,36.8,62.7,39.0,
2026,601–800,Universidade Federal do Rio Grande do Sul,39.0–43.5,38.9,23.2,53.6,56.7,35.6,
2026,601–800,Universitat Politècnica de Catalunya,39.0–43.5,34.2,22.6,58.7,75.8,61.7,
2026,601–800,Université Côte d'Azur,39.0–43.5,30.9,20.8,61.4,65.8,81.6,
2026,601–800,Universiti Malaysia Pahang Al-Sultan Abdullah (UMPSA),39.0–43.5,37.9,23.9,59.0,52.8,58.7,
2026,601–800,Universiti Pendidikan Sultan Idris,39.0–43.5,39.4,27.6,48.4,56.2,81.4,
2026,601–800,Universiti Teknologi Brunei,39.0–43.5,29.9,14.0,68.5,33.5,68.5,
2026,601–800,Universiti Tenaga Nasional (UNITEN),39.0–43.5,26.1,16.3,72.8,68.1,65.3,
2026,601–800,University of Alaska Fairbanks,39.0–43.5,34.8,30.7,53.6,55.0,67.6,
2026,601–800,University of Arkansas,39.0–43.5,28.9,32.5,66.2,67.2,35.1,
2026,601–800,University of Aveiro,39.0–43.5,31.6,31.5,53.8,55.3,46.3,
2026,601–800,University of Bari Aldo Moro,39.0–43.5,20.0,25.8,71.4,64.6,38.1,
2026,601–800,University of Beira Interior,39.0–43.5,23.8,23.4,71.4,39.7,51.2,
2026,601–800,University of Brighton,39.0–43.5,19.9,19.3,63.4,64.9,84.7,
2026,601–800,University of Cagliari,39.0–43.5,33.8,24.0,64.3,62.7,40.5,
2026,601–800,University of Calabria,39.0–43.5,39.5,21.9,62.4,59.7,42.5,
2026,601–800,University of Canterbury,39.0–43.5,26.6,28.3,59.9,64.4,82.1,
2026,601–800,University of Crete,39.0–43.5,24.7,29.1,68.5,66.3,46.2,
2026,601–800,University of Delhi,39.0–43.5,42.9,29.7,45.8,53.6,24.7,
2026,601–800,University of Derby,39.0–43.5,19.0,14.1,74.0,34.6,80.2,
2026,601–800,University of Granada,39.0–43.5,31.3,29.7,60.9,60.7,53.4,
2026,601–800,University of Greenwich,39.0–43.5,17.6,16.5,81.6,39.1,97.1,
2026,601–800,University of Ha’il,39.0–43.5,22.1,12.2,75.5,26.7,79.0,
2026,601–800,University of Hertfordshire,39.0–43.5,18.2,13.2,76.5,44.8,92.1,
2026,601–800,University of Insubria,39.0–43.5,19.0,23.7,79.3,48.7,41.2,
2026,601–800,University of Klagenfurt,39.0–43.5,34.4,19.6,60.5,49.5,89.0,
2026,601–800,University of Lahore,39.0–43.5,19.8,13.0,81.8,21.4,57.2,
2026,601–800,University of L’Aquila,39.0–43.5,32.8,22.4,66.6,78.5,39.4,
2026,601–800,University of Lille,39.0–43.5,33.6,23.4,58.5,67.0,65.1,
2026,601–800,University of Lincoln,39.0–43.5,20.5,18.5,77.2,34.1,86.9,
2026,601–800,"University of Maryland, Baltimore County",39.0–43.5,27.5,27.2,61.3,67.6,55.8,
2026,601–800,University of Minho,39.0–43.5,28.0,33.6,57.1,82.6,48.9,
2026,601–800,University of Mons,39.0–43.5,27.2,30.9,58.4,66.4,70.4,
2026,601–800,University of Neuchâtel,39.0–43.5,35.0,24.2,57.8,47.1,84.5,
2026,601–800,"University of Nevada, Las Vegas",39.0–43.5,31.0,22.9,71.9,52.4,40.0,
2026,601–800,University of New Brunswick UNB,39.0–43.5,23.8,19.5,67.1,63.5,81.0,
2026,601–800,University of North Carolina at Charlotte,39.0–43.5,23.9,24.5,76.2,60.9,41.4,
2026,601–800,University of Parma,39.0–43.5,20.9,23.9,70.1,64.8,39.2,
2026,601–800,University of Passau,39.0–43.5,32.7,37.0,52.5,70.4,57.2,
2026,601–800,University of Rennes 1,39.0–43.5,34.3,20.0,53.4,70.0,62.2,
2026,601–800,University of Santiago de Compostela,39.0–43.5,30.8,23.1,60.9,48.2,48.4,
2026,601–800,University of Tabriz,39.0–43.5,28.6,21.4,72.8,45.5,53.3,
2026,601–800,University of Tabuk,39.0–43.5,25.1,14.5,70.3,30.1,75.3,
2026,601–800,University of Texas at Arlington,39.0–43.5,25.0,23.0,62.2,65.9,56.2,
2026,601–800,University of the Basque Country,39.0–43.5,31.1,21.9,63.3,61.5,45.0,
2026,601–800,University of the Western Cape,39.0–43.5,22.9,24.8,68.3,24.4,62.0,
2026,601–800,University of the West of Scotland,39.0–43.5,19.5,15.5,69.7,66.1,91.0,
2026,601–800,University of Toledo,39.0–43.5,36.9,18.5,54.6,63.6,56.1,
2026,601–800,University of Tuscia,39.0–43.5,23.8,28.7,66.5,59.7,50.6,
2026,601–800,University of Udine,39.0–43.5,32.8,20.9,69.4,58.5,41.1,
2026,601–800,"University of Veterinary and Animal Sciences, Lahore",39.0–43.5,21.2,15.5,75.6,41.6,52.8,
2026,601–800,University of Warsaw,39.0–43.5,38.1,32.6,46.7,39.3,45.0,
2026,601–800,University of Wuppertal,39.0–43.5,31.5,31.2,60.6,65.3,55.5,
2026,601–800,Urmia University of Medical Sciences,39.0–43.5,41.4,11.7,73.2,22.4,30.9,
2026,601–800,UWE Bristol (University of the West of England),39.0–43.5,18.8,14.6,73.3,59.2,81.2,
2026,601–800,VIT University,39.0–43.5,27.7,21.0,68.8,42.3,40.6,
2026,601–800,Worcester Polytechnic Institute,39.0–43.5,32.6,21.4,59.6,67.2,57.6,
2026,601–800,Xi’an Jiaotong-Liverpool University,39.0–43.5,21.2,17.6,71.3,40.5,75.7,
2026,601–800,Xidian University,39.0–43.5,28.6,25.2,66.5,95.1,25.8,
2026,601–800,Yarmouk University,39.0–43.5,29.3,17.9,69.9,29.9,63.4,
2026,601–800,Yıldız Technical University,39.0–43.5,33.1,31.6,48.5,72.9,39.5,
2026,601–800,Yuan Ze University,39.0–43.5,19.7,27.3,62.5,79.8,61.2,
2026,601–800,Zhejiang Normal University,39.0–43.5,19.2,22.0,80.1,63.7,39.1,
2026,801–1000,Abdullah Gül University,35.5–38.9,22.2,27.2,54.9,56.9,49.8,
2026,801–1000,Abdul Wali Khan University Mardan,35.5–38.9,19.0,12.5,81.2,24.6,50.1,
2026,801–1000,Ahvaz Jundishapur University of Medical Sciences (AJUMS),35.5–38.9,39.8,14.5,56.0,56.2,24.3,
2026,801–1000,Ain Shams University,35.5–38.9,28.6,27.5,50.4,41.0,53.1,
2026,801–1000,Alagappa University,35.5–38.9,35.6,14.5,56.7,26.5,44.2,
2026,801–1000,Al al-Bayt University,35.5–38.9,14.7,11.1,80.0,18.0,52.3,
2026,801–1000,Al-Azhar University,35.5–38.9,22.1,12.8,68.0,24.6,58.9,
2026,801–1000,Alexandria University,35.5–38.9,20.7,18.2,63.5,31.7,55.0,
2026,801–1000,Al-Zaytoonah University of Jordan,35.5–38.9,12.5,16.3,75.5,22.4,63.9,
2026,801–1000,"Amity University Rajasthan, Jaipur",35.5–38.9,31.6,12.8,65.9,17.8,28.7,
2026,801–1000,An-Najah National University,35.5–38.9,24.7,13.0,66.9,26.0,63.9,
2026,801–1000,Anna University,35.5–38.9,39.2,16.2,51.8,59.9,21.0,
2026,801–1000,Aristotle University of Thessaloniki,35.5–38.9,22.7,19.4,63.4,62.6,37.0,
2026,801–1000,Arts et Métiers,35.5–38.9,35.1,23.0,40.6,82.5,66.3,
2026,801–1000,Atatürk University,35.5–38.9,29.5,28.0,51.8,29.0,36.7,
2026,801–1000,Azerbaijan State University of Economics,35.5–38.9,23.4,9.3,74.5,19.4,59.0,
2026,801–1000,Bahçeşehir University,35.5–38.9,19.0,22.9,59.4,34.0,60.6,
2026,801–1000,Baqiyatallah University of Medical Sciences,35.5–38.9,39.5,18.1,50.0,64.9,22.6,
2026,801–1000,Baylor University,35.5–38.9,43.0,19.4,53.6,43.2,37.7,
2026,801–1000,Birjand University of Medical Sciences,35.5–38.9,36.2,12.5,70.0,20.2,34.4,
2026,801–1000,"Birla Institute of Technology and Science, Pilani",35.5–38.9,29.0,20.9,66.9,46.1,28.8,
2026,801–1000,Birmingham City University,35.5–38.9,17.9,13.4,65.5,25.2,86.3,
2026,801–1000,Bucharest University of Economic Studies,35.5–38.9,19.2,11.9,81.5,23.1,31.8,
2026,801–1000,Cairo University,35.5–38.9,29.4,20.0,60.7,42.7,48.6,
2026,801–1000,Cankaya University,35.5–38.9,15.9,15.9,80.9,20.5,51.2,
2026,801–1000,Capital University of Science and Technology,35.5–38.9,18.2,20.1,71.0,23.8,49.0,
2026,801–1000,Carlos III University of Madrid,35.5–38.9,32.6,21.7,45.7,66.7,62.6,
2026,801–1000,Catholic University of Portugal,35.5–38.9,20.3,24.9,61.9,30.9,57.7,
2026,801–1000,Chengdu University,35.5–38.9,17.4,15.7,77.9,47.9,28.7,
2026,801–1000,Chonnam National University,35.5–38.9,34.5,29.6,47.0,60.7,33.2,
2026,801–1000,Clark University,35.5–38.9,27.2,19.3,57.2,44.2,66.8,
2026,801–1000,Daffodil International University (DIU),35.5–38.9,12.1,13.0,81.7,20.1,65.4,
2026,801–1000,Delhi Technological University,35.5–38.9,23.9,22.7,63.3,37.8,21.3,
2026,801–1000,École Centrale de Lyon,35.5–38.9,37.2,22.8,29.5,85.5,76.3,
2026,801–1000,Empress Catherine II Saint Petersburg Mining University,35.5–38.9,28.7,17.9,62.8,51.6,45.8,
2026,801–1000,Eötvös Loránd University,35.5–38.9,29.6,19.8,55.4,39.7,50.3,
2026,801–1000,European University Cyprus,35.5–38.9,20.4,15.3,65.8,19.9,92.9,
2026,801–1000,Federal University of Minas Gerais,35.5–38.9,41.6,25.3,42.4,53.0,36.9,
2026,801–1000,Ferdowsi University of Mashhad,35.5–38.9,30.4,28.0,50.7,49.5,34.2,
2026,801–1000,Florida Atlantic University,35.5–38.9,21.9,24.6,53.7,66.3,53.7,
2026,801–1000,Future University in Egypt,35.5–38.9,22.2,10.6,78.6,18.0,64.4,
2026,801–1000,Fuzhou University,35.5–38.9,19.2,20.9,71.1,81.5,34.5,
2026,801–1000,Gabriele d‘Annunzio University,35.5–38.9,17.6,20.9,63.6,56.0,38.7,
2026,801–1000,Gazipur Agricultural University,35.5–38.9,23.0,9.3,75.3,17.3,51.7,
2026,801–1000,German Jordanian University,35.5–38.9,22.4,13.6,60.3,24.5,78.6,
2026,801–1000,Ghulam Ishaq Khan Institute of Engineering Sciences and Technology,35.5–38.9,19.5,16.9,66.8,29.5,51.0,
2026,801–1000,Glasgow Caledonian University,35.5–38.9,17.8,15.2,63.7,48.7,83.5,
2026,801–1000,Gorgan University of Agricultural Sciences and Natural Resources,35.5–38.9,31.4,11.8,68.3,31.4,38.0,
2026,801–1000,Government College University Lahore,35.5–38.9,17.5,19.3,72.8,23.2,49.0,
2026,801–1000,Guangzhou Medical University,35.5–38.9,25.6,11.4,74.5,42.0,24.4,
2026,801–1000,Guilan University of Medical Sciences,35.5–38.9,40.0,11.6,66.3,25.3,25.9,
2026,801–1000,Guru Gobind Singh Indraprastha University,35.5–38.9,30.8,12.4,74.2,26.9,26.8,
2026,801–1000,Hacettepe University,35.5–38.9,34.8,28.6,49.0,58.7,27.0,
2026,801–1000,Halmstad University,35.5–38.9,20.4,16.7,64.8,29.0,68.0,
2026,801–1000,Hanoi Medical University,35.5–38.9,32.0,11.9,62.2,44.8,47.5,
2026,801–1000,Ilam University of Medical Sciences,35.5–38.9,34.2,12.1,66.7,20.3,29.3,
2026,801–1000,IMT Nord Europe,35.5–38.9,32.9,31.0,28.8,68.4,72.0,
2026,801–1000,Inha University,35.5–38.9,31.6,28.2,46.2,83.6,38.1,
2026,801–1000,Innopolis University,35.5–38.9,23.9,24.5,45.3,58.3,80.0,
2026,801–1000,"International Islamic University, Islamabad",35.5–38.9,19.0,11.3,77.1,20.4,58.0,
2026,801–1000,International University of Rabat,35.5–38.9,18.4,12.0,73.2,31.0,76.3,
2026,801–1000,Iqra University,35.5–38.9,17.8,9.5,80.9,24.0,52.6,
2026,801–1000,Isra University (Jordan),35.5–38.9,12.9,16.5,80.5,16.9,74.1,
2026,801–1000,Istanbul Medipol University,35.5–38.9,33.0,29.4,42.6,54.6,65.5,
2026,801–1000,Jahangirnagar University,35.5–38.9,19.7,10.0,77.6,20.4,49.6,
2026,801–1000,Jamia Hamdard University,35.5–38.9,22.5,14.5,68.4,39.1,43.0,
2026,801–1000,Jawaharlal Nehru University,35.5–38.9,46.0,24.4,48.5,39.5,24.1,
2026,801–1000,Jeonbuk National University,35.5–38.9,33.3,29.2,46.7,69.4,36.7,
2026,801–1000,Jönköping University,35.5–38.9,21.0,22.4,65.5,37.0,66.9,
2026,801–1000,Jordan University of Science and Technology,35.5–38.9,22.9,16.0,64.8,47.2,77.4,
2026,801–1000,JSS Academy of Higher Education and Research,35.5–38.9,41.0,11.6,56.4,28.8,53.6,
2026,801–1000,Kaohsiung Medical University,35.5–38.9,26.6,34.3,46.9,89.0,31.4,
2026,801–1000,Kazan Federal University,35.5–38.9,46.6,22.1,27.7,52.2,68.4,
2026,801–1000,Kerman University of Medical Sciences,35.5–38.9,40.6,15.4,63.7,23.8,26.5,
2026,801–1000,Khwaja Fareed University of Engineering and Information Technology,35.5–38.9,11.8,12.8,79.6,36.3,51.3,
2026,801–1000,King Mongkut’s University of Technology Thonburi,35.5–38.9,19.8,22.9,57.0,78.8,41.4,
2026,801–1000,King Saud bin Abdulaziz University for Health Sciences,35.5–38.9,44.6,19.6,44.5,45.5,55.0,
2026,801–1000,Kingston University,35.5–38.9,20.4,15.4,54.6,48.3,90.9,
2026,801–1000,KL University,35.5–38.9,25.6,16.3,75.8,19.9,25.5,
2026,801–1000,K.N. Toosi University of Technology,35.5–38.9,23.8,22.6,59.9,47.3,37.7,
2026,801–1000,Kurdistan University of Medical Sciences,35.5–38.9,43.0,10.4,65.8,23.1,33.6,
2026,801–1000,Lahore University of Management Sciences,35.5–38.9,23.7,20.2,57.4,46.1,54.1,
2026,801–1000,Leeds Beckett University,35.5–38.9,19.2,15.9,69.2,48.0,74.9,
2026,801–1000,Mahsa University,35.5–38.9,19.6,8.7,68.5,16.9,81.1,
2026,801–1000,Makerere University,35.5–38.9,21.5,26.6,54.2,32.8,69.7,
2026,801–1000,Mansoura University,35.5–38.9,20.2,11.9,69.4,32.9,76.8,
2026,801–1000,Marie and Louis Pasteur University,35.5–38.9,22.7,20.4,51.9,64.6,68.1,
2026,801–1000,Mashhad University of Medical Sciences,35.5–38.9,33.3,15.4,65.4,38.1,31.6,
2026,801–1000,Mazandaran University of Medical Sciences,35.5–38.9,37.6,13.8,59.0,32.1,27.1,
2026,801–1000,Medical University of Lodz,35.5–38.9,31.3,11.6,65.5,46.4,31.1,
2026,801–1000,Montanuniversität Leoben,35.5–38.9,40.7,21.3,34.6,78.6,77.6,
2026,801–1000,Najran University,35.5–38.9,16.7,11.9,76.1,18.5,78.9,
2026,801–1000,Nanjing Medical University,35.5–38.9,37.1,16.4,62.2,51.5,23.2,
2026,801–1000,Nanjing Normal University,35.5–38.9,25.3,17.1,69.8,66.5,28.6,
2026,801–1000,Nanjing University of Information Science and Technology,35.5–38.9,19.8,20.5,65.8,59.8,37.7,
2026,801–1000,National Autonomous University of Mexico,35.5–38.9,34.2,33.8,37.5,66.7,60.1,
2026,801–1000,National Institute of Applied Sciences of Lyon (INSA Lyon),35.5–38.9,38.7,22.9,36.7,93.3,69.6,
2026,801–1000,National Institute of Technology Silchar,35.5–38.9,37.5,18.9,61.7,24.5,22.4,
2026,801–1000,"National Institute of Technology, Tiruchirappalli",35.5–38.9,33.2,22.1,54.0,43.8,22.1,
2026,801–1000,National Technical University of Athens,35.5–38.9,33.3,24.4,55.1,61.2,35.4,
2026,801–1000,National University of Science and Technology (MISiS),35.5–38.9,40.2,29.8,34.5,74.7,54.3,
2026,801–1000,National Veterinary School of Alfort (EnvA),35.5–38.9,44.3,11.9,44.2,44.7,54.7,
2026,801–1000,Northeast Agricultural University,35.5–38.9,19.3,15.9,84.5,45.1,18.9,
2026,801–1000,Northeast Normal University,35.5–38.9,30.9,17.4,65.1,50.5,32.9,
2026,801–1000,Northern Border University,35.5–38.9,26.5,15.8,59.7,26.0,75.3,
2026,801–1000,Northern Illinois University,35.5–38.9,28.6,18.5,53.7,54.8,54.6,
2026,801–1000,North South University,35.5–38.9,14.8,11.3,80.3,29.4,48.7,
2026,801–1000,North-West University,35.5–38.9,22.3,18.8,63.8,45.1,56.4,
2026,801–1000,Norwegian University of Life Sciences,35.5–38.9,32.0,15.4,58.4,40.8,63.5,
2026,801–1000,Old Dominion University,35.5–38.9,27.5,20.7,57.4,57.6,36.1,
2026,801–1000,Ontario Tech University,35.5–38.9,17.6,25.3,56.4,60.3,60.6,
2026,801–1000,Open University of Catalonia,35.5–38.9,18.5,20.5,68.3,32.8,50.0,
2026,801–1000,Oxford Brookes University,35.5–38.9,26.9,23.1,53.9,30.6,88.1,
2026,801–1000,Ozyegin University,35.5–38.9,20.6,30.7,47.8,80.9,58.2,
2026,801–1000,Pablo de Olavide University,35.5–38.9,23.2,19.4,57.3,55.8,52.2,
2026,801–1000,Panthéon-Sorbonne University – Paris 1,35.5–38.9,36.9,34.0,38.0,35.8,63.4,
2026,801–1000,Peter the Great St Petersburg Polytechnic University,35.5–38.9,35.7,23.0,38.0,71.4,62.0,
2026,801–1000,Pontifical Catholic University of Rio de Janeiro (PUC-Rio),35.5–38.9,37.1,34.2,38.9,72.8,45.4,
2026,801–1000,Portland State University,35.5–38.9,22.3,24.5,56.7,55.1,38.3,
2026,801–1000,Rafsanjan University of Medical Sciences,35.5–38.9,41.7,12.2,66.4,20.0,23.7,
2026,801–1000,Reichman University,35.5–38.9,15.0,18.7,65.1,46.2,57.0,
2026,801–1000,Reykjavík University,35.5–38.9,18.8,25.9,62.5,33.7,62.4,
2026,801–1000,Robert Gordon University,35.5–38.9,17.3,13.9,69.9,39.2,90.1,
2026,801–1000,RUDN University,35.5–38.9,39.9,27.8,40.2,36.6,68.7,
2026,801–1000,Savitribai Phule Pune University,35.5–38.9,40.9,13.3,56.2,37.1,23.7,
2026,801–1000,Shahid Beheshti University,35.5–38.9,32.5,23.1,49.9,70.9,31.1,
2026,801–1000,Shahrekord University of Medical Sciences,35.5–38.9,33.8,11.2,69.2,20.7,25.2,
2026,801–1000,Shahroud University of Medical Sciences,35.5–38.9,35.2,13.6,72.1,21.4,23.7,
2026,801–1000,Sheffield Hallam University,35.5–38.9,18.0,14.1,65.5,34.9,73.2,
2026,801–1000,Shiraz University,35.5–38.9,27.4,26.0,56.3,62.6,33.2,
2026,801–1000,Shri Mata Vaishno Devi University,35.5–38.9,29.4,18.5,67.7,22.5,26.1,
2026,801–1000,Siberian Federal University,35.5–38.9,34.2,26.9,36.6,61.1,59.1,
2026,801–1000,Siksha ‘O’ Anusandhan,35.5–38.9,47.1,20.4,44.9,50.0,23.5,
2026,801–1000,Sogang University,35.5–38.9,30.9,31.4,42.6,73.7,42.6,
2026,801–1000,Southern Illinois University Carbondale,35.5–38.9,38.3,26.3,43.7,74.8,41.9,
2026,801–1000,Southwest Jiaotong University,35.5–38.9,26.2,25.4,60.2,83.0,22.9,
2026,801–1000,SR University,35.5–38.9,15.7,13.9,85.4,20.0,34.7,
2026,801–1000,The Catholic University of America,35.5–38.9,44.5,20.4,40.5,70.9,48.6,
2026,801–1000,The Islamia University of Bahawalpur,35.5–38.9,17.6,13.3,80.3,22.2,49.6,
2026,801–1000,The Open University,35.5–38.9,17.8,14.3,67.0,48.0,61.5,
2026,801–1000,The University of Alabama,35.5–38.9,28.6,22.4,59.4,50.0,39.3,
2026,801–1000,The University of Notre Dame Australia,35.5–38.9,32.4,18.0,56.5,27.8,59.1,
2026,801–1000,Tomsk Polytechnic University,35.5–38.9,40.9,25.1,29.8,63.5,70.1,
2026,801–1000,Universidade Federal de São Paulo (UNIFESP),35.5–38.9,36.0,25.3,46.2,59.2,36.3,
2026,801–1000,Universitat Ramon Llull,35.5–38.9,20.8,17.6,63.2,36.5,73.7,
2026,801–1000,Université de Bretagne Occidentale,35.5–38.9,27.0,19.6,51.8,49.4,63.3,
2026,801–1000,University of Alcalá,35.5–38.9,29.2,17.0,54.3,47.8,59.6,
2026,801–1000,University of Cape Coast,35.5–38.9,18.2,22.1,63.3,33.3,44.9,
2026,801–1000,University of Central Punjab,35.5–38.9,12.9,11.8,81.6,20.1,49.9,
2026,801–1000,University of Córdoba,35.5–38.9,27.4,20.7,60.4,45.8,50.6,
2026,801–1000,University of Debrecen,35.5–38.9,41.7,18.2,45.7,50.6,58.0,
2026,801–1000,University of Dhaka,35.5–38.9,17.7,13.3,76.5,33.2,45.0,
2026,801–1000,"University of Engineering and Technology, Taxila",35.5–38.9,19.3,14.4,80.8,28.1,48.9,
2026,801–1000,University of Foggia,35.5–38.9,16.8,26.0,63.6,38.0,32.2,
2026,801–1000,University of Gujrat,35.5–38.9,14.9,11.6,79.0,21.5,49.3,
2026,801–1000,University of Hagen,35.5–38.9,30.1,36.3,42.4,46.4,44.5,
2026,801–1000,University of Ibadan,35.5–38.9,29.6,15.6,63.5,22.1,43.8,
2026,801–1000,University of Indonesia,35.5–38.9,45.0,22.0,37.2,60.4,63.9,
2026,801–1000,University of Jaén,35.5–38.9,23.9,20.7,67.0,39.2,50.2,
2026,801–1000,University of Lagos,35.5–38.9,18.4,20.1,66.7,32.6,45.6,
2026,801–1000,University of Ljubljana,35.5–38.9,27.8,23.8,56.0,69.1,42.6,
2026,801–1000,University of Lleida,35.5–38.9,23.2,20.3,59.6,61.4,43.3,
2026,801–1000,University of Malakand,35.5–38.9,25.6,12.9,70.6,42.6,50.7,
2026,801–1000,University of Malta,35.5–38.9,24.9,18.2,61.6,36.8,56.2,
2026,801–1000,University of Management and Technology,35.5–38.9,16.5,11.0,83.5,26.6,52.1,
2026,801–1000,University of Medicine and Pharmacy Carol Davila,35.5–38.9,26.1,12.5,73.4,30.2,37.0,
2026,801–1000,University of Namur,35.5–38.9,26.8,26.7,49.0,62.4,70.6,
2026,801–1000,University of Nova Gorica,35.5–38.9,29.9,19.0,49.5,29.6,86.7,
2026,801–1000,University of Patras,35.5–38.9,18.5,23.6,60.0,73.2,34.2,
2026,801–1000,University of Petra,35.5–38.9,15.2,12.4,76.1,17.5,67.4,
2026,801–1000,University of Regina,35.5–38.9,18.4,20.9,61.9,43.8,65.7,
2026,801–1000,University of Rhode Island,35.5–38.9,29.6,23.0,55.0,53.2,51.6,
2026,801–1000,University of Roehampton,35.5–38.9,18.9,22.8,55.0,27.6,88.2,
2026,801–1000,University of Rome III,35.5–38.9,22.7,25.6,54.7,63.2,42.2,
2026,801–1000,University of Salamanca,35.5–38.9,32.0,24.8,47.9,46.6,54.5,
2026,801–1000,University of Salento,35.5–38.9,27.2,21.4,61.4,55.8,35.6,
2026,801–1000,University of Salford,35.5–38.9,19.0,14.8,64.9,57.0,84.8,
2026,801–1000,University of Seville,35.5–38.9,24.9,27.9,55.8,60.4,47.4,
2026,801–1000,University of the Balearic Islands,35.5–38.9,27.9,16.9,56.6,38.4,52.1,
2026,801–1000,University of the Punjab,35.5–38.9,28.4,15.2,64.4,31.5,50.6,
2026,801–1000,University of Tunis El Manar,35.5–38.9,45.7,27.2,32.9,70.4,55.2,
2026,801–1000,University of Vic – Central University of Catalonia,35.5–38.9,21.4,14.1,70.8,23.6,55.8,
2026,801–1000,University of Vigo,35.5–38.9,25.2,19.8,60.9,60.1,49.8,
2026,801–1000,University of Westminster,35.5–38.9,19.0,16.5,63.1,48.7,85.4,
2026,801–1000,University of Wolverhampton,35.5–38.9,20.3,15.6,59.3,47.3,78.8,
2026,801–1000,University of Wyoming,35.5–38.9,36.4,15.3,57.2,54.1,39.6,
2026,801–1000,Ural Federal University,35.5–38.9,25.7,29.2,44.4,58.3,60.5,
2026,801–1000,Urmia University,35.5–38.9,31.4,23.6,56.6,34.7,50.0,
2026,801–1000,Vilnius University,35.5–38.9,26.8,26.5,53.6,58.3,49.8,
2026,801–1000,Wakayama Medical University,35.5–38.9,36.4,12.6,57.8,58.5,20.2,
2026,801–1000,Waseda University,35.5–38.9,34.0,26.9,43.5,68.0,53.3,
2026,801–1000,Wenzhou University,35.5–38.9,15.3,16.6,79.3,54.7,31.9,
2026,801–1000,William & Mary,35.5–38.9,39.2,22.6,53.9,45.7,36.9,
2026,801–1000,Zahedan University of Medical Sciences,35.5–38.9,35.0,11.5,67.5,20.4,24.5,
2026,801–1000,Zanjan University of Medical Sciences,35.5–38.9,36.0,12.5,64.8,31.0,28.0,
2026,801–1000,Zhejiang Gongshang University,35.5–38.9,20.9,15.4,74.3,45.1,34.4,
2026,1001–1200,"Adam Mickiewicz University, Poznań",32.1–35.4,20.6,30.7,46.8,37.3,38.2,
2026,1001–1200,AGH University of Krakow,32.1–35.4,32.7,21.6,39.8,71.6,34.8,
2026,1001–1200,Al-Balqa Applied University,32.1–35.4,13.4,16.9,64.7,30.3,47.4,
2026,1001–1200,Anadolu University,32.1–35.4,23.4,10.8,62.6,22.1,33.4,
2026,1001–1200,Anhui University,32.1–35.4,18.6,16.6,63.0,55.5,22.2,
2026,1001–1200,"Arab Academy for Science, Technology and Maritime Transport",32.1–35.4,35.1,20.6,44.3,28.6,57.8,
2026,1001–1200,Ardabil University of Medical Sciences,32.1–35.4,28.0,11.1,61.5,21.5,21.6,
2026,1001–1200,Aswan University,32.1–35.4,16.0,11.9,64.9,22.6,50.2,
2026,1001–1200,Ateneo de Manila University,32.1–35.4,27.0,11.2,64.7,23.8,35.6,
2026,1001–1200,Athens University of Economics and Business,32.1–35.4,18.7,24.6,45.3,63.4,43.4,
2026,1001–1200,Bahria University,32.1–35.4,15.0,10.6,65.4,34.7,51.5,
2026,1001–1200,Bangladesh Agricultural University (BAU),32.1–35.4,21.2,10.3,65.2,24.6,49.4,
2026,1001–1200,Bangladesh University of Engineering and Technology,32.1–35.4,23.1,15.2,65.4,38.4,33.5,
2026,1001–1200,Bartin University,32.1–35.4,13.7,14.3,69.5,18.5,41.3,
2026,1001–1200,Bayero University,32.1–35.4,22.5,11.0,60.7,18.0,49.6,
2026,1001–1200,Beni-Suef University,32.1–35.4,25.8,11.3,59.4,22.8,55.6,
2026,1001–1200,Birla Institute of Technology,32.1–35.4,22.7,20.0,58.1,45.5,21.3,
2026,1001–1200,BRAC University,32.1–35.4,13.6,13.4,74.9,19.9,43.3,
2026,1001–1200,Cardiff Metropolitan University,32.1–35.4,20.7,14.4,51.3,26.8,86.8,
2026,1001–1200,Central Michigan University,32.1–35.4,30.2,16.8,49.6,47.4,40.7,
2026,1001–1200,Central University of Haryana,32.1–35.4,19.3,16.8,63.6,17.6,25.9,
2026,1001–1200,Central University of Jammu,32.1–35.4,42.5,10.5,50.8,17.4,24.1,
2026,1001–1200,Chang’an University,32.1–35.4,30.1,17.0,45.8,77.9,27.3,
2026,1001–1200,Changsha University of Science and Technology,32.1–35.4,16.3,15.3,63.4,77.2,23.8,
2026,1001–1200,Chiang Mai University,32.1–35.4,29.0,18.8,51.7,55.0,39.3,
2026,1001–1200,Chiba University,32.1–35.4,33.7,21.1,43.7,70.3,34.1,
2026,1001–1200,China Pharmaceutical University,32.1–35.4,25.6,20.7,55.8,85.5,21.1,
2026,1001–1200,Chungbuk National University,32.1–35.4,33.5,31.4,36.3,70.2,36.5,
2026,1001–1200,Chungnam National University,32.1–35.4,30.1,30.7,37.9,72.0,25.4,
2026,1001–1200,Clarkson University,32.1–35.4,32.6,18.2,36.8,63.6,65.4,
2026,1001–1200,Cochin University of Science and Technology,32.1–35.4,40.3,29.0,31.6,75.2,25.0,
2026,1001–1200,Covenant University,32.1–35.4,21.6,27.5,50.8,55.7,42.3,
2026,1001–1200,CY Cergy Paris University,32.1–35.4,26.3,20.5,38.1,56.5,90.1,
2026,1001–1200,Damietta University,32.1–35.4,18.0,10.6,69.0,19.6,48.1,
2026,1001–1200,Datta Meghe Institute of Higher Education & Research (Deemed to be University),32.1–35.4,24.4,11.5,63.1,29.9,38.5,
2026,1001–1200,Delta University for Science and Technology,32.1–35.4,21.4,11.0,70.9,18.0,51.7,
2026,1001–1200,Dr B.R. Ambedkar National Institute of Technology Jalandhar,32.1–35.4,25.6,17.0,59.1,25.8,19.3,
2026,1001–1200,Edge Hill University,32.1–35.4,18.5,14.2,62.2,30.7,58.7,
2026,1001–1200,European University of Madrid,32.1–35.4,24.8,10.0,61.2,18.5,65.5,
2026,1001–1200,Financial University under the Government of the Russian Federation,32.1–35.4,30.0,21.1,42.5,35.2,40.3,
2026,1001–1200,Firat University,32.1–35.4,24.4,13.9,57.0,32.7,38.3,
2026,1001–1200,Florida Agricultural and Mechanical University,32.1–35.4,33.8,19.8,43.1,46.5,50.0,
2026,1001–1200,Florida Institute of Technology,32.1–35.4,29.4,17.8,45.8,60.5,60.6,
2026,1001–1200,Fujian Agriculture and Forestry University,32.1–35.4,20.1,13.3,64.2,45.1,26.5,
2026,1001–1200,Fujita Health University,32.1–35.4,27.9,13.1,58.0,57.7,23.7,
2026,1001–1200,Gdańsk University of Technology,32.1–35.4,22.1,19.3,55.0,60.6,42.1,
2026,1001–1200,GLA University,32.1–35.4,18.0,15.6,72.5,20.6,34.8,
2026,1001–1200,Gonabad University of Medical Sciences,32.1–35.4,32.1,10.7,59.9,19.3,23.6,
2026,1001–1200,Hamadan University of Medical Sciences (UMSHA),32.1–35.4,32.7,16.8,59.1,24.3,24.6,
2026,1001–1200,Hamamatsu University School of Medicine,32.1–35.4,34.2,18.6,42.8,60.5,26.0,
2026,1001–1200,Hangzhou Normal University,32.1–35.4,16.8,14.9,70.3,42.3,26.6,
2026,1001–1200,Hazara University Mansehra,32.1–35.4,17.1,11.6,68.1,17.1,49.8,
2026,1001–1200,Imam Khomeini International University,32.1–35.4,30.4,18.0,50.5,25.5,37.4,
2026,1001–1200,Indian Institute of Technology Gandhinagar,32.1–35.4,40.0,26.6,38.1,39.7,33.5,
2026,1001–1200,Indian Institute of Technology Mandi,32.1–35.4,34.3,14.9,54.9,28.8,27.9,
2026,1001–1200,Indian Institute of Technology Ropar,32.1–35.4,40.6,21.0,46.0,40.4,24.9,
2026,1001–1200,Indraprastha Institute of Information Technology Delhi,32.1–35.4,25.3,14.6,52.4,52.6,41.5,
2026,1001–1200,Institute for Advanced Studies in Basic Sciences (IASBS),32.1–35.4,37.6,9.1,51.2,25.6,62.4,
2026,1001–1200,Institute of Space Technology,32.1–35.4,23.2,10.4,59.1,22.5,49.2,
2026,1001–1200,Islamic University of Madinah,32.1–35.4,29.7,10.0,53.6,17.7,88.7,
2026,1001–1200,Istanbul Gelisim University,32.1–35.4,12.8,9.4,71.7,16.2,60.7,
2026,1001–1200,İstinye University,32.1–35.4,12.9,18.4,61.1,17.4,76.6,
2026,1001–1200,ITMO University,32.1–35.4,30.4,29.9,33.0,80.6,57.9,
2026,1001–1200,Izmir Institute of Technology,32.1–35.4,31.1,29.8,32.2,60.4,38.1,
2026,1001–1200,Jadavpur University,32.1–35.4,36.6,15.9,45.0,53.9,20.3,
2026,1001–1200,Jashore University of Science and Technology,32.1–35.4,15.2,11.5,74.8,19.4,47.6,
2026,1001–1200,Jaume I University,32.1–35.4,25.7,21.9,50.4,46.7,44.3,
2026,1001–1200,Jawaharlal Nehru Technological University Anantapur (JNTUA),32.1–35.4,31.5,19.9,59.6,22.4,20.9,
2026,1001–1200,Jaypee University of Information Technology,32.1–35.4,23.9,16.8,62.9,33.4,23.0,
2026,1001–1200,Jiangsu University of Science and Technology,32.1–35.4,16.1,16.7,60.3,68.5,22.7,
2026,1001–1200,Kalasalingam Academy of Research and Education,32.1–35.4,27.8,9.2,61.5,22.8,43.2,
2026,1001–1200,Kanazawa University,32.1–35.4,36.0,21.8,35.6,67.5,34.6,
2026,1001–1200,Kaunas University of Technology,32.1–35.4,25.2,19.9,52.8,46.8,42.2,
2026,1001–1200,Khulna University of Engineering and Technology (KUET),32.1–35.4,13.8,8.7,78.6,22.1,36.0,
2026,1001–1200,Kore University of Enna,32.1–35.4,17.8,16.6,57.8,43.0,41.3,
2026,1001–1200,Kumamoto University,32.1–35.4,33.6,19.3,41.3,82.0,37.0,
2026,1001–1200,Kyoto Prefectural University of Medicine,32.1–35.4,33.4,15.9,53.9,70.9,21.2,
2026,1001–1200,Lakehead University,32.1–35.4,18.0,25.6,52.8,41.6,58.5,
2026,1001–1200,Landmark University,32.1–35.4,20.2,18.4,61.9,22.1,37.2,
2026,1001–1200,Lithuanian University of Health Sciences,32.1–35.4,29.9,13.6,57.5,29.0,55.8,
2026,1001–1200,Mae Fah Luang University,32.1–35.4,16.3,13.9,61.4,36.8,64.1,
2026,1001–1200,"Maulana Abul Kalam Azad University of Technology, West Bengal",32.1–35.4,18.7,24.2,59.2,39.1,20.0,
2026,1001–1200,Medical University of Gdańsk,32.1–35.4,26.8,12.0,55.8,45.5,38.3,
2026,1001–1200,Medical University of Warsaw,32.1–35.4,28.7,12.6,52.2,48.8,33.3,
2026,1001–1200,Ming Chi University of Technology,32.1–35.4,18.3,29.7,49.6,69.7,38.2,
2026,1001–1200,Minia University,32.1–35.4,18.5,9.5,65.2,24.1,50.9,
2026,1001–1200,Montana State University,32.1–35.4,24.7,21.7,48.7,64.5,36.3,
2026,1001–1200,Moscow Technical University of Communications and Informatics,32.1–35.4,14.3,11.6,71.0,47.7,23.8,
2026,1001–1200,Multimedia University,32.1–35.4,26.1,21.3,38.7,74.8,64.0,
2026,1001–1200,National Central University,32.1–35.4,31.0,25.1,30.7,99.0,41.8,
2026,1001–1200,"National Institute of Technology, Raipur",32.1–35.4,28.9,16.1,60.2,28.7,17.3,
2026,1001–1200,New Valley University,32.1–35.4,23.9,8.6,63.7,17.1,49.1,
2026,1001–1200,Nguyen Tat Thanh University,32.1–35.4,12.0,9.7,74.5,21.5,45.2,
2026,1001–1200,Nippon Medical School,32.1–35.4,30.0,11.4,58.7,51.5,22.3,
2026,1001–1200,Northwest University (China),32.1–35.4,27.9,14.7,54.0,51.4,25.5,
2026,1001–1200,Nova Southeastern University,32.1–35.4,39.4,13.8,41.8,48.9,37.4,
2026,1001–1200,Novosibirsk State University,32.1–35.4,38.4,29.6,24.0,57.0,49.3,
2026,1001–1200,Okayama University,32.1–35.4,34.5,23.1,39.2,87.1,38.8,
2026,1001–1200,O.P. Jindal Global University,32.1–35.4,26.0,16.3,51.1,16.8,56.6,
2026,1001–1200,Palacký University Olomouc,32.1–35.4,23.3,25.0,47.3,41.0,60.0,
2026,1001–1200,PMAS Arid Agriculture University Rawalpindi,32.1–35.4,28.1,12.5,61.7,25.2,49.1,
2026,1001–1200,Pontifical Catholic University of Rio Grande do Sul (PUCRS),32.1–35.4,33.6,19.6,40.2,57.8,36.1,
2026,1001–1200,Riga Technical University,32.1–35.4,27.1,25.3,33.6,56.4,65.4,
2026,1001–1200,Riphah International University,32.1–35.4,20.0,10.4,71.2,17.8,50.9,
2026,1001–1200,San Diego State University,32.1–35.4,22.9,12.8,57.2,57.0,34.2,
2026,1001–1200,Sechenov University,32.1–35.4,30.2,19.4,43.6,40.7,54.9,
2026,1001–1200,Selçuk University,32.1–35.4,32.1,23.7,37.9,67.1,33.6,
2026,1001–1200,Semnan University,32.1–35.4,27.2,17.3,52.2,48.6,31.9,
2026,1001–1200,Shanghai Normal University,32.1–35.4,32.0,16.6,53.9,40.1,27.6,
2026,1001–1200,Shantou University,32.1–35.4,18.3,18.2,63.8,43.9,36.1,
2026,1001–1200,Shaqra University,32.1–35.4,17.1,9.4,67.0,17.1,73.4,
2026,1001–1200,Silesian University of Technology,32.1–35.4,27.7,17.7,50.7,45.4,36.0,
2026,1001–1200,South Dakota Mines,32.1–35.4,25.8,21.3,42.9,73.1,51.8,
2026,1001–1200,SRM Institute of Science and Technology,32.1–35.4,25.0,13.6,67.4,27.8,26.2,
2026,1001–1200,Suez University,32.1–35.4,17.7,10.5,66.1,25.9,50.0,
2026,1001–1200,Sumy State University,32.1–35.4,20.6,16.4,56.1,21.6,49.7,
2026,1001–1200,Taibah University,32.1–35.4,16.1,11.2,60.4,23.0,74.7,
2026,1001–1200,Taiz University,32.1–35.4,17.1,8.4,70.8,17.2,58.3,
2026,1001–1200,Tallinn University,32.1–35.4,27.2,24.5,47.8,24.4,55.2,
2026,1001–1200,Tanta University,32.1–35.4,20.0,9.5,66.3,23.5,49.1,
2026,1001–1200,Tashkent State Technical University,32.1–35.4,21.0,8.6,75.3,16.6,26.6,
2026,1001–1200,Technical University of Madrid,32.1–35.4,27.8,18.1,45.7,71.2,53.8,
2026,1001–1200,Technische Universität Ilmenau,32.1–35.4,31.4,21.9,37.1,70.9,64.8,
2026,1001–1200,The Hashemite University,32.1–35.4,14.0,16.1,59.7,34.7,60.9,
2026,1001–1200,The New School,32.1–35.4,29.9,14.3,43.5,25.7,66.6,
2026,1001–1200,The University of Haripur,32.1–35.4,16.0,12.8,71.7,18.4,51.4,
2026,1001–1200,Tishk International University,32.1–35.4,15.4,13.3,69.8,19.0,68.6,
2026,1001–1200,Tokyo Medical University,32.1–35.4,33.2,18.1,50.9,71.5,21.3,
2026,1001–1200,TU Bergakademie Freiberg,32.1–35.4,38.0,25.5,28.5,57.0,68.1,
2026,1001–1200,Universidade Federal de Santa Catarina,32.1–35.4,36.3,22.4,40.8,65.5,37.0,
2026,1001–1200,Universidad Peruana Cayetano Heredia,32.1–35.4,20.2,16.1,61.2,33.7,49.7,
2026,1001–1200,Universitas Sebelas Maret,32.1–35.4,25.1,23.8,42.2,51.0,41.1,
2026,1001–1200,Universitat Internacional de Catalunya,32.1–35.4,26.1,11.2,50.2,21.3,69.9,
2026,1001–1200,Université Bourgogne Europe,32.1–35.4,19.5,16.0,58.8,61.1,58.4,
2026,1001–1200,Universiti Malaysia Sarawak (UNIMAS),32.1–35.4,31.4,22.1,29.7,77.7,60.2,
2026,1001–1200,Universiti Malaysia Terengganu (UMT),32.1–35.4,22.6,20.2,55.1,36.6,61.2,
2026,1001–1200,Universiti Sultan Zainal Abidin,32.1–35.4,26.0,13.6,58.8,22.5,52.1,
2026,1001–1200,Universiti Tunku Abdul Rahman (UTAR),32.1–35.4,20.8,17.8,51.5,63.5,52.0,
2026,1001–1200,University of Algarve,32.1–35.4,19.6,22.1,54.1,29.7,62.8,
2026,1001–1200,University of Alicante,32.1–35.4,27.6,21.2,47.9,56.1,41.7,
2026,1001–1200,University of Almería,32.1–35.4,22.7,21.2,51.0,34.5,45.0,
2026,1001–1200,University of Angers,32.1–35.4,18.8,23.1,51.1,58.6,70.9,
2026,1001–1200,University of Bahrain,32.1–35.4,14.0,15.2,60.8,21.4,62.2,
2026,1001–1200,University of Bedfordshire,32.1–35.4,18.1,14.0,55.3,32.9,86.7,
2026,1001–1200,University of Belgrade,32.1–35.4,22.6,27.3,50.9,31.9,41.6,
2026,1001–1200,University of Bisha,32.1–35.4,19.4,8.8,59.5,16.9,74.7,
2026,1001–1200,University of Botswana,32.1–35.4,14.5,13.2,62.9,19.1,58.9,
2026,1001–1200,University of Bucharest,32.1–35.4,21.6,24.1,58.4,27.0,30.9,
2026,1001–1200,University of Camerino (Unicam),32.1–35.4,21.7,18.3,54.2,58.5,55.1,
2026,1001–1200,University of Campania Luigi Vanvitelli,32.1–35.4,18.4,10.0,75.0,51.2,31.5,
2026,1001–1200,University of Castilla-La Mancha,32.1–35.4,24.0,17.9,52.8,53.5,45.0,
2026,1001–1200,University of Chile,32.1–35.4,26.6,21.5,48.3,56.5,49.3,
2026,1001–1200,University of Clermont Auvergne,32.1–35.4,20.8,18.6,49.3,60.1,65.4,
2026,1001–1200,University of Colombo,32.1–35.4,26.0,11.7,67.1,27.4,40.7,
2026,1001–1200,University of East London,32.1–35.4,23.6,15.3,49.5,32.2,87.5,
2026,1001–1200,"University of Education, Lahore",32.1–35.4,13.6,8.8,70.3,16.4,50.5,
2026,1001–1200,"University of Engineering and Technology, Peshawar",32.1–35.4,17.8,12.8,62.9,28.0,53.7,
2026,1001–1200,University of Ghana,32.1–35.4,17.0,32.2,49.2,46.8,50.3,
2026,1001–1200,University of Girona,32.1–35.4,21.2,24.6,51.5,53.4,55.9,
2026,1001–1200,University of Gloucestershire,32.1–35.4,18.5,14.2,58.7,27.1,72.2,
2026,1001–1200,University of Hafr Al Batin,32.1–35.4,19.9,14.8,54.3,24.8,78.5,
2026,1001–1200,University of Hradec Králové,32.1–35.4,20.6,15.8,61.7,34.7,63.5,
2026,1001–1200,University of Hyderabad,32.1–35.4,42.4,21.6,41.6,48.4,24.8,
2026,1001–1200,University of Kashan,32.1–35.4,18.6,18.0,64.2,34.6,48.0,
2026,1001–1200,University of Kurdistan,32.1–35.4,16.1,15.9,70.1,34.5,40.6,
2026,1001–1200,University of la Costa,32.1–35.4,11.9,13.1,72.5,17.4,55.6,
2026,1001–1200,University of La Laguna,32.1–35.4,23.4,16.1,55.2,36.2,49.3,
2026,1001–1200,University of Lancashire,32.1–35.4,18.7,13.4,57.2,38.7,82.6,
2026,1001–1200,University of Latvia,32.1–35.4,20.5,31.3,42.3,52.3,50.7,
2026,1001–1200,University of Medicine and Pharmacy of Craiova,32.1–35.4,26.1,10.4,59.4,23.0,36.8,
2026,1001–1200,University of Memphis,32.1–35.4,30.1,19.3,48.6,62.7,45.8,
2026,1001–1200,University of Mohaghegh Ardabili,32.1–35.4,20.4,17.4,56.3,20.6,45.6,
2026,1001–1200,University of Murcia,32.1–35.4,25.6,19.4,55.2,55.1,36.5,
2026,1001–1200,University of Okara,32.1–35.4,8.6,16.5,73.4,16.8,49.6,
2026,1001–1200,University of Oviedo,32.1–35.4,30.3,19.8,48.0,48.3,40.6,
2026,1001–1200,University of Pécs,32.1–35.4,32.4,18.7,38.3,40.6,55.9,
2026,1001–1200,University of Peshawar,32.1–35.4,24.0,12.0,59.1,34.8,49.4,
2026,1001–1200,University of Piraeus,32.1–35.4,16.7,21.7,53.3,88.3,25.6,
2026,1001–1200,University of Rajshahi,32.1–35.4,16.5,9.9,77.0,22.1,42.0,
2026,1001–1200,University of Sadat City,32.1–35.4,17.8,11.0,66.4,19.1,50.7,
2026,1001–1200,University of Sannio,32.1–35.4,30.4,16.8,56.5,42.8,29.7,
2026,1001–1200,University of Savoie Mont Blanc,32.1–35.4,17.8,17.6,58.4,55.1,62.9,
2026,1001–1200,University of Seoul,32.1–35.4,31.8,28.3,38.5,50.3,38.2,
2026,1001–1200,University of South Bohemia in České Budějovice,32.1–35.4,23.5,17.4,50.4,25.1,55.1,
2026,1001–1200,University of South Dakota,32.1–35.4,36.2,16.9,43.7,38.3,33.3,
2026,1001–1200,University of Sulaimani,32.1–35.4,23.8,8.6,66.9,17.8,34.2,
2026,1001–1200,University of Szeged,32.1–35.4,31.2,16.4,42.3,48.7,53.8,
2026,1001–1200,University of Tarapacá,32.1–35.4,12.7,23.6,55.4,21.7,58.7,
2026,1001–1200,"University of Technology, Iraq",32.1–35.4,26.1,10.3,68.7,25.0,26.1,
2026,1001–1200,University of Texas at El Paso,32.1–35.4,28.0,30.2,41.7,43.7,44.7,
2026,1001–1200,University of the Aegean,32.1–35.4,18.1,24.0,52.7,83.5,32.0,
2026,1001–1200,"University of the Andes, Colombia",32.1–35.4,25.4,22.2,49.8,43.2,57.8,
2026,1001–1200,University of the Free State,32.1–35.4,23.1,20.0,49.6,30.6,51.7,
2026,1001–1200,University of the South Pacific,32.1–35.4,16.1,17.2,56.8,28.8,73.1,
2026,1001–1200,University of Thessaly,32.1–35.4,14.3,15.5,64.7,43.1,34.7,
2026,1001–1200,University of Tours,32.1–35.4,30.9,15.9,42.7,47.7,59.0,
2026,1001–1200,University of Zaragoza,32.1–35.4,29.0,20.6,47.9,71.0,42.3,
2026,1001–1200,Veltech University,32.1–35.4,18.0,13.6,67.4,30.4,27.8,
2026,1001–1200,Yokohama City University,32.1–35.4,28.2,10.8,62.0,65.0,28.9,
2026,1001–1200,York St John University,32.1–35.4,17.3,15.4,60.1,16.0,66.1,
2026,1001–1200,Zagazig University,32.1–35.4,17.9,11.2,71.2,36.4,50.7,
2026,1001–1200,ZHAW Zurich University of Applied Sciences,32.1–35.4,23.3,17.3,50.8,62.3,69.1,
2026,1201–1500,Adolfo Ibáñez University,27.3–32.0,15.6,17.4,44.3,22.7,62.5,
2026,1201–1500,Ahmadu Bello University,27.3–32.0,24.3,10.0,58.9,20.6,44.2,
2026,1201–1500,Aichi Medical University,27.3–32.0,31.0,15.0,47.7,54.7,22.4,
2026,1201–1500,Akdeniz University,27.3–32.0,25.1,26.3,38.2,60.9,25.5,
2026,1201–1500,Al-Baha University,27.3–32.0,19.5,9.1,54.9,21.9,75.4,
2026,1201–1500,Al-Farabi Kazakh National University,27.3–32.0,30.1,14.6,27.8,24.1,80.4,
2026,1201–1500,Al-Hussein Bin Talal University,27.3–32.0,10.8,11.6,62.8,18.6,50.0,
2026,1201–1500,American International University – Bangladesh,27.3–32.0,11.9,9.2,59.1,25.1,39.5,
2026,1201–1500,"Amity University, Gurugram",27.3–32.0,24.9,13.4,53.6,17.3,33.0,
2026,1201–1500,Ankara University,27.3–32.0,35.5,17.0,41.3,35.5,33.3,
2026,1201–1500,Ariel University,27.3–32.0,19.7,21.0,41.8,37.3,34.7,
2026,1201–1500,Assiut University,27.3–32.0,23.6,12.4,48.3,25.3,57.9,
2026,1201–1500,Austral University,27.3–32.0,23.0,11.8,50.6,22.0,52.5,
2026,1201–1500,Autonomous University of Sinaloa,27.3–32.0,16.9,7.6,55.8,16.9,39.1,
2026,1201–1500,Azarbaijan Shahid Madani University,27.3–32.0,19.3,13.7,61.0,20.4,39.4,
2026,1201–1500,Babeş-Bolyai University,27.3–32.0,20.7,18.6,48.1,32.9,39.3,
2026,1201–1500,Banasthali University,27.3–32.0,29.8,13.4,50.1,29.4,23.3,
2026,1201–1500,Benha University,27.3–32.0,16.5,10.3,63.9,22.0,49.0,
2026,1201–1500,Bharathidasan University,27.3–32.0,34.7,18.3,41.1,32.3,31.9,
2026,1201–1500,BINUS University,27.3–32.0,21.4,23.5,34.2,50.6,36.3,
2026,1201–1500,Biruni University,27.3–32.0,14.7,11.3,58.8,17.9,56.4,
2026,1201–1500,Botswana International University of Science and Technology (BIUST),27.3–32.0,23.7,14.1,33.1,19.6,73.2,
2026,1201–1500,Brno University of Technology,27.3–32.0,24.6,17.7,34.5,73.7,59.0,
2026,1201–1500,Brock University,27.3–32.0,15.0,18.4,48.0,42.1,56.2,
2026,1201–1500,Bu-Ali Sina University,27.3–32.0,27.0,20.9,47.6,26.9,32.6,
2026,1201–1500,Budapest University of Technology and Economics,27.3–32.0,23.0,18.4,34.2,65.1,38.9,
2026,1201–1500,Canterbury Christ Church University,27.3–32.0,18.0,13.5,46.3,19.0,74.1,
2026,1201–1500,Changzhou University,27.3–32.0,15.5,14.4,54.3,66.9,21.1,
2026,1201–1500,Chaoyang University of Technology,27.3–32.0,15.5,22.8,42.6,53.7,45.3,
2026,1201–1500,Chaudhary Charan Singh University - Meerut,27.3–32.0,34.4,11.0,45.8,32.1,32.9,
2026,1201–1500,Chittagong University of Engineering & Technology,27.3–32.0,13.7,11.7,67.2,23.1,32.0,
2026,1201–1500,Chung Yuan Christian University,27.3–32.0,18.9,24.2,36.4,64.9,42.2,
2026,1201–1500,Comenius University Bratislava,27.3–32.0,29.4,17.0,37.2,30.0,52.9,
2026,1201–1500,Czech Technical University in Prague,27.3–32.0,30.9,17.8,32.6,63.7,59.2,
2026,1201–1500,Damanhour University,27.3–32.0,15.0,9.4,56.9,17.2,49.1,
2026,1201–1500,Democritus University of Thrace,27.3–32.0,17.4,16.8,56.1,37.0,28.7,
2026,1201–1500,Diego Portales University,27.3–32.0,16.1,12.2,57.4,19.2,54.1,
2026,1201–1500,DIT University,27.3–32.0,18.7,11.3,63.2,17.1,25.7,
2026,1201–1500,"Dr D. Y. Patil Vidyapeeth, Pune",27.3–32.0,43.5,11.1,38.7,20.0,45.5,
2026,1201–1500,Duzce University,27.3–32.0,19.3,20.1,48.3,56.6,29.9,
2026,1201–1500,Ege University,27.3–32.0,35.0,14.0,34.2,51.3,27.1,
2026,1201–1500,Erciyes University,27.3–32.0,25.0,13.6,43.0,41.0,34.3,
2026,1201–1500,Fayoum University,27.3–32.0,18.3,12.2,60.9,23.6,47.5,
2026,1201–1500,Federal University of São Carlos,27.3–32.0,34.3,21.5,33.5,55.4,33.1,
2026,1201–1500,"Federal University of Technology, Minna",27.3–32.0,22.3,8.5,51.8,17.8,44.6,
2026,1201–1500,Fu Jen Catholic University,27.3–32.0,23.1,27.6,28.5,76.6,30.0,
2026,1201–1500,Galgotias University,27.3–32.0,21.3,10.9,64.2,19.5,28.3,
2026,1201–1500,Gauhati University,27.3–32.0,39.4,15.4,31.4,22.4,21.9,
2026,1201–1500,Gazi University,27.3–32.0,27.3,19.6,37.1,69.5,24.5,
2026,1201–1500,Gebze Technical University,27.3–32.0,24.9,22.5,40.0,37.3,40.5,
2026,1201–1500,Gifu University,27.3–32.0,27.7,23.9,30.0,68.9,31.3,
2026,1201–1500,Guru Jambheshwar University of Science and Technology,27.3–32.0,31.5,11.4,49.9,32.3,18.3,
2026,1201–1500,Gyeongsang National University,27.3–32.0,27.8,19.5,36.0,55.7,25.9,
2026,1201–1500,Hakim Sabzevari University,27.3–32.0,18.1,11.5,63.5,18.6,43.7,
2026,1201–1500,Hallym University,27.3–32.0,26.8,19.9,39.7,62.5,24.5,
2026,1201–1500,Hangzhou Dianzi University (HDU),27.3–32.0,17.7,17.9,50.1,71.7,33.8,
2026,1201–1500,HES-SO University of Applied Sciences and Arts of Western Switzerland,27.3–32.0,24.5,13.8,36.2,29.6,84.0,
2026,1201–1500,Hindustan Institute of Technology and Science,27.3–32.0,26.1,10.6,59.8,20.5,28.8,
2026,1201–1500,Hitotsubashi University,27.3–32.0,32.5,21.8,27.6,25.7,64.1,
2026,1201–1500,Ho Chi Minh City Open University,27.3–32.0,10.1,10.9,63.1,16.2,39.2,
2026,1201–1500,Holy Spirit University of Kaslik,27.3–32.0,23.0,9.9,38.5,19.5,80.3,
2026,1201–1500,Hosei University,27.3–32.0,16.3,11.3,49.3,35.2,40.2,
2026,1201–1500,Huaqiao University,27.3–32.0,15.8,15.0,51.4,46.4,68.2,
2026,1201–1500,Hungarian University of Agriculture and Life Sciences,27.3–32.0,33.2,13.2,42.0,25.3,61.2,
2026,1201–1500,Hyogo Medical University,27.3–32.0,31.0,14.2,45.0,52.3,20.4,
2026,1201–1500,Ibn Tofaïl University,27.3–32.0,26.6,22.2,47.8,22.6,27.2,
2026,1201–1500,Ibn Zohr University,27.3–32.0,20.9,11.8,55.1,21.0,33.8,
2026,1201–1500,Icesi University,27.3–32.0,20.3,12.1,57.0,21.4,41.8,
2026,1201–1500,IFHE Hyderabad,27.3–32.0,17.3,10.3,57.2,18.4,21.0,
2026,1201–1500,I. Horbachevsky Ternopil National Medical University,27.3–32.0,24.9,9.8,60.0,16.5,37.8,
2026,1201–1500,Ilam University,27.3–32.0,23.1,12.3,54.2,36.4,35.0,
2026,1201–1500,Ilia State University,27.3–32.0,18.9,9.7,47.6,17.5,53.0,
2026,1201–1500,Immanuel Kant Baltic Federal University,27.3–32.0,37.1,22.1,20.3,37.1,58.0,
2026,1201–1500,Incheon National University,27.3–32.0,19.4,18.4,38.7,48.2,35.5,
2026,1201–1500,Indian Institute of Science Education and Research Bhopal,27.3–32.0,38.3,21.5,29.4,25.1,23.9,
2026,1201–1500,"Indian Institute of Science Education and Research, Pune",27.3–32.0,36.5,19.8,31.8,31.4,37.6,
2026,1201–1500,Inönü University,27.3–32.0,23.1,15.5,52.6,31.6,22.6,
2026,1201–1500,Institut Teknologi Bandung,27.3–32.0,23.9,25.6,34.8,68.9,31.0,
2026,1201–1500,I-Shou University,27.3–32.0,16.3,21.1,38.2,60.0,39.3,
2026,1201–1500,Istanbul Medeniyet University,27.3–32.0,19.2,10.9,53.6,18.5,28.0,
2026,1201–1500,Istanbul University,27.3–32.0,32.2,25.6,33.2,56.8,38.4,
2026,1201–1500,Istanbul University-Cerrahpaşa,27.3–32.0,30.3,21.2,39.1,63.6,27.5,
2026,1201–1500,Iuliu Haţieganu University of Medicine and Pharmacy Cluj-Napoca,27.3–32.0,26.2,12.4,51.3,31.1,49.9,
2026,1201–1500,Jeju National University,27.3–32.0,25.3,20.2,38.6,44.1,29.8,
2026,1201–1500,Jiangxi Normal University (JXNU),27.3–32.0,13.7,13.0,60.2,38.7,20.7,
2026,1201–1500,Kangwon National University,27.3–32.0,24.6,24.9,36.6,54.1,25.3,
2026,1201–1500,Kansai Medical University,27.3–32.0,29.4,12.2,51.6,50.0,22.0,
2026,1201–1500,Karunya Institute of Technology and Sciences,27.3–32.0,22.2,15.6,60.6,27.6,22.4,
2026,1201–1500,Kashan University of Medical Sciences and Health Services,27.3–32.0,29.2,9.0,48.7,17.9,29.0,
2026,1201–1500,Kharazmi University,27.3–32.0,25.2,14.7,41.8,27.3,33.9,
2026,1201–1500,Khon Kaen University,27.3–32.0,28.6,17.3,41.8,49.5,35.5,
2026,1201–1500,Khulna University,27.3–32.0,17.3,9.9,50.7,18.7,45.2,
2026,1201–1500,Kindai University,27.3–32.0,17.6,13.3,53.6,60.0,33.5,
2026,1201–1500,King Mongkut's University of Technology North Bangkok,27.3–32.0,17.8,15.3,55.9,57.3,29.6,
2026,1201–1500,Kohat University of Science and Technology,27.3–32.0,17.1,13.0,51.0,21.7,57.7,
2026,1201–1500,Kookmin University,27.3–32.0,28.6,21.3,27.0,59.7,38.1,
2026,1201–1500,Kurume University,27.3–32.0,28.6,13.3,52.2,49.8,23.7,
2026,1201–1500,Kuwait University,27.3–32.0,18.0,11.4,53.7,33.1,60.2,
2026,1201–1500,Kwame Nkrumah University of Science and Technology,27.3–32.0,17.7,16.6,53.3,26.7,46.5,
2026,1201–1500,Kyushu Institute of Technology (Kyutech),27.3–32.0,26.4,16.5,30.9,66.9,39.1,
2026,1201–1500,Lahore College for Women University (LCWU),27.3–32.0,22.2,11.3,48.4,17.4,45.5,
2026,1201–1500,Lebanese University,27.3–32.0,34.8,14.0,21.5,22.8,77.8,
2026,1201–1500,Lorestan University,27.3–32.0,22.9,11.3,51.9,24.6,34.7,
2026,1201–1500,Madan Mohan Malaviya University of Technology,27.3–32.0,25.1,9.3,53.8,20.6,18.5,
2026,1201–1500,Maharishi Markandeshwar University (MMU),27.3–32.0,28.8,10.3,50.5,19.1,31.3,
2026,1201–1500,Manipal University Jaipur,27.3–32.0,22.5,13.9,51.1,27.8,30.7,
2026,1201–1500,Mawlana Bhashani Science and Technology University,27.3–32.0,13.8,8.7,64.8,19.6,46.8,
2026,1201–1500,Medical University of Bialystok,27.3–32.0,31.9,12.1,39.1,41.4,30.3,
2026,1201–1500,Medical University of Lublin,27.3–32.0,33.5,14.6,35.2,38.5,33.6,
2026,1201–1500,Medical University of Silesia in Katowice,27.3–32.0,30.1,13.0,42.9,32.0,26.2,
2026,1201–1500,"Mehran University of Engineering and Technology, Jamshoro, Pakistan",27.3–32.0,16.1,11.0,56.2,32.2,49.6,
2026,1201–1500,Mendel University in Brno,27.3–32.0,25.4,18.2,39.7,23.1,57.0,
2026,1201–1500,Menoufia University,27.3–32.0,15.9,10.5,59.7,28.2,48.8,
2026,1201–1500,Miguel Hernández University of Elche,27.3–32.0,22.0,18.4,42.9,62.6,42.6,
2026,1201–1500,M. Kumarasamy College of Engineering,27.3–32.0,15.9,9.1,59.7,17.9,19.1,
2026,1201–1500,"MNS University of Agriculture, Multan",27.3–32.0,12.5,11.4,56.9,19.0,49.3,
2026,1201–1500,Mohammed V University of Rabat,27.3–32.0,29.3,16.1,41.9,43.6,32.1,
2026,1201–1500,Mutah University,27.3–32.0,25.4,13.7,39.2,18.0,57.1,
2026,1201–1500,Nagasaki University,27.3–32.0,30.1,16.0,35.4,55.2,40.3,
2026,1201–1500,Nagoya City University,27.3–32.0,30.8,18.0,38.5,69.5,26.2,
2026,1201–1500,National Chengchi University,27.3–32.0,27.1,28.9,25.1,62.5,53.8,
2026,1201–1500,National Chung Cheng University,27.3–32.0,21.4,24.8,28.4,77.3,30.6,
2026,1201–1500,National Chung Hsing University,27.3–32.0,24.6,25.4,35.8,74.6,36.6,
2026,1201–1500,National Dong Hwa University,27.3–32.0,20.2,25.0,29.0,45.1,52.6,
2026,1201–1500,National Institute of Technology Delhi,27.3–32.0,32.7,13.9,44.5,20.7,26.3,
2026,1201–1500,National Institute of Technology Meghalaya,27.3–32.0,32.7,12.3,39.1,29.1,28.5,
2026,1201–1500,National Institute of Technology Srinagar,27.3–32.0,30.5,13.3,41.7,19.3,28.3,
2026,1201–1500,National Institute of Technology Warangal,27.3–32.0,26.6,13.3,45.9,27.7,25.6,
2026,1201–1500,National Kaohsiung University of Science and Technology,27.3–32.0,17.0,22.8,41.7,71.0,29.1,
2026,1201–1500,National Taipei University of Technology,27.3–32.0,26.4,22.5,36.5,82.8,36.1,
2026,1201–1500,National Taiwan Ocean University,27.3–32.0,19.9,27.2,29.3,70.0,35.9,
2026,1201–1500,National Textile University,27.3–32.0,14.2,13.5,50.4,30.8,47.5,
2026,1201–1500,National University of Computer and Emerging Sciences,27.3–32.0,13.6,9.1,66.6,30.7,53.1,
2026,1201–1500,National University of Distance Education (UNED),27.3–32.0,17.2,19.4,41.8,50.2,33.3,
2026,1201–1500,National University of Uzbekistan named after Mirzo Ulugbek,27.3–32.0,24.4,10.9,40.9,25.4,59.1,
2026,1201–1500,Necmettin Erbakan University,27.3–32.0,37.5,15.2,37.3,23.3,40.7,
2026,1201–1500,Nelson Mandela University,27.3–32.0,20.9,16.8,43.2,34.0,43.8,
2026,1201–1500,Netaji Subhas University of Technology,27.3–32.0,17.7,8.1,57.4,20.8,21.5,
2026,1201–1500,Nicolaus Copernicus University in Toruń,27.3–32.0,29.6,23.1,38.6,33.2,35.6,
2026,1201–1500,Niigata University,27.3–32.0,31.2,15.7,40.9,54.3,29.1,
2026,1201–1500,Nitte (Deemed to be University),27.3–32.0,43.2,12.5,40.5,19.5,28.6,
2026,1201–1500,Noakhali Science and Technology University (NSTU),27.3–32.0,11.3,9.4,65.5,17.0,48.1,
2026,1201–1500,Oakland University,27.3–32.0,27.7,16.7,44.5,50.8,38.5,
2026,1201–1500,October 6 University,27.3–32.0,19.8,8.4,61.7,16.8,41.0,
2026,1201–1500,Opole University of Technology,27.3–32.0,18.6,14.4,45.8,24.1,47.0,
2026,1201–1500,Osaka Metropolitan University,27.3–32.0,31.3,16.9,28.8,78.3,27.2,
2026,1201–1500,Osmania University,27.3–32.0,34.7,19.0,39.2,34.3,23.1,
2026,1201–1500,Pavol Jozef Šafárik University in Košice,27.3–32.0,41.7,11.2,24.5,24.7,59.3,
2026,1201–1500,Persian Gulf University,27.3–32.0,19.6,15.1,56.1,24.1,46.5,
2026,1201–1500,Pondicherry University,27.3–32.0,34.1,17.4,40.6,41.0,22.7,
2026,1201–1500,Pontifícia Universidade Católica do Paraná,27.3–32.0,26.3,13.1,40.6,52.4,31.4,
2026,1201–1500,Port Said University,27.3–32.0,13.3,10.3,61.4,29.7,48.6,
2026,1201–1500,Poznań University of Life Sciences,27.3–32.0,26.5,12.8,41.0,30.3,30.2,
2026,1201–1500,Poznan University of Medical Sciences,27.3–32.0,31.1,14.3,47.8,44.1,33.1,
2026,1201–1500,Prince of Songkla University,27.3–32.0,24.3,16.0,39.4,51.6,39.2,
2026,1201–1500,Public University of Navarre,27.3–32.0,25.5,15.2,49.2,43.3,47.3,
2026,1201–1500,Pukyong National University,27.3–32.0,30.3,20.4,36.1,54.1,35.1,
2026,1201–1500,Reshetnev Siberian State University of Science and Technology,27.3–32.0,21.1,9.2,53.0,37.8,22.0,
2026,1201–1500,Riga Stradiņš University,27.3–32.0,18.5,16.9,39.1,25.0,64.6,
2026,1201–1500,Rowan University,27.3–32.0,29.6,13.2,45.3,40.6,39.8,
2026,1201–1500,Sahand University of Technology,27.3–32.0,28.8,13.6,47.9,47.6,35.2,
2026,1201–1500,Sakarya University,27.3–32.0,21.8,13.8,49.7,26.7,33.2,
2026,1201–1500,Salahaddin University–Erbil,27.3–32.0,23.4,8.3,60.1,17.0,29.7,
2026,1201–1500,Sapporo Medical University,27.3–32.0,31.4,13.4,38.3,57.5,18.4,
2026,1201–1500,SASTRA University,27.3–32.0,27.6,11.0,42.8,41.6,27.4,
2026,1201–1500,Sathyabama Institute of Science and Technology,27.3–32.0,30.9,10.7,48.6,24.0,27.8,
2026,1201–1500,Saudi Electronic University,27.3–32.0,10.6,9.6,65.4,19.1,75.8,
2026,1201–1500,Sefako Makgatho Health Sciences University,27.3–32.0,26.0,11.1,42.7,19.2,50.0,
2026,1201–1500,Seoul National University of Science and Technology (SeoulTech),27.3–32.0,30.3,21.7,35.1,52.6,34.2,
2026,1201–1500,Shahid Bahonar University of Kerman,27.3–32.0,19.1,13.8,50.4,32.4,30.0,
2026,1201–1500,​Shahid Chamran University of Ahvaz,27.3–32.0,29.4,11.0,42.0,47.5,28.6,
2026,1201–1500,Shahrekord University,27.3–32.0,24.0,13.4,48.8,20.5,27.7,
2026,1201–1500,Shahrood University of Technology,27.3–32.0,29.0,15.5,47.1,28.2,41.8,
2026,1201–1500,Shiga University of Medical Science,27.3–32.0,32.7,13.3,34.2,65.4,25.3,
2026,1201–1500,Shinshu University,27.3–32.0,26.7,18.4,32.5,66.8,31.9,
2026,1201–1500,"Shivaji University, Kolhapur",27.3–32.0,34.9,16.6,45.5,29.7,21.5,
2026,1201–1500,Shiv Nadar University,27.3–32.0,31.7,8.1,40.6,27.7,42.5,
2026,1201–1500,Sidi Mohamed Ben Abdellah University,27.3–32.0,25.2,11.9,48.2,24.2,26.2,
2026,1201–1500,Slovak University of Agriculture in Nitra,27.3–32.0,27.5,19.3,34.0,22.9,49.2,
2026,1201–1500,Sohag University,27.3–32.0,15.0,9.2,55.1,20.6,52.2,
2026,1201–1500,Soonchunhyang University,27.3–32.0,22.6,27.9,35.8,63.6,33.1,
2026,1201–1500,South Valley University  (Egypt),27.3–32.0,12.8,9.3,58.9,19.3,49.4,
2026,1201–1500,St Francis Xavier University,27.3–32.0,17.5,18.2,43.1,27.9,51.6,
2026,1201–1500,Suez Canal University,27.3–32.0,20.0,9.9,56.3,28.5,51.9,
2026,1201–1500,Süleyman Demirel University,27.3–32.0,27.6,11.5,43.8,24.0,25.4,
2026,1201–1500,Suranaree University of Technology,27.3–32.0,25.0,17.4,33.7,52.4,36.1,
2026,1201–1500,SWPS University,27.3–32.0,15.8,17.0,49.5,32.8,49.4,
2026,1201–1500,Technological University Dublin,27.3–32.0,17.6,14.7,48.8,54.7,64.5,
2026,1201–1500,Texas State University,27.3–32.0,18.9,20.2,48.4,40.6,45.8,
2026,1201–1500,Tezpur University,27.3–32.0,33.1,17.3,36.8,33.2,19.4,
2026,1201–1500,Thammasat University,27.3–32.0,23.5,21.0,33.8,37.5,39.0,
2026,1201–1500,The British University in Egypt,27.3–32.0,16.7,12.1,53.0,19.1,37.4,
2026,1201–1500,The Jikei University School of Medicine,27.3–32.0,30.3,11.2,43.9,45.4,20.8,
2026,1201–1500,The John Paul II Catholic University of Lublin,27.3–32.0,31.6,17.0,36.8,17.4,32.1,
2026,1201–1500,The University of Electro-Communications,27.3–32.0,25.7,24.1,32.3,69.1,39.0,
2026,1201–1500,The University of the West Indies,27.3–32.0,21.0,12.0,45.4,29.4,52.6,
2026,1201–1500,Tianjin Normal University,27.3–32.0,21.0,21.0,34.5,53.8,46.1,
2026,1201–1500,TOBB University of Economics and Technology,27.3–32.0,20.0,14.7,40.9,67.5,41.1,
2026,1201–1500,Tokai University,27.3–32.0,17.6,12.8,46.9,48.3,31.8,
2026,1201–1500,Tokushima University,27.3–32.0,28.9,20.7,27.2,86.7,24.7,
2026,1201–1500,Tokyo University of Agriculture and Technology,27.3–32.0,34.0,25.5,28.0,82.2,39.0,
2026,1201–1500,Tokyo University of Science,27.3–32.0,23.8,26.8,27.7,74.8,30.4,
2026,1201–1500,Tomas Bata University in Zlín,27.3–32.0,22.7,21.1,37.7,28.8,53.7,
2026,1201–1500,Toyohashi University of Technology (TUT),27.3–32.0,30.7,23.6,21.4,83.6,43.4,
2026,1201–1500,Tzu Chi University,27.3–32.0,25.7,26.0,24.7,66.3,27.8,
2026,1201–1500,Universidad Católica San Antonio de Murcia (UCAM),27.3–32.0,19.1,18.2,35.1,39.2,57.4,
2026,1201–1500,Universidad del Desarrollo,27.3–32.0,16.4,12.1,47.2,28.0,51.0,
2026,1201–1500,Universidade Eduardo Mondlane,27.3–32.0,11.3,8.7,60.3,21.1,52.3,
2026,1201–1500,Universidade Federal de Pernambuco,27.3–32.0,33.8,18.5,25.6,62.5,28.8,
2026,1201–1500,Universidade Federal do Paraná (UFPR),27.3–32.0,37.2,18.5,29.7,51.9,35.4,
2026,1201–1500,Universidad San Francisco de Quito,27.3–32.0,24.0,12.1,44.2,19.3,63.7,
2026,1201–1500,Universitas Airlangga,27.3–32.0,28.6,14.1,39.2,24.8,66.3,
2026,1201–1500,Universitas Gadjah Mada,27.3–32.0,33.1,24.0,31.3,57.2,43.9,
2026,1201–1500,Universitas Muhammadiyah Surakarta,27.3–32.0,15.7,9.8,60.5,17.5,29.6,
2026,1201–1500,Universitas Padjadjaran,27.3–32.0,32.5,13.0,35.1,27.9,52.5,
2026,1201–1500,Université de Poitiers,27.3–32.0,27.5,20.9,30.5,39.7,61.6,
2026,1201–1500,Université Djillali Liabès de Sidi Bel-Abbès,27.3–32.0,25.5,9.7,46.3,17.6,36.8,
2026,1201–1500,Université d’Orléans,27.3–32.0,20.3,16.6,46.1,51.7,70.1,
2026,1201–1500,University of A Coruña,27.3–32.0,24.1,18.6,46.1,46.6,38.1,
2026,1201–1500,University of Anbar,27.3–32.0,25.0,11.1,53.2,36.6,32.0,
2026,1201–1500,University of Antioquia,27.3–32.0,21.1,20.8,38.8,39.9,40.3,
2026,1201–1500,University of Brasília,27.3–32.0,34.0,17.7,27.7,33.2,35.7,
2026,1201–1500,University of Burgos,27.3–32.0,21.8,16.7,44.9,29.0,36.3,
2026,1201–1500,University of Cadiz,27.3–32.0,21.2,18.3,42.7,37.4,43.4,
2026,1201–1500,"University of Chemistry and Technology, Prague",27.3–32.0,37.3,14.7,26.9,55.0,54.4,
2026,1201–1500,University of Chittagong,27.3–32.0,11.5,9.5,60.7,22.8,55.2,
2026,1201–1500,University of Colima,27.3–32.0,23.4,8.2,54.3,19.0,29.9,
2026,1201–1500,University of Concepción,27.3–32.0,19.3,18.1,40.9,47.7,50.8,
2026,1201–1500,University of Deusto,27.3–32.0,20.7,20.6,49.3,39.9,46.0,
2026,1201–1500,University of Duhok,27.3–32.0,24.2,8.1,61.3,19.7,31.3,
2026,1201–1500,University of El Oued,27.3–32.0,19.8,8.9,53.0,17.5,44.2,
2026,1201–1500,University of Engineering & Technology (UET) Lahore,27.3–32.0,20.2,10.5,54.3,32.4,51.0,
2026,1201–1500,University of Évora,27.3–32.0,25.0,21.5,36.8,25.1,54.3,
2026,1201–1500,University of Guilan,27.3–32.0,26.0,18.4,44.5,34.0,25.4,
2026,1201–1500,"University of Health Sciences, Turkey",27.3–32.0,45.7,10.6,27.3,17.5,28.8,
2026,1201–1500,University of Ilorin,27.3–32.0,15.5,12.6,64.8,20.2,42.6,
2026,1201–1500,University of Ioannina,27.3–32.0,16.9,15.7,50.5,52.8,39.5,
2026,1201–1500,University of Isfahan,27.3–32.0,29.0,18.3,46.8,38.9,32.3,
2026,1201–1500,University of Jeddah,27.3–32.0,16.8,11.0,59.1,21.2,70.7,
2026,1201–1500,University of Jendouba,27.3–32.0,19.2,23.2,37.1,51.4,46.4,
2026,1201–1500,University of Jos,27.3–32.0,15.3,8.6,55.9,18.4,46.4,
2026,1201–1500,University of Kerala,27.3–32.0,40.2,20.7,23.8,22.4,25.5,
2026,1201–1500,University of La Frontera,27.3–32.0,17.8,23.7,35.8,24.1,50.2,
2026,1201–1500,University of La Serena,27.3–32.0,14.3,10.3,54.3,17.3,50.3,
2026,1201–1500,University of Las Palmas de Gran Canaria,27.3–32.0,21.4,26.9,42.7,32.5,41.7,
2026,1201–1500,University of León,27.3–32.0,24.9,15.9,41.8,61.0,36.8,
2026,1201–1500,University of Malaga,27.3–32.0,21.1,17.1,42.1,54.0,41.5,
2026,1201–1500,University of Manouba,27.3–32.0,25.9,9.7,42.1,23.9,45.8,
2026,1201–1500,University of Maragheh,27.3–32.0,14.7,17.1,59.6,31.3,47.8,
2026,1201–1500,University of Maribor,27.3–32.0,21.5,18.0,41.2,46.2,39.5,
2026,1201–1500,University of Mauritius,27.3–32.0,27.5,14.9,42.2,41.3,37.5,
2026,1201–1500,University of Mazandaran,27.3–32.0,26.6,16.2,43.0,25.4,28.3,
2026,1201–1500,University of Nebraska Omaha,27.3–32.0,17.9,16.9,49.8,41.8,36.2,
2026,1201–1500,University of Nigeria Nsukka,27.3–32.0,32.0,11.0,40.3,20.3,41.4,
2026,1201–1500,University of Northern British Columbia (UNBC),27.3–32.0,21.0,22.5,44.4,19.9,57.0,
2026,1201–1500,"University of Occupational and Environmental Health, Japan",27.3–32.0,29.0,11.9,53.1,53.7,23.1,
2026,1201–1500,University of Peradeniya,27.3–32.0,12.8,12.4,56.4,30.0,39.3,
2026,1201–1500,University of Reims Champagne-Ardenne,27.3–32.0,29.1,9.8,37.4,36.4,56.1,
2026,1201–1500,University of Rouen Normandie,27.3–32.0,24.9,13.9,38.3,51.6,55.9,
2026,1201–1500,University of Sargodha,27.3–32.0,14.5,13.6,63.0,20.9,49.4,
2026,1201–1500,University of Sfax,27.3–32.0,29.7,12.3,41.5,39.3,46.0,
2026,1201–1500,University of Social Welfare and Rehabilitation Sciences,27.3–32.0,34.0,15.7,34.3,22.8,33.4,
2026,1201–1500,University of South Africa,27.3–32.0,19.7,17.8,51.0,30.4,42.2,
2026,1201–1500,University of South Wales,27.3–32.0,18.2,11.7,35.7,52.3,78.6,
2026,1201–1500,University of Split,27.3–32.0,22.2,15.3,42.3,28.6,34.7,
2026,1201–1500,University of Staffordshire,27.3–32.0,16.3,12.3,48.0,23.8,73.4,
2026,1201–1500,University of Technology of Compiègne,27.3–32.0,28.7,11.6,30.6,58.7,81.9,
2026,1201–1500,University of the Philippines,27.3–32.0,27.4,17.9,39.0,28.9,38.6,
2026,1201–1500,University of Trás-os-Montes and Alto Douro,27.3–32.0,19.6,20.9,47.3,38.6,40.5,
2026,1201–1500,University of Tripoli,27.3–32.0,14.6,10.7,66.1,17.2,43.3,
2026,1201–1500,University of Urbino Carlo Bo,27.3–32.0,17.6,19.9,47.6,36.3,50.1,
2026,1201–1500,University of Valladolid,27.3–32.0,24.8,16.7,40.7,44.4,39.5,
2026,1201–1500,University of West London,27.3–32.0,15.4,10.5,53.3,20.7,90.0,
2026,1201–1500,University of Winchester,27.3–32.0,19.0,15.4,45.4,18.0,61.2,
2026,1201–1500,University of Wrocław,27.3–32.0,28.7,21.8,37.9,35.5,45.1,
2026,1201–1500,University of Zagreb,27.3–32.0,27.6,19.1,41.8,57.5,31.3,
2026,1201–1500,University of Žilina,27.3–32.0,26.2,19.6,39.9,45.5,33.9,
2026,1201–1500,University Rey Juan Carlos,27.3–32.0,18.7,15.3,47.4,46.7,38.4,
2026,1201–1500,Urmia University of Technology,27.3–32.0,12.2,14.3,56.7,22.0,49.0,
2026,1201–1500,USAMV Cluj-Napoca,27.3–32.0,19.7,10.0,52.3,22.0,37.5,
2026,1201–1500,"Vietnam National University, Hanoi",27.3–32.0,17.7,11.5,54.6,28.2,44.3,
2026,1201–1500,"Visvesvaraya National Institute of Technology, Nagpur",27.3–32.0,32.7,12.8,41.6,36.5,20.1,
2026,1201–1500,VSB - Technical University of Ostrava,27.3–32.0,25.6,20.9,38.5,48.5,55.4,
2026,1201–1500,Vytautas Magnus University,27.3–32.0,23.7,12.9,36.9,21.2,69.5,
2026,1201–1500,Walailak University,27.3–32.0,19.4,15.4,56.4,18.7,47.8,
2026,1201–1500,Warsaw University of Technology,27.3–32.0,28.3,17.7,32.9,61.1,33.9,
2026,1201–1500,Wilfrid Laurier University,27.3–32.0,15.8,16.1,49.3,58.4,61.2,
2026,1201–1500,Woosong University,27.3–32.0,19.1,10.4,43.2,24.2,86.2,
2026,1201–1500,Wrocław University of Science and Technology,27.3–32.0,23.6,19.3,36.2,58.5,34.0,
2026,1201–1500,Wuhan Textile University,27.3–32.0,16.3,12.4,57.9,55.7,23.9,
2026,1201–1500,Xiangtan University,27.3–32.0,18.6,17.4,53.6,56.3,23.1,
2026,1201–1500,Yanshan University,27.3–32.0,21.6,12.2,45.4,57.0,20.8,
2026,1201–1500,Yaşar University,27.3–32.0,21.5,11.8,57.8,21.1,43.1,
2026,1201–1500,Yazd University,27.3–32.0,21.6,18.5,44.8,44.4,35.6,
2026,1201–1500,Yokohama National University,27.3–32.0,28.3,21.9,22.1,82.3,35.3,
2026,1201–1500,Zewail City of Science and Technology,27.3–32.0,23.7,10.5,48.2,23.7,40.6,
2026,1201–1500,Zhejiang Chinese Medical University,27.3–32.0,20.2,17.5,46.1,36.4,22.7,
2026,1201–1500,Zhejiang University of Finance and Economics,27.3–32.0,14.3,13.3,66.8,30.8,28.8,
2026,1501+,Abdelmalek Essaâdi University,10.3–27.2,22.9,11.1,43.1,20.7,29.0,
2026,1501+,Acharya Nagarjuna University,10.3–27.2,45.0,9.9,16.8,27.6,28.6,
2026,1501+,Acıbadem University,10.3–27.2,27.3,12.4,29.0,26.4,37.0,
2026,1501+,Adana Alparslan Türkeş Science and Technology University,10.3–27.2,13.7,10.4,31.5,17.2,22.9,
2026,1501+,Adelphi University,10.3–27.2,25.5,7.9,26.2,18.1,35.8,
2026,1501+,Adıyaman University,10.3–27.2,13.0,10.1,33.5,16.8,28.0,
2026,1501+,Afyonkarahisar Health Sciences University,10.3–27.2,29.8,11.8,13.1,24.6,23.3,
2026,1501+,Afyon Kocatepe University,10.3–27.2,16.5,9.8,26.4,22.5,26.5,
2026,1501+,AIIMS Rishikesh,10.3–27.2,29.0,11.2,17.2,22.8,21.0,
2026,1501+,Akita University,10.3–27.2,26.3,13.6,18.7,43.3,28.7,
2026,1501+,Aksaray University,10.3–27.2,14.8,9.3,24.1,18.2,28.9,
2026,1501+,Alanya Alaaddin Keykubat University,10.3–27.2,16.4,10.3,20.0,16.4,27.2,
2026,1501+,Alberto Hurtado University,10.3–27.2,15.8,16.6,24.1,16.0,37.7,
2026,1501+,Alexandru Ioan Cuza University,10.3–27.2,22.5,12.2,29.2,41.1,39.3,
2026,1501+,Al-Furat Al-Awsat Technical University,10.3–27.2,11.5,8.6,21.1,19.6,24.3,
2026,1501+,Allameh Tabataba ’i University,10.3–27.2,33.2,12.8,32.6,24.0,30.4,
2026,1501+,Al-Muthanna University,10.3–27.2,20.2,8.5,32.2,16.3,36.9,
2026,1501+,Al-Nahrain University,10.3–27.2,29.7,8.9,28.8,21.0,24.2,
2026,1501+,Al-Qasim Green University,10.3–27.2,22.5,7.9,49.2,16.6,25.0,
2026,1501+,Al-Quds University,10.3–27.2,22.9,11.0,17.8,21.1,81.2,
2026,1501+,Altai State University,10.3–27.2,23.0,16.4,17.1,25.3,62.1,
2026,1501+,Altınbaş University,10.3–27.2,17.6,11.7,30.3,24.1,54.5,
2026,1501+,Alzahra University,10.3–27.2,27.3,16.9,28.1,26.6,28.3,
2026,1501+,Amity University - Kolkata,10.3–27.2,18.0,11.5,33.5,22.2,54.9,
2026,1501+,Anáhuac University,10.3–27.2,24.8,9.2,9.6,16.9,33.4,
2026,1501+,Ankara Yildirim Beyazit University,10.3–27.2,20.1,13.1,29.5,22.5,31.0,
2026,1501+,Antonio Nariño University,10.3–27.2,18.4,8.3,28.9,17.1,51.5,
2026,1501+,Aoyama Gakuin University,10.3–27.2,16.7,9.4,10.8,29.3,36.4,
2026,1501+,Arak University,10.3–27.2,19.3,14.6,32.9,29.1,35.1,
2026,1501+,Atılım University,10.3–27.2,16.0,11.5,32.6,24.1,46.4,
2026,1501+,Atma Jaya Catholic University of Indonesia,10.3–27.2,18.0,12.7,19.5,22.9,48.4,
2026,1501+,Austral University of Chile,10.3–27.2,15.6,17.2,29.2,41.8,52.4,
2026,1501+,Autonomous University of Baja California,10.3–27.2,14.8,9.0,14.4,18.2,32.3,
2026,1501+,Autonomous University of Guerrero (UAGro),10.3–27.2,16.0,7.7,10.9,17.7,29.7,
2026,1501+,Aydın Adnan Menderes University,10.3–27.2,28.4,20.3,20.0,20.4,22.9,
2026,1501+,Azerbaijan State Oil and Industry University,10.3–27.2,25.0,8.1,15.7,19.7,44.7,
2026,1501+,Azerbaijan Technical University (AzTU),10.3–27.2,26.2,7.5,5.7,30.4,35.9,
2026,1501+,Babcock University,10.3–27.2,27.6,9.9,41.8,16.0,33.5,
2026,1501+,Badji Mokhtar University – Annaba,10.3–27.2,39.9,8.8,17.0,21.3,35.3,
2026,1501+,Baku State University,10.3–27.2,30.1,10.1,21.2,21.0,45.4,
2026,1501+,Balıkesir University,10.3–27.2,14.6,9.9,15.7,21.0,20.7,
2026,1501+,"Balochistan University of Information Technology, Engineering and Management Sciences (BUITEMS)",10.3–27.2,10.8,9.5,41.3,20.9,49.9,
2026,1501+,Bashkir State Medical University,10.3–27.2,28.3,10.3,23.5,20.1,49.3,
2026,1501+,Başkent University,10.3–27.2,20.8,11.8,19.0,24.6,23.1,
2026,1501+,Belarusian State University,10.3–27.2,24.7,11.1,10.9,45.0,65.8,
2026,1501+,Belgorod State National Research University,10.3–27.2,21.8,16.4,11.1,34.9,40.6,
2026,1501+,Benemérita Universidad Autónoma de Puebla,10.3–27.2,23.3,9.8,13.5,21.2,36.0,
2026,1501+,Bernardo O’Higgins University,10.3–27.2,14.6,10.8,13.1,22.6,48.6,
2026,1501+,Beykent University,10.3–27.2,14.4,8.3,21.9,17.4,27.3,
2026,1501+,Bezmiâlem Vakif University,10.3–27.2,37.8,12.0,26.1,22.9,28.6,
2026,1501+,Bharati Vidyapeeth University,10.3–27.2,27.1,11.1,25.1,39.2,20.6,
2026,1501+,Bialystok University of Technology,10.3–27.2,23.5,14.0,23.5,28.6,27.6,
2026,1501+,Bilecik Şeyh Edebali University,10.3–27.2,16.3,10.2,31.7,21.7,37.9,
2026,1501+,Blida 1 University,10.3–27.2,18.3,8.2,15.7,18.2,35.2,
2026,1501+,Bogomolets National Medical University,10.3–27.2,24.0,9.9,9.8,17.4,26.4,
2026,1501+,Bolu Abant Izzet Baysal University,10.3–27.2,17.1,9.7,29.2,19.0,38.0,
2026,1501+,Bozok University,10.3–27.2,13.6,10.0,26.7,17.1,30.5,
2026,1501+,B. S. Abdur Rahman Crescent Institute of Science and Technology,10.3–27.2,20.1,10.6,39.4,26.2,25.1,
2026,1501+,Burapha University,10.3–27.2,17.4,10.1,14.1,24.5,29.1,
2026,1501+,Burdur Mehmet Akif Ersoy University,10.3–27.2,12.6,9.6,34.9,18.9,23.5,
2026,1501+,Bursa Technical University,10.3–27.2,13.6,8.7,23.3,22.8,34.5,
2026,1501+,Bursa Uludağ University,10.3–27.2,19.3,10.2,23.4,26.5,36.0,
2026,1501+,Çanakkale Onsekiz Mart University,10.3–27.2,14.3,18.6,19.5,21.4,24.7,
2026,1501+,Çankırı Karatekin University,10.3–27.2,14.4,18.0,23.0,17.1,31.9,
2026,1501+,Cardinal Stefan Wyszyński University in Warsaw,10.3–27.2,27.6,22.1,29.1,18.3,29.8,
2026,1501+,Catholic University of Brasília,10.3–27.2,25.5,25.3,13.6,22.2,37.4,
2026,1501+,Catholic University of the North,10.3–27.2,14.7,14.9,33.8,19.9,61.0,
2026,1501+,Ceará State University,10.3–27.2,24.9,12.0,10.2,19.8,22.0,
2026,1501+,Central University of Venezuela,10.3–27.2,24.2,8.6,14.1,19.4,48.7,
2026,1501+,Centro Federal de Educação Tecnológica Celso Suckow da Fonseca (CEFET-RJ),10.3–27.2,15.5,10.1,26.3,18.6,36.3,
2026,1501+,Centurion University of Technology and Management,10.3–27.2,15.3,13.0,41.1,43.4,27.4,
2026,1501+,CES University,10.3–27.2,21.7,9.5,10.4,16.9,37.9,
2026,1501+,CEU Universities,10.3–27.2,21.9,11.8,33.9,26.4,49.8,
2026,1501+,Chang Gung University of Science and Technology,10.3–27.2,16.1,15.2,39.8,41.8,21.0,
2026,1501+,Chelyabinsk State University,10.3–27.2,12.9,10.6,9.6,17.3,25.4,
2026,1501+,Chiba Institute of Technology,10.3–27.2,14.5,8.5,15.2,35.5,21.3,
2026,1501+,Chinese Culture University,10.3–27.2,14.8,11.9,15.8,34.2,30.0,
2026,1501+,Chosun University,10.3–27.2,25.2,23.1,25.8,75.0,31.0,
2026,1501+,Christ University,10.3–27.2,15.6,14.5,52.0,22.1,24.5,
2026,1501+,Chubu University,10.3–27.2,17.2,11.5,15.0,38.9,36.3,
2026,1501+,Chung Shan Medical University,10.3–27.2,20.3,21.4,31.7,63.0,22.2,
2026,1501+,Chuo University,10.3–27.2,18.2,10.8,14.7,37.0,31.0,
2026,1501+,Communication University of China,10.3–27.2,25.7,16.4,29.4,56.8,24.3,
2026,1501+,Cracow University of Technology,10.3–27.2,25.9,10.4,32.7,30.5,33.6,
2026,1501+,Cukurova University,10.3–27.2,22.3,13.8,32.5,33.7,29.8,
2026,1501+,Damascus University,10.3–27.2,12.5,8.3,12.1,18.1,45.8,
2026,1501+,Damghan University,10.3–27.2,18.0,10.8,36.2,19.9,32.0,
2026,1501+,Dankook University,10.3–27.2,23.1,14.7,27.8,51.1,26.7,
2026,1501+,De La Salle University,10.3–27.2,18.3,12.6,31.4,24.1,29.1,
2026,1501+,Del Rosario University,10.3–27.2,21.5,16.2,32.3,30.5,49.8,
2026,1501+,"Delta State University, Abraka",10.3–27.2,13.5,9.4,15.1,16.3,24.0,
2026,1501+,Dicle University,10.3–27.2,23.9,9.6,18.2,22.4,25.0,
2026,1501+,Diponegoro University,10.3–27.2,32.5,16.8,23.0,45.4,40.7,
2026,1501+,Dnipro University of Technology,10.3–27.2,13.0,7.6,47.1,17.6,27.1,
2026,1501+,Dokkyo Medical University,10.3–27.2,28.1,10.9,27.8,37.4,19.4,
2026,1501+,Dokuz Eylül University,10.3–27.2,27.7,15.9,27.2,64.6,30.8,
2026,1501+,Don State Technical University,10.3–27.2,20.9,10.3,21.0,24.6,30.8,
2026,1501+,Doshisha University,10.3–27.2,18.1,11.1,12.4,35.5,34.1,
2026,1501+,Dow University of Health Sciences,10.3–27.2,24.5,10.4,27.9,19.3,47.3,
2026,1501+,Dr. M.G.R. Educational and Research Institute,10.3–27.2,18.6,8.6,25.3,16.8,22.5,
2026,1501+,Dumlupinar University,10.3–27.2,11.5,10.6,25.1,19.4,39.2,
2026,1501+,Dunarea de Jos University of Galati,10.3–27.2,20.0,10.2,32.3,19.0,46.2,
2026,1501+,Durban University of Technology,10.3–27.2,17.9,14.0,38.1,25.0,51.2,
2026,1501+,EAFIT University,10.3–27.2,17.4,11.1,18.4,21.3,46.5,
2026,1501+,East China University of Technology,10.3–27.2,15.6,10.0,26.1,37.1,19.3,
2026,1501+,East West University,10.3–27.2,11.2,9.3,41.7,17.8,33.9,
2026,1501+,Ehime University,10.3–27.2,25.8,14.8,26.7,54.5,31.8,
2026,1501+,Ekiti State University,10.3–27.2,24.2,10.1,17.3,16.4,31.6,
2026,1501+,El Bosque University,10.3–27.2,23.6,9.0,27.1,17.7,42.5,
2026,1501+,Erzincan Binali Yıldırım University,10.3–27.2,13.0,9.1,38.1,18.1,25.6,
2026,1501+,Escuela Politécnica Nacional,10.3–27.2,18.7,9.8,26.7,24.6,47.4,
2026,1501+,Escuela Superior Politécnica del Litoral,10.3–27.2,22.4,9.7,35.8,31.3,56.7,
2026,1501+,Eskişehir Osmangazi University,10.3–27.2,20.6,22.6,26.3,24.6,27.0,
2026,1501+,Eskişehir Technical University,10.3–27.2,20.7,9.8,23.1,23.0,23.7,
2026,1501+,Far Eastern Federal University,10.3–27.2,29.1,18.4,16.4,30.3,60.5,
2026,1501+,"Federal Institute of Education, Science and Technology of São Paulo",10.3–27.2,12.6,7.1,8.8,17.5,23.3,
2026,1501+,Federal Rural University of Pernambuco,10.3–27.2,30.4,10.3,19.8,24.1,24.6,
2026,1501+,"Federal University of Agriculture, Abeokuta",10.3–27.2,17.7,8.8,24.3,21.1,34.8,
2026,1501+,Federal University of Espírito Santo,10.3–27.2,24.2,12.8,25.5,53.0,30.0,
2026,1501+,Federal University of Goiás,10.3–27.2,31.8,23.7,25.4,25.4,30.6,
2026,1501+,Federal University of Lavras,10.3–27.2,30.8,19.0,28.7,32.8,29.9,
2026,1501+,Federal University of Mato Grosso do Sul,10.3–27.2,24.0,14.5,25.6,37.8,32.3,
2026,1501+,Federal University of Pará,10.3–27.2,25.2,12.9,21.8,28.4,26.5,
2026,1501+,Federal University of Pelotas,10.3–27.2,25.1,14.1,30.0,25.0,27.2,
2026,1501+,Federal University of Rio Grande do Norte (UFRN),10.3–27.2,26.4,15.7,26.8,43.3,33.2,
2026,1501+,Federal University of Santa Maria,10.3–27.2,26.9,14.0,34.0,37.2,27.7,
2026,1501+,Federal University of Technology Akure,10.3–27.2,24.4,12.2,40.0,23.9,46.6,
2026,1501+,"Federal University of Technology, Owerri",10.3–27.2,25.2,8.3,23.7,26.9,40.5,
2026,1501+,Federal University of Uberlândia,10.3–27.2,24.9,13.1,39.1,39.4,25.9,
2026,1501+,Federal University of Viçosa,10.3–27.2,30.4,12.4,23.4,28.7,27.5,
2026,1501+,Federal University Oye-Ekiti,10.3–27.2,10.3,9.2,16.5,16.3,39.9,
2026,1501+,Federico Santa María Technical University,10.3–27.2,14.5,12.9,33.0,40.7,53.8,
2026,1501+,Feng Chia University,10.3–27.2,16.9,18.2,24.2,70.7,35.6,
2026,1501+,Ferhat Abbas Sétif University 1,10.3–27.2,15.3,8.5,36.0,20.9,39.0,
2026,1501+,Fluminense Federal University,10.3–27.2,23.6,13.4,27.9,27.2,31.5,
2026,1501+,Gaziantep University,10.3–27.2,19.0,12.4,33.5,23.5,43.2,
2026,1501+,Gdynia Maritime University,10.3–27.2,23.4,11.5,15.5,54.2,21.2,
2026,1501+,"George Emil Palade University of Medicine, Pharmacy, Science, and Technology of Targu Mures",10.3–27.2,17.9,12.8,38.5,23.0,35.3,
2026,1501+,Georgian Technical University,10.3–27.2,29.8,9.0,14.5,17.0,39.1,
2026,1501+,Georgia Southern University,10.3–27.2,18.3,12.2,37.2,34.7,32.6,
2026,1501+,Gheorghe Asachi Technical University of Iaşi,10.3–27.2,18.2,10.2,21.5,33.9,33.6,
2026,1501+,Giresun University,10.3–27.2,12.2,9.2,29.3,16.7,23.9,
2026,1501+,GITAM University,10.3–27.2,21.7,10.5,29.3,21.6,27.0,
2026,1501+,GMR Institute of Technology,10.3–27.2,15.4,10.0,52.0,18.8,22.9,
2026,1501+,Goa University,10.3–27.2,33.9,13.3,28.7,28.0,24.3,
2026,1501+,Grand Valley State University,10.3–27.2,21.2,9.4,31.6,28.5,36.1,
2026,1501+,Grigore T. Popa University of Medicine and Pharmacy,10.3–27.2,23.8,10.7,21.5,23.9,41.1,
2026,1501+,Guangxi Normal University,10.3–27.2,16.1,11.1,47.9,40.0,22.1,
2026,1501+,Gubkin Russian State University of Oil and Gas,10.3–27.2,21.4,10.7,10.3,44.9,24.1,
2026,1501+,Gunma University,10.3–27.2,27.9,13.4,24.2,66.3,27.4,
2026,1501+,Guru Ghasidas Vishwavidyalaya,10.3–27.2,20.1,11.5,50.8,22.9,23.6,
2026,1501+,Halu Oleo University,10.3–27.2,16.3,8.7,13.7,17.0,20.1,
2026,1501+,Hanoi University of Science and Technology,10.3–27.2,14.5,16.9,30.5,66.1,35.3,
2026,1501+,Harran University,10.3–27.2,16.8,9.9,48.1,19.1,27.7,
2026,1501+,Hasanuddin University,10.3–27.2,21.6,11.5,28.0,31.3,25.9,
2026,1501+,Hassiba Benbouali University of Chlef,10.3–27.2,16.2,12.0,45.2,31.1,42.2,
2026,1501+,Hatay Mustafa Kemal University,10.3–27.2,14.6,9.4,21.8,18.1,21.9,
2026,1501+,Hellenic Open University,10.3–27.2,23.8,8.9,44.4,16.8,27.3,
2026,1501+,Helwan University,10.3–27.2,22.7,9.0,43.1,23.0,47.6,
2026,1501+,Herzen State Pedagogical University of Russia,10.3–27.2,20.7,12.9,9.8,18.6,39.1,
2026,1501+,Hirosaki University,10.3–27.2,24.8,15.0,30.0,53.2,29.9,
2026,1501+,Hitit University,10.3–27.2,22.7,10.7,15.7,17.8,29.0,
2026,1501+,Hormozgan University of Medical Sciences,10.3–27.2,40.5,11.0,26.2,18.8,26.6,
2026,1501+,Hue University,10.3–27.2,14.2,9.4,18.1,17.2,44.6,
2026,1501+,Ibaraki University,10.3–27.2,17.9,12.8,13.6,42.6,26.8,
2026,1501+,Ibn Khaldoun University,10.3–27.2,13.7,8.5,19.2,17.2,34.8,
2026,1501+,Industrial University of Tyumen,10.3–27.2,20.2,7.9,6.7,18.9,24.1,
2026,1501+,Instituto Politécnico de Viana do Castelo,10.3–27.2,13.8,15.6,38.1,22.7,45.3,
2026,1501+,Instituto Politécnico Nacional (IPN),10.3–27.2,21.9,10.7,16.2,25.4,25.9,
2026,1501+,Instituto Tecnológico Metropolitano,10.3–27.2,12.9,7.9,9.0,18.7,30.9,
2026,1501+,Institut Teknologi Sepuluh Nopember,10.3–27.2,25.9,11.1,28.3,42.0,47.4,
2026,1501+,International Hellenic University,10.3–27.2,9.8,10.5,48.8,28.9,32.2,
2026,1501+,Ionian University,10.3–27.2,16.3,11.6,26.0,23.8,24.2,
2026,1501+,IPB University,10.3–27.2,32.8,12.3,27.5,51.1,44.9,
2026,1501+,Irkutsk National Research Technical University,10.3–27.2,23.0,10.2,16.7,29.2,34.4,
2026,1501+,Irkutsk State University,10.3–27.2,18.6,9.8,6.0,17.4,27.2,
2026,1501+,Islamic Science University of Malaysia (USIM),10.3–27.2,22.1,9.4,18.5,16.9,40.0,
2026,1501+,Islamic University of Indonesia,10.3–27.2,14.6,11.7,24.9,17.8,34.4,
2026,1501+,Istanbul Aydın University,10.3–27.2,21.2,10.0,35.0,18.4,56.8,
2026,1501+,Istanbul Bilgi University,10.3–27.2,16.3,11.1,38.0,17.2,53.5,
2026,1501+,Istanbul Okan University,10.3–27.2,26.5,11.0,34.1,17.8,58.4,
2026,1501+,Ivane Javakhishvili Tbilisi State University,10.3–27.2,15.0,12.2,15.9,18.9,43.1,
2026,1501+,Ivan Franko National University of Lviv,10.3–27.2,20.5,11.1,11.5,18.8,29.7,
2026,1501+,Ivanovo State University of Chemistry and Technology,10.3–27.2,16.9,9.6,7.0,24.1,25.4,
2026,1501+,İzmir Kâtip Çelebi University,10.3–27.2,16.5,10.4,25.1,18.9,30.1,
2026,1501+,Izmir University of Economics,10.3–27.2,16.9,15.6,34.6,39.2,31.6,
2026,1501+,Jan Evangelista Purkyně University,10.3–27.2,17.1,13.2,15.4,21.0,41.9,
2026,1501+,Jan Kochanowski University in Kielce,10.3–27.2,20.1,11.3,16.4,19.5,28.0,
2026,1501+,"Jaypee Institute of Information Technology, Noida",10.3–27.2,20.0,17.6,38.6,26.2,19.3,
2026,1501+,Jean Moulin University – Lyon 3,10.3–27.2,15.0,13.7,16.0,29.6,59.6,
2026,1501+,Jember University,10.3–27.2,10.6,9.8,15.4,20.2,23.1,
2026,1501+,Jianghan University,10.3–27.2,17.1,9.8,28.3,27.9,20.0,
2026,1501+,Jiangsu Normal University,10.3–27.2,16.2,12.9,42.7,34.8,23.9,
2026,1501+,Kagawa University,10.3–27.2,25.2,13.4,35.8,62.0,27.0,
2026,1501+,Kagoshima University,10.3–27.2,26.5,13.8,23.8,56.3,26.5,
2026,1501+,Kanagawa University,10.3–27.2,17.9,8.1,11.8,25.8,39.7,
2026,1501+,Kansai University,10.3–27.2,21.6,8.8,10.0,29.0,34.4,
2026,1501+,Karabük University,10.3–27.2,15.6,9.8,45.6,18.7,50.8,
2026,1501+,Karadeniz Technical University,10.3–27.2,24.5,13.8,35.1,38.9,27.0,
2026,1501+,Karamanoğlu Mehmet Bey University,10.3–27.2,11.7,10.1,49.0,17.2,31.8,
2026,1501+,Karpagam Academy of Higher Education,10.3–27.2,19.0,11.8,44.4,19.5,24.3,
2026,1501+,Kasetsart University,10.3–27.2,18.8,15.9,27.8,41.5,35.0,
2026,1501+,Kastamonu University,10.3–27.2,15.3,12.0,44.3,18.8,35.1,
2026,1501+,Kazakh National Agrarian Research University,10.3–27.2,23.7,8.3,15.9,16.6,38.2,
2026,1501+,Kazan National Research Technological University,10.3–27.2,22.0,9.9,10.2,44.2,34.8,
2026,1501+,Kazan State Medical University,10.3–27.2,39.5,11.9,10.1,20.7,45.0,
2026,1501+,Kazan State Power Engineering University,10.3–27.2,13.1,9.8,15.3,24.7,25.7,
2026,1501+,Kemerovo State University,10.3–27.2,15.5,11.2,9.9,18.0,24.6,
2026,1501+,Kenyatta University,10.3–27.2,14.3,9.1,34.2,17.4,54.6,
2026,1501+,Kharkiv Aviation Institute,10.3–27.2,21.3,10.7,17.4,18.8,32.2,
2026,1501+,Kharkiv National University of Radio Electronics,10.3–27.2,20.8,9.0,30.0,18.6,29.5,
2026,1501+,King Mongkut’s Institute of Technology Ladkrabang,10.3–27.2,18.9,25.0,24.9,74.5,38.3,
2026,1501+,Kirikkale University,10.3–27.2,17.0,19.6,20.1,36.0,20.2,
2026,1501+,Kırşehir Ahi Evran University,10.3–27.2,14.0,11.1,23.8,21.3,34.6,
2026,1501+,Kitasato University,10.3–27.2,26.7,12.0,36.0,59.8,20.7,
2026,1501+,KLE Academy of Higher Education and Research,10.3–27.2,25.0,11.2,15.5,32.0,31.6,
2026,1501+,Kocaeli University,10.3–27.2,14.1,10.4,28.6,30.5,25.9,
2026,1501+,Kochi University,10.3–27.2,24.2,12.9,21.4,46.7,28.0,
2026,1501+,Kochi University of Technology,10.3–27.2,20.0,14.5,18.7,51.9,41.9,
2026,1501+,Kogakuin University,10.3–27.2,17.2,8.1,14.3,35.5,26.1,
2026,1501+,Konya Technical University,10.3–27.2,19.4,9.4,37.8,17.3,25.0,
2026,1501+,Kwansei Gakuin University,10.3–27.2,23.2,10.4,18.9,30.6,37.0,
2026,1501+,Kyiv National University of Construction and Architecture,10.3–27.2,22.6,9.1,41.4,19.3,34.2,
2026,1501+,Kyoto Institute of Technology,10.3–27.2,25.5,17.7,16.2,72.2,31.8,
2026,1501+,Ladoke Akintola University of Technology,10.3–27.2,14.0,10.7,40.7,25.6,37.2,
2026,1501+,Lagos State University,10.3–27.2,17.1,10.5,30.1,20.9,45.5,
2026,1501+,Larbi Tebessi University,10.3–27.2,18.6,9.1,21.3,17.2,30.7,
2026,1501+,Latvia University of Life Sciences and Technologies,10.3–27.2,21.7,15.8,17.9,24.9,27.8,
2026,1501+,Lincoln University College,10.3–27.2,35.0,9.3,12.6,16.9,97.8,
2026,1501+,Liverpool Hope University,10.3–27.2,19.5,16.8,30.2,19.0,77.2,
2026,1501+,L.N. Gumilyov Eurasian National University,10.3–27.2,20.9,15.2,25.4,17.2,59.2,
2026,1501+,Lobachevsky State University of Nizhni Novgorod,10.3–27.2,31.5,13.9,13.8,35.3,35.7,
2026,1501+,Lodz University of Technology,10.3–27.2,25.9,15.8,28.5,61.8,33.0,
2026,1501+,Londrina State University,10.3–27.2,30.4,12.1,20.0,26.9,25.9,
2026,1501+,Lublin University of Technology,10.3–27.2,25.8,14.8,31.6,30.8,41.8,
2026,1501+,Lucian Blaga University of Sibiu,10.3–27.2,19.0,16.0,42.0,22.6,33.9,
2026,1501+,Lviv Polytechnic National University,10.3–27.2,20.2,12.0,29.3,23.3,27.4,
2026,1501+,Mackenzie Presbyterian University,10.3–27.2,20.9,12.6,14.8,27.2,29.9,
2026,1501+,Maejo University,10.3–27.2,14.8,9.6,43.4,35.2,39.5,
2026,1501+,Mahasarakham University,10.3–27.2,19.9,9.3,24.5,18.9,29.5,
2026,1501+,Manav Rachna International Institute of Research and Studies,10.3–27.2,29.8,11.0,37.4,21.7,25.8,
2026,1501+,Manisa Celal Bayar University,10.3–27.2,14.7,10.0,24.1,20.6,23.4,
2026,1501+,Mapúa University,10.3–27.2,13.7,14.8,30.5,23.4,23.2,
2026,1501+,Maria Curie-Skłodowska University (UMCS),10.3–27.2,22.6,21.5,25.8,22.3,36.5,
2026,1501+,Marmara University,10.3–27.2,25.1,13.7,34.7,34.7,31.9,
2026,1501+,Matej Bel University,10.3–27.2,18.9,14.2,18.0,21.1,44.7,
2026,1501+,Medical University of Sofia,10.3–27.2,26.4,7.3,37.8,45.9,48.5,
2026,1501+,Meiji University,10.3–27.2,16.2,10.2,11.6,31.1,31.0,
2026,1501+,Meijo University,10.3–27.2,14.8,11.5,10.8,45.4,25.9,
2026,1501+,Mendeleev University of Chemical Technology,10.3–27.2,22.7,17.2,13.1,39.6,26.2,
2026,1501+,Mersin University,10.3–27.2,17.2,10.6,25.3,23.3,29.0,
2026,1501+,Metropolitan Autonomous University,10.3–27.2,21.1,24.4,19.6,30.1,28.0,
2026,1501+,M’Hamed Bougara University of Boumerdès,10.3–27.2,15.7,8.6,20.9,22.4,32.6,
2026,1501+,Middle Technical University,10.3–27.2,12.3,8.3,26.1,18.8,25.3,
2026,1501+,Mie University,10.3–27.2,26.7,17.0,26.4,66.5,25.2,
2026,1501+,Military Institute of Science and Technology (MIST),10.3–27.2,14.1,8.6,53.8,19.1,26.3,
2026,1501+,Mindanao State University – Iligan Institute of Technology,10.3–27.2,18.4,9.1,22.7,17.6,39.1,
2026,1501+,Ming Chuan University,10.3–27.2,14.1,13.6,22.7,42.3,37.3,
2026,1501+,MIREA - Russian Technological University,10.3–27.2,15.9,12.5,8.8,47.8,23.2,
2026,1501+,Mirpur University of Science and Technology,10.3–27.2,11.6,10.3,50.8,19.8,49.6,
2026,1501+,Misr University for Science and Technology,10.3–27.2,15.6,8.8,31.5,18.1,41.2,
2026,1501+,Morgan State University,10.3–27.2,19.7,14.3,29.8,23.6,54.7,
2026,1501+,Moscow Aviation Institute,10.3–27.2,33.1,16.2,22.5,53.0,30.5,
2026,1501+,Moscow Polytechnic University,10.3–27.2,15.8,12.4,49.5,26.1,28.8,
2026,1501+,Moscow Power Engineering Institute,10.3–27.2,23.2,15.9,20.6,56.4,38.6,
2026,1501+,Moulay Ismail University,10.3–27.2,14.0,10.8,56.7,21.3,27.9,
2026,1501+,M S Ramaiah University of Applied Sciences (RUAS),10.3–27.2,21.8,9.0,31.0,20.2,18.7,
2026,1501+,Mugla Sitki Kocman University,10.3–27.2,15.6,11.4,21.1,21.9,26.4,
2026,1501+,Muhimbili University of Health and Allied Sciences,10.3–27.2,21.6,14.9,30.3,27.5,54.6,
2026,1501+,Muroran Institute of Technology,10.3–27.2,20.2,10.4,24.8,47.8,43.6,
2026,1501+,Muş Alparslan University,10.3–27.2,12.1,11.0,32.6,16.8,21.6,
2026,1501+,Mustansiriyah University,10.3–27.2,26.8,9.8,19.8,23.9,34.7,
2026,1501+,Nagaoka University of Technology,10.3–27.2,31.4,16.8,18.4,68.0,41.4,
2026,1501+,Nagoya Institute of Technology,10.3–27.2,22.8,22.0,25.3,75.3,29.5,
2026,1501+,Naresuan University,10.3–27.2,23.6,13.0,20.6,47.0,30.0,
2026,1501+,National Changhua University of Education,10.3–27.2,21.6,20.7,20.4,47.7,29.2,
2026,1501+,National Chiayi University,10.3–27.2,15.1,14.3,21.2,60.6,23.1,
2026,1501+,National Chi Nan University,10.3–27.2,19.8,16.0,13.9,66.8,33.1,
2026,1501+,National Chin-Yi University of Technology,10.3–27.2,15.0,26.6,27.3,50.3,36.5,
2026,1501+,National Formosa University,10.3–27.2,15.0,11.7,8.9,46.3,20.3,
2026,1501+,National Ilan University,10.3–27.2,14.3,14.1,19.5,47.0,31.5,
2026,1501+,"National Institute of Applied Sciences, Strasbourg (INSA Strasbourg)",10.3–27.2,23.2,9.3,28.0,36.9,69.8,
2026,1501+,National Pingtung University of Science and Technology,10.3–27.2,16.4,14.3,20.7,49.6,30.8,
2026,1501+,"National Pirogov Memorial Medical University, Vinnytsya",10.3–27.2,29.9,9.0,4.6,18.2,41.4,
2026,1501+,National Research University of Electronic Technology (MIET),10.3–27.2,45.5,15.5,7.9,52.1,22.7,
2026,1501+,National Taipei University,10.3–27.2,19.4,15.4,19.5,51.6,31.5,
2026,1501+,National Technical University Kharkiv Polytechnic Institute,10.3–27.2,24.5,9.2,15.7,19.0,33.1,
2026,1501+,National Technical University of Ukraine – Igor Sikorsky Kyiv Polytechnic Institute,10.3–27.2,21.6,10.6,16.7,24.0,22.5,
2026,1501+,National United University,10.3–27.2,13.3,12.7,16.8,54.2,22.4,
2026,1501+,National University of Colombia,10.3–27.2,21.9,15.4,34.3,35.9,41.0,
2026,1501+,National University of Córdoba,10.3–27.2,18.9,10.4,21.2,21.3,38.0,
2026,1501+,National University of Costa Rica,10.3–27.2,21.6,9.2,10.1,17.6,45.1,
2026,1501+,National University of Cuyo,10.3–27.2,17.0,10.3,19.3,23.5,40.3,
2026,1501+,National University of Kaohsiung,10.3–27.2,13.1,19.5,13.3,37.1,33.5,
2026,1501+,National University of La Plata,10.3–27.2,23.5,12.4,21.5,26.5,62.6,
2026,1501+,National University of Life and Environmental Sciences of Ukraine,10.3–27.2,16.7,9.2,20.5,23.5,25.7,
2026,1501+,National University of Medical Sciences (NUMS),10.3–27.2,23.6,10.0,13.0,19.0,26.3,
2026,1501+,National University of Mongolia,10.3–27.2,15.6,9.4,15.5,21.7,55.4,
2026,1501+,National University of Quilmes,10.3–27.2,12.7,9.2,10.8,22.3,32.9,
2026,1501+,National University of Rosario (UNR),10.3–27.2,15.0,8.7,9.4,21.1,41.2,
2026,1501+,National University of San Martín,10.3–27.2,22.0,11.2,29.3,27.6,45.2,
2026,1501+,NED University of Engineering and Technology,10.3–27.2,13.4,12.5,22.9,26.9,51.7,
2026,1501+,Niğde Ömer Halisdemir University,10.3–27.2,17.2,10.3,31.0,20.7,31.1,
2026,1501+,Nihon University,10.3–27.2,15.5,8.9,19.6,45.4,24.4,
2026,1501+,Nile University,10.3–27.2,15.2,12.9,34.6,38.8,31.4,
2026,1501+,Nizhny Novgorod State Technical University n.a. R.E. Alekseev,10.3–27.2,20.0,9.0,6.9,40.8,28.1,
2026,1501+,Nnamdi Azikiwe University,10.3–27.2,23.3,8.6,36.2,19.2,36.0,
2026,1501+,North-Caucasus Federal University,10.3–27.2,28.1,8.7,11.3,19.8,31.8,
2026,1501+,North-Eastern Federal University,10.3–27.2,24.3,11.6,12.9,16.8,26.8,
2026,1501+,Northern (Arctic) Federal University named after M.V. Lomonosov,10.3–27.2,18.9,10.9,9.1,21.8,29.3,
2026,1501+,Northern Technical University,10.3–27.2,10.8,8.5,21.1,18.2,28.4,
2026,1501+,North Khorasan University of Medical Sciences,10.3–27.2,24.7,11.2,25.4,17.5,28.7,
2026,1501+,North-Western State Medical University named after I.I. Mechnikov,10.3–27.2,25.9,10.7,10.1,19.3,29.4,
2026,1501+,Novosibirsk State Technical University,10.3–27.2,18.1,12.9,14.3,32.8,37.9,
2026,1501+,Nueva Granada Military University,10.3–27.2,21.8,8.2,6.9,17.3,28.1,
2026,1501+,Obafemi Awolowo University,10.3–27.2,21.5,13.4,36.0,45.5,41.1,
2026,1501+,Ochanomizu University,10.3–27.2,25.8,18.7,20.2,38.4,40.6,
2026,1501+,October University for Modern Sciences and Arts (MSA),10.3–27.2,21.2,9.1,40.3,17.2,30.8,
2026,1501+,Odesa I.I. Mechnikov National University,10.3–27.2,24.7,9.1,8.5,16.9,26.2,
2026,1501+,Ogarev Mordovia State University,10.3–27.2,25.4,9.6,7.2,19.6,35.8,
2026,1501+,Oita University,10.3–27.2,26.5,12.1,19.7,34.9,23.3,
2026,1501+,Okayama University of Science,10.3–27.2,14.4,11.6,13.3,40.3,24.9,
2026,1501+,Oles Honchar Dnipro National University,10.3–27.2,19.2,9.5,9.1,17.7,21.3,
2026,1501+,Omsk State Technical University,10.3–27.2,15.6,8.2,5.0,19.9,25.2,
2026,1501+,Ondokuz Mayis University,10.3–27.2,19.7,11.3,29.6,26.2,37.2,
2026,1501+,Oran 1 University,10.3–27.2,26.2,8.8,11.5,19.2,37.7,
2026,1501+,Ordu University,10.3–27.2,14.2,10.7,27.8,17.2,19.4,
2026,1501+,Osaka Institute of Technology,10.3–27.2,14.4,13.4,13.8,38.6,26.1,
2026,1501+,Osaka Medical and Pharmaceutical University,10.3–27.2,27.5,13.9,32.2,53.2,19.2,
2026,1501+,Ovidius University of Constanța,10.3–27.2,20.1,9.9,14.2,18.3,27.2,
2026,1501+,Pace University-New York,10.3–27.2,35.5,8.3,24.9,32.1,49.8,
2026,1501+,Paisii Hilendarski University of Plovdiv,10.3–27.2,13.6,12.5,13.7,21.9,23.1,
2026,1501+,Pamukkale University,10.3–27.2,17.9,10.5,18.8,28.3,21.9,
2026,1501+,Paris Nanterre University,10.3–27.2,21.5,16.6,27.0,35.7,61.5,
2026,1501+,Pavlov First Saint Petersburg State Medical University,10.3–27.2,31.7,12.8,15.2,32.8,30.6,
2026,1501+,Payame Noor University,10.3–27.2,16.7,8.8,22.4,22.2,23.9,
2026,1501+,Pázmány Péter Catholic University,10.3–27.2,23.0,11.7,27.1,23.2,36.3,
2026,1501+,Penza State University,10.3–27.2,16.7,9.4,6.7,17.8,32.9,
2026,1501+,Perm National Research Polytechnic University,10.3–27.2,21.1,16.0,10.6,51.2,26.2,
2026,1501+,Perm State University,10.3–27.2,18.4,12.0,7.9,24.5,27.8,
2026,1501+,Petersburg State Transport University,10.3–27.2,16.6,11.4,15.0,49.0,39.5,
2026,1501+,Petrozavodsk State University,10.3–27.2,18.2,12.2,14.7,35.4,28.8,
2026,1501+,Pirogov Russian National Research Medical University,10.3–27.2,44.2,14.5,18.2,40.6,29.7,
2026,1501+,Plekhanov Russian University of Economics,10.3–27.2,26.8,13.3,25.0,23.3,44.2,
2026,1501+,Polytechnic Institute of Porto,10.3–27.2,14.7,13.1,40.0,34.0,32.3,
2026,1501+,Polytechnic Institute of Setúbal,10.3–27.2,18.2,9.1,18.5,18.1,35.8,
2026,1501+,Polytechnic University of Bucharest,10.3–27.2,18.7,9.7,30.5,39.2,22.6,
2026,1501+,Polytechnic University of Timişoara,10.3–27.2,18.0,9.8,33.6,36.4,24.1,
2026,1501+,Pontifical Catholic University of Argentina,10.3–27.2,24.5,8.2,17.2,16.7,46.8,
2026,1501+,Pontifical Catholic University of Minas Gerais,10.3–27.2,16.3,10.2,13.7,19.5,25.5,
2026,1501+,Pontifical Catholic University of Peru,10.3–27.2,26.1,10.8,30.9,24.1,42.7,
2026,1501+,Pontifical Catholic University of Valparaíso,10.3–27.2,17.4,17.6,33.0,33.8,51.3,
2026,1501+,Pontificia Universidad Católica del Ecuador,10.3–27.2,14.1,9.3,21.4,16.7,53.3,
2026,1501+,Pontificia Universidad Javeriana,10.3–27.2,21.1,13.0,31.8,24.4,43.0,
2026,1501+,Poznan University of Technology,10.3–27.2,25.7,14.0,34.7,47.7,31.2,
2026,1501+,Presidency University,10.3–27.2,17.1,7.6,31.1,18.5,19.6,
2026,1501+,Privolzhsky Research Medical University,10.3–27.2,25.8,12.3,5.9,19.7,43.0,
2026,1501+,PSG College of Technology,10.3–27.2,21.5,9.8,25.1,37.5,18.5,
2026,1501+,Qom University of Medical Sciences,10.3–27.2,35.8,11.5,34.7,24.6,25.8,
2026,1501+,Razi University,10.3–27.2,27.1,14.7,35.7,46.1,28.8,
2026,1501+,Recep Tayyip Erdoğan University,10.3–27.2,20.5,12.4,44.2,30.9,24.5,
2026,1501+,Regional Autonomous University of the Andes (UNIANDES),10.3–27.2,20.7,10.5,5.0,16.3,24.7,
2026,1501+,REVA University,10.3–27.2,16.9,8.5,41.3,19.3,23.4,
2026,1501+,Rikkyo University,10.3–27.2,18.5,9.6,41.0,21.4,56.4,
2026,1501+,Ritsumeikan University,10.3–27.2,20.7,16.2,28.4,63.4,46.9,
2026,1501+,Russian Presidential Academy of National Economy and Public Administration,10.3–27.2,23.9,22.5,21.3,27.3,24.4,
2026,1501+,Russian State University for the Humanities,10.3–27.2,15.2,13.9,16.2,16.0,22.7,
2026,1501+,Russian University of Transport (MIIT),10.3–27.2,18.1,12.1,8.0,37.4,26.4,
2026,1501+,R V College of Engineering,10.3–27.2,28.9,10.9,25.2,30.6,17.1,
2026,1501+,Ryukoku University,10.3–27.2,15.9,10.5,16.2,24.2,31.8,
2026,1501+,Rzeszów University of Technology,10.3–27.2,20.1,8.3,23.4,24.8,25.7,
2026,1501+,Sabzevar University of Medical Sciences,10.3–27.2,24.4,9.7,48.4,17.7,25.2,
2026,1501+,Saga University,10.3–27.2,25.4,14.7,25.4,66.9,27.2,
2026,1501+,Saint Petersburg State Pediatric Medical University,10.3–27.2,25.6,11.2,8.0,17.5,35.2,
2026,1501+,Saints Cyril and Methodius University in Skopje,10.3–27.2,21.3,10.2,23.9,32.6,43.8,
2026,1501+,Saitama Medical University,10.3–27.2,27.0,10.8,42.7,44.8,19.1,
2026,1501+,Saitama University,10.3–27.2,21.8,18.9,21.3,57.2,38.9,
2026,1501+,Sakarya University of Applied Sciences,10.3–27.2,13.2,9.8,32.7,16.4,42.8,
2026,1501+,Samara National Research University (Samara University),10.3–27.2,27.1,14.1,16.2,34.2,31.6,
2026,1501+,Samara State Medical University,10.3–27.2,42.8,10.7,6.0,33.2,31.6,
2026,1501+,Samara State Technical University,10.3–27.2,17.0,10.5,8.3,33.3,22.1,
2026,1501+,Satbayev University,10.3–27.2,26.7,14.7,19.3,32.3,77.5,
2026,1501+,SGH Warsaw School of Economics,10.3–27.2,25.3,21.6,31.8,16.4,39.7,
2026,1501+,Shahed University,10.3–27.2,26.0,13.1,26.6,32.4,20.4,
2026,1501+,Shahid Sadoughi University of Medical Sciences,10.3–27.2,41.5,11.1,30.1,20.4,23.2,
2026,1501+,Shanxi Medical University,10.3–27.2,24.2,11.6,29.8,23.9,19.6,
2026,1501+,Shibaura Institute of Technology,10.3–27.2,18.2,18.7,23.6,45.8,45.0,
2026,1501+,Shimane University,10.3–27.2,26.0,13.0,21.5,41.1,30.4,
2026,1501+,Shizuoka University,10.3–27.2,20.9,16.5,18.5,66.1,33.6,
2026,1501+,Shree Guru Gobind Singh Tricentenary University,10.3–27.2,24.2,10.1,43.2,16.2,24.5,
2026,1501+,Siberian State Medical University,10.3–27.2,21.3,11.1,4.0,17.5,34.8,
2026,1501+,Sikkim Manipal University,10.3–27.2,20.8,9.6,29.6,22.1,24.6,
2026,1501+,Silpakorn University,10.3–27.2,21.4,15.6,19.6,46.4,30.4,
2026,1501+,Sinop University,10.3–27.2,9.9,12.5,40.8,18.2,31.4,
2026,1501+,Sivas Cumhuriyet University,10.3–27.2,14.9,9.9,33.4,19.2,34.7,
2026,1501+,Slovak University of Technology in Bratislava,10.3–27.2,28.7,14.5,24.7,45.4,45.0,
2026,1501+,Sofia University,10.3–27.2,27.1,12.3,21.7,24.7,36.0,
2026,1501+,"Soochow University, Taiwan",10.3–27.2,14.6,18.0,23.0,27.4,34.9,
2026,1501+,Sophia University,10.3–27.2,22.5,11.1,13.9,33.6,50.0,
2026,1501+,Southern Federal University,10.3–27.2,23.8,16.3,24.6,38.7,47.6,
2026,1501+,Southwest Petroleum University,10.3–27.2,17.7,15.3,37.5,77.1,20.4,
2026,1501+,Sri Lanka Institute of Information Technology,10.3–27.2,11.1,10.0,20.0,45.8,18.5,
2026,1501+,Srinakharinwirot University,10.3–27.2,23.3,10.5,19.5,20.5,24.1,
2026,1501+,Sri Ramachandra Institute of Higher Education and Research,10.3–27.2,25.4,12.6,16.3,25.7,29.5,
2026,1501+,Sri Venkateswara University,10.3–27.2,36.9,10.6,23.6,26.3,29.2,
2026,1501+,State Islamic University of Sunan Gunung Djati Bandung,10.3–27.2,10.7,9.1,25.0,16.2,19.1,
2026,1501+,"State University ""Kyiv Aviation Institute""",10.3–27.2,22.3,9.0,34.8,17.2,24.5,
2026,1501+,State University of Bahia,10.3–27.2,22.1,8.8,5.2,17.1,22.3,
2026,1501+,State University of Malang,10.3–27.2,21.1,11.5,34.5,26.4,37.5,
2026,1501+,State University of Ponta Grossa,10.3–27.2,26.2,19.0,16.9,20.6,28.1,
2026,1501+,State University of Santa Cruz,10.3–27.2,26.1,10.1,16.4,19.3,36.1,
2026,1501+,State University of Southwestern Bahia (UESB),10.3–27.2,26.6,8.7,6.0,16.5,19.5,
2026,1501+,Ştefan cel Mare University of Suceava,10.3–27.2,17.4,15.8,39.7,22.0,37.3,
2026,1501+,St Petersburg Electrotechnical University (LETI),10.3–27.2,22.2,15.2,19.7,39.2,39.1,
2026,1501+,Széchenyi István University,10.3–27.2,18.9,13.1,27.8,27.9,33.1,
2026,1501+,Tamil Nadu Agricultural University,10.3–27.2,35.8,13.3,20.7,31.1,17.8,
2026,1501+,Tamkang University,10.3–27.2,16.1,12.4,40.1,50.5,44.6,
2026,1501+,Taras Shevchenko National University of Kyiv,10.3–27.2,25.7,15.4,22.4,28.6,30.5,
2026,1501+,Tashkent University of Information Technologies,10.3–27.2,17.6,9.2,49.5,27.8,23.2,
2026,1501+,Technical University of Cartagena,10.3–27.2,28.6,13.8,31.2,41.0,42.4,
2026,1501+,Technical University of Cluj-Napoca,10.3–27.2,17.8,13.9,36.4,41.7,27.3,
2026,1501+,Technical University of Crete,10.3–27.2,15.6,15.1,45.0,45.1,38.9,
2026,1501+,Technical University of Košice,10.3–27.2,26.8,16.8,26.4,42.9,51.7,
2026,1501+,Technical University of Liberec,10.3–27.2,22.2,16.9,20.3,37.6,47.7,
2026,1501+,Technical University of Sofia,10.3–27.2,22.9,11.5,22.1,37.7,24.7,
2026,1501+,Technological University of Pereira,10.3–27.2,16.7,7.7,10.0,20.5,34.3,
2026,1501+,Tecnológico de Costa Rica,10.3–27.2,20.1,8.6,14.7,17.8,39.1,
2026,1501+,Teikyo University,10.3–27.2,16.2,14.0,29.6,41.7,27.7,
2026,1501+,Tekirdağ Namık Kemal University,10.3–27.2,13.1,9.6,17.6,18.4,25.0,
2026,1501+,Telkom University,10.3–27.2,16.5,12.8,32.7,36.1,53.9,
2026,1501+,Temuco Catholic University,10.3–27.2,21.6,11.0,14.8,18.8,45.1,
2026,1501+,The University of Danang,10.3–27.2,10.4,9.4,32.0,24.7,48.1,
2026,1501+,Thiagarajar College of Engineering,10.3–27.2,19.6,9.0,26.7,20.0,19.2,
2026,1501+,Tikrit University,10.3–27.2,30.4,9.4,15.6,16.6,21.9,
2026,1501+,Toho University,10.3–27.2,24.4,15.4,33.9,59.5,21.5,
2026,1501+,Tokat Gaziosmanpaşa University,10.3–27.2,19.0,10.0,36.5,23.2,36.3,
2026,1501+,Tokyo City University,10.3–27.2,17.9,12.0,15.7,47.3,29.7,
2026,1501+,Tokyo Denki University,10.3–27.2,15.2,8.9,14.2,48.5,21.5,
2026,1501+,Tokyo Metropolitan University,10.3–27.2,29.7,16.2,29.8,52.8,33.5,
2026,1501+,Tokyo University of Agriculture,10.3–27.2,19.9,9.8,22.8,34.7,26.4,
2026,1501+,Tokyo University of Marine Science and Technology,10.3–27.2,30.2,17.8,22.7,58.1,46.0,
2026,1501+,Tokyo University of Technology,10.3–27.2,16.3,12.9,11.6,31.7,33.1,
2026,1501+,Tomsk State University of Control Systems and Radioelectronics,10.3–27.2,22.9,16.9,15.0,52.9,37.5,
2026,1501+,Tottori University,10.3–27.2,28.4,14.0,22.6,55.3,25.8,
2026,1501+,Toyama Prefectural University,10.3–27.2,22.8,9.5,7.9,32.6,23.4,
2026,1501+,Toyo University,10.3–27.2,15.6,9.1,11.0,30.5,35.3,
2026,1501+,Trakia University,10.3–27.2,20.9,10.3,8.3,19.4,26.9,
2026,1501+,Trakya University,10.3–27.2,13.9,9.2,20.5,19.9,30.5,
2026,1501+,Transilvania University of Brașov,10.3–27.2,14.8,13.4,47.7,35.9,40.5,
2026,1501+,Tribhuvan University,10.3–27.2,13.6,7.8,46.7,18.1,45.7,
2026,1501+,Tula State University,10.3–27.2,14.0,8.4,4.4,17.7,22.4,
2026,1501+,Tunghai University,10.3–27.2,15.7,15.4,40.8,44.2,48.4,
2026,1501+,Ubon Ratchathani University,10.3–27.2,15.7,10.1,43.0,27.0,30.7,
2026,1501+,Ufa State Petroleum Technological University,10.3–27.2,23.8,7.9,12.4,17.4,31.1,
2026,1501+,Ukrainian State University of Science and Technologies,10.3–27.2,19.8,8.9,12.0,20.9,24.5,
2026,1501+,UNIR – International University of La Rioja,10.3–27.2,12.6,15.6,35.9,20.6,57.4,
2026,1501+,Unisinos University,10.3–27.2,21.6,20.7,26.1,55.3,30.7,
2026,1501+,Universidad Andrés Bello (UNAB),10.3–27.2,15.7,10.8,37.6,22.4,52.5,
2026,1501+,Universidad Autónoma de Chile,10.3–27.2,13.0,13.3,39.9,20.7,55.5,
2026,1501+,Universidad Autónoma de Coahuila,10.3–27.2,21.5,8.1,12.0,17.1,27.1,
2026,1501+,Universidad Autónoma del Estado de Hidalgo,10.3–27.2,17.7,9.2,10.0,19.2,26.9,
2026,1501+,Universidad Autónoma del Estado de Mexico (UAEMex),10.3–27.2,23.1,10.0,7.9,18.3,26.6,
2026,1501+,Universidad Autónoma de Nuevo León (UANL),10.3–27.2,12.9,9.7,17.0,22.4,32.8,
2026,1501+,Universidad Autónoma de Querétaro,10.3–27.2,22.7,11.3,19.4,29.8,28.3,
2026,1501+,Universidad Autónoma de Yucatán,10.3–27.2,16.0,9.8,11.5,24.1,31.6,
2026,1501+,Universidad Católica de la Santísima Concepción,10.3–27.2,11.7,18.2,26.9,17.6,50.3,
2026,1501+,Universidad Católica del Maule,10.3–27.2,16.1,15.8,26.0,17.8,54.6,
2026,1501+,Universidad Científica del Sur,10.3–27.2,21.4,9.2,14.4,16.3,41.4,
2026,1501+,Universidad de Cartagena,10.3–27.2,13.4,10.0,55.2,18.9,39.8,
2026,1501+,Universidad de las Fuerzas Armadas – ESPE,10.3–27.2,13.0,8.0,12.8,21.1,35.5,
2026,1501+,Universidad del Valle,10.3–27.2,24.9,9.4,13.5,21.1,40.1,
2026,1501+,Universidad Distrital Francisco José de Caldas,10.3–27.2,17.5,9.1,12.0,19.3,30.8,
2026,1501+,Universidade do Estado de Santa Catarina,10.3–27.2,31.5,11.8,16.2,27.4,23.9,
2026,1501+,Universidade do Estado do Rio de Janeiro (UERJ),10.3–27.2,32.2,12.3,24.5,23.2,29.7,
2026,1501+,Universidade Estadual de Feira de Santana (UEFS),10.3–27.2,21.4,9.8,18.7,17.9,28.3,
2026,1501+,Universidade Estadual de Maringá,10.3–27.2,31.8,14.2,19.2,26.8,23.7,
2026,1501+,Universidade Estadual do Maranhão,10.3–27.2,15.8,9.2,8.6,16.2,24.0,
2026,1501+,Universidade Estadual do Norte Fluminense Darcy Ribeiro,10.3–27.2,29.8,11.9,21.6,21.9,35.0,
2026,1501+,Universidade Estadual do Oeste do Paraná (Unioeste),10.3–27.2,25.3,10.0,8.1,17.9,21.7,
2026,1501+,Universidade Federal da Bahia,10.3–27.2,27.1,14.6,30.0,25.1,33.0,
2026,1501+,Universidade Federal de Ciências da Saúde de Porto Alegre (UFCSPA),10.3–27.2,23.2,13.1,27.5,30.4,30.3,
2026,1501+,Universidade Federal de Juiz de Fora,10.3–27.2,23.7,13.1,34.7,25.1,31.5,
2026,1501+,Universidade Federal de Ouro Preto (UFOP),10.3–27.2,22.3,22.2,23.5,35.2,26.0,
2026,1501+,Universidade Federal de Sergipe,10.3–27.2,20.1,10.6,27.5,22.8,29.9,
2026,1501+,Universidade Federal do ABC (UFABC),10.3–27.2,18.8,17.3,36.0,28.9,45.1,
2026,1501+,Universidade Federal do Maranhão (UFMA),10.3–27.2,15.0,12.0,15.8,24.6,24.2,
2026,1501+,Universidade Federal Rural do Semi-Arido,10.3–27.2,18.0,8.5,7.4,16.3,19.1,
2026,1501+,Universidade Lusófona,10.3–27.2,23.6,9.9,36.9,20.7,54.9,
2026,1501+,Universidade Nove de Julho (Uninove),10.3–27.2,23.6,9.1,12.0,17.8,32.1,
2026,1501+,Universidad Francisco de Vitoria,10.3–27.2,15.5,12.7,46.3,18.3,41.3,
2026,1501+,Universidad Industrial de Santander (UIS),10.3–27.2,16.2,11.4,14.4,24.2,39.1,
2026,1501+,Universidad Loyola,10.3–27.2,16.2,16.5,41.9,20.2,48.7,
2026,1501+,Universidad Mayor,10.3–27.2,19.7,8.9,33.2,17.6,48.2,
2026,1501+,Universidad Michoacana de San Nicolás de Hidalgo,10.3–27.2,15.5,8.9,13.5,19.4,29.5,
2026,1501+,Universidad Nacional Agraria La Molina,10.3–27.2,23.9,8.0,11.1,16.8,44.8,
2026,1501+,Universidad Nacional de Asunción,10.3–27.2,22.4,9.6,24.9,20.4,47.2,
2026,1501+,Universidad Nacional del Litoral,10.3–27.2,13.5,9.6,16.9,25.2,33.3,
2026,1501+,Universidad Nacional Mayor de San Marcos,10.3–27.2,20.6,10.6,13.8,16.6,34.0,
2026,1501+,Universidad Panamericana (UP),10.3–27.2,24.5,9.2,12.5,19.3,46.9,
2026,1501+,Universidad Pedagogica y Tecnologica de Colombia - UPTC,10.3–27.2,13.9,8.0,6.0,16.4,34.1,
2026,1501+,Universidad Peruana de Ciencias Aplicadas (UPC),10.3–27.2,12.0,8.8,13.6,17.2,33.5,
2026,1501+,Universidad Politécnica Salesiana,10.3–27.2,13.1,9.6,14.6,20.3,33.2,
2026,1501+,Universidad Pontificia Bolivariana (UPB),10.3–27.2,25.5,12.0,12.3,36.1,34.8,
2026,1501+,Universidad San Ignacio de Loyola,10.3–27.2,12.0,10.1,29.4,16.7,40.9,
2026,1501+,Universidad Santo Tomás,10.3–27.2,13.4,10.7,15.4,16.6,45.6,
2026,1501+,Universidad Técnica de Manabí,10.3–27.2,9.6,9.3,8.9,16.1,60.0,
2026,1501+,Universidad Técnica Particular de Loja,10.3–27.2,13.4,8.5,12.1,20.1,44.9,
2026,1501+,Universitas Ahmad Dahlan,10.3–27.2,12.0,11.3,43.6,25.8,38.8,
2026,1501+,Universitas Andalas,10.3–27.2,17.8,11.9,22.6,37.8,42.3,
2026,1501+,Universitas Muhammadiyah Malang,10.3–27.2,11.6,9.6,31.4,16.5,29.5,
2026,1501+,Universitas Muhammadiyah Yogyakarta,10.3–27.2,12.4,11.9,25.4,18.3,49.0,
2026,1501+,Universitas Negeri Jakarta,10.3–27.2,21.2,11.2,23.2,16.0,21.2,
2026,1501+,Universitas Negeri Padang,10.3–27.2,12.8,8.6,52.3,16.8,42.0,
2026,1501+,Universitas Negeri Semarang,10.3–27.2,13.2,11.7,44.7,17.1,30.4,
2026,1501+,Universitas Negeri Surabaya,10.3–27.2,13.8,10.6,25.7,21.1,37.0,
2026,1501+,Universitas Negeri Yogyakarta,10.3–27.2,19.2,12.1,46.0,24.3,35.7,
2026,1501+,Universitas Pendidikan Indonesia,10.3–27.2,20.3,11.9,32.2,20.7,28.4,
2026,1501+,Universitas Sriwijaya,10.3–27.2,14.3,9.5,14.8,18.7,19.8,
2026,1501+,Universitas Sumatera Utara,10.3–27.2,17.8,11.3,27.6,21.2,37.7,
2026,1501+,Universitas Syiah Kuala,10.3–27.2,17.5,9.6,48.0,19.5,25.6,
2026,1501+,Université 8 Mai 1945 Guelma,10.3–27.2,18.7,8.6,30.6,19.5,35.6,
2026,1501+,Université Cheikh Anta Diop de Dakar (UCAD),10.3–27.2,16.3,10.7,17.5,23.9,52.2,
2026,1501+,Université Chouaïb Doukkali,10.3–27.2,15.8,11.6,40.1,21.5,28.3,
2026,1501+,Université de Gabès,10.3–27.2,20.3,11.5,35.0,20.5,44.2,
2026,1501+,Université de Skikda,10.3–27.2,13.0,7.7,48.6,16.9,42.2,
2026,1501+,Université Frères Mentouri Constantine 1,10.3–27.2,20.2,8.8,15.2,19.2,36.8,
2026,1501+,Université Hassan II de Casablanca,10.3–27.2,22.3,9.4,44.6,27.0,28.5,
2026,1501+,Université Kasdi Merbah Ouargla,10.3–27.2,28.2,10.2,21.0,17.3,32.6,
2026,1501+,Université Mouloud Mammeri de Tizi-Ouzou,10.3–27.2,18.2,8.0,6.6,17.1,41.1,
2026,1501+,Université Polytechnique Hauts-de-France,10.3–27.2,17.4,8.3,35.3,57.7,68.2,
2026,1501+,Université Saint-Joseph de Beyrouth,10.3–27.2,32.2,10.9,24.9,28.2,73.7,
2026,1501+,Université Sorbonne Nouvelle,10.3–27.2,28.0,12.0,23.3,37.4,67.3,
2026,1501+,Université Sultan Moulay Slimane,10.3–27.2,18.6,13.0,46.0,18.2,22.9,
2026,1501+,Universiti Kuala Lumpur,10.3–27.2,20.6,9.6,23.6,28.8,39.3,
2026,1501+,Universiti Malaysia Kelantan,10.3–27.2,16.1,14.8,35.5,37.7,49.8,
2026,1501+,Universiti Malaysia Perlis,10.3–27.2,23.5,13.9,34.2,35.2,39.6,
2026,1501+,Universiti Malaysia Sabah (UMS),10.3–27.2,23.9,12.2,28.1,28.8,42.1,
2026,1501+,Universiti Teknikal Malaysia Melaka,10.3–27.2,26.9,11.4,27.3,37.4,48.3,
2026,1501+,Universiti Teknologi MARA,10.3–27.2,21.2,17.1,33.9,46.5,29.8,
2026,1501+,Universiti Tun Hussein Onn Malaysia (UTHM),10.3–27.2,23.2,15.3,36.3,30.2,46.6,
2026,1501+,University Abdelhamid Ibn Badis Mostaganem,10.3–27.2,22.1,7.9,10.7,16.6,35.5,
2026,1501+,University Cadi Ayyad of Marrakech,10.3–27.2,23.3,10.9,43.0,24.5,38.3,
2026,1501+,University for Development Studies,10.3–27.2,24.4,10.7,35.2,18.4,49.2,
2026,1501+,University Mohamed Boudiaf of M’Sila,10.3–27.2,18.5,9.8,15.7,18.7,35.5,
2026,1501+,University of Abou Bekr Belkaïd Tlemcen,10.3–27.2,27.3,8.2,13.7,20.1,35.3,
2026,1501+,University of Al-Qadisiyah,10.3–27.2,21.5,7.9,40.5,16.6,29.8,
2026,1501+,University of Antofagasta,10.3–27.2,22.5,9.6,40.2,18.1,55.0,
2026,1501+,University of Babylon,10.3–27.2,28.4,9.0,33.4,21.9,22.1,
2026,1501+,University of Baghdad,10.3–27.2,28.3,14.8,28.2,29.3,20.0,
2026,1501+,University of Basrah,10.3–27.2,15.2,8.1,14.5,17.1,24.2,
2026,1501+,University of Batna 2,10.3–27.2,20.2,7.6,10.3,17.1,28.7,
2026,1501+,University of Béjaïa,10.3–27.2,17.4,8.7,19.0,19.5,43.8,
2026,1501+,University of Benin,10.3–27.2,15.6,9.2,50.5,17.8,35.5,
2026,1501+,University of Bío-Bío,10.3–27.2,14.9,6.8,17.2,18.7,46.8,
2026,1501+,University of Birjand,10.3–27.2,15.6,13.7,27.2,20.3,28.1,
2026,1501+,University of Biskra,10.3–27.2,18.2,8.3,23.6,18.7,38.5,
2026,1501+,University of Brawijaya,10.3–27.2,24.9,13.3,23.7,36.2,43.8,
2026,1501+,University of Calabar,10.3–27.2,20.4,9.6,39.7,17.0,39.0,
2026,1501+,University of Carthage,10.3–27.2,24.8,10.2,32.2,34.7,43.9,
2026,1501+,University of Cauca,10.3–27.2,19.2,8.7,8.1,34.7,36.8,
2026,1501+,University of Caxias do Sul,10.3–27.2,18.5,9.2,24.3,23.5,23.4,
2026,1501+,University of Chester,10.3–27.2,19.8,12.9,31.0,27.9,69.8,
2026,1501+,University of Costa Rica,10.3–27.2,20.9,10.2,33.9,23.2,45.6,
2026,1501+,University of Craiova,10.3–27.2,16.2,11.5,26.6,24.2,25.8,
2026,1501+,University of Cuenca,10.3–27.2,13.9,10.9,16.8,35.2,46.3,
2026,1501+,University of Dar es Salaam,10.3–27.2,14.5,11.1,26.5,21.9,47.2,
2026,1501+,University of Diyala,10.3–27.2,18.9,8.4,33.9,17.1,27.1,
2026,1501+,University of Economics in Prague,10.3–27.2,17.2,15.0,30.1,20.3,52.3,
2026,1501+,University of Fortaleza (UNIFOR),10.3–27.2,14.9,9.7,15.6,19.6,29.7,
2026,1501+,University of Fukui,10.3–27.2,27.7,12.4,18.7,42.9,26.8,
2026,1501+,University of Gdańsk,10.3–27.2,27.3,15.1,35.3,31.6,36.9,
2026,1501+,University of Guadalajara,10.3–27.2,17.9,9.3,17.2,19.6,29.7,
2026,1501+,University of Guanajuato,10.3–27.2,16.9,9.3,14.6,22.2,33.1,
2026,1501+,University of Havana,10.3–27.2,30.8,23.0,14.4,55.8,51.8,
2026,1501+,University of Hormozgan,10.3–27.2,23.2,15.5,33.9,23.1,30.1,
2026,1501+,University of Huelva,10.3–27.2,23.2,16.6,32.6,28.8,36.2,
2026,1501+,University of Hyogo,10.3–27.2,21.8,13.3,13.1,59.2,25.5,
2026,1501+,University of Jijel,10.3–27.2,15.9,8.7,15.5,17.3,33.9,
2026,1501+,University of Karachi,10.3–27.2,16.2,11.1,28.8,28.2,47.1,
2026,1501+,University of Kelaniya,10.3–27.2,17.0,8.4,23.2,19.7,33.3,
2026,1501+,University of Kerbala,10.3–27.2,22.3,8.1,16.9,16.4,27.5,
2026,1501+,University of Kirkuk,10.3–27.2,16.1,8.1,14.3,16.4,27.4,
2026,1501+,University of Kufa,10.3–27.2,23.6,9.0,38.1,16.9,24.3,
2026,1501+,University of Laghouat,10.3–27.2,17.4,8.2,20.5,17.1,40.9,
2026,1501+,University of Lampung,10.3–27.2,15.4,8.5,19.1,17.8,19.2,
2026,1501+,University of La Rochelle,10.3–27.2,19.7,12.6,33.6,30.2,65.5,
2026,1501+,University of La Sabana,10.3–27.2,20.9,11.2,46.2,21.3,41.8,
2026,1501+,University of Las Américas (UDLA),10.3–27.2,20.5,10.2,38.0,25.2,63.0,
2026,1501+,University of Lethbridge,10.3–27.2,20.8,14.7,29.6,41.6,59.4,
2026,1501+,University of Life Sciences in Lublin,10.3–27.2,24.2,12.0,32.5,23.4,23.8,
2026,1501+,University of Lodz,10.3–27.2,24.5,18.5,32.6,21.7,37.2,
2026,1501+,University of Los Lagos,10.3–27.2,15.6,14.6,21.0,16.6,48.5,
2026,1501+,University of Lucknow,10.3–27.2,29.5,10.0,23.2,19.2,27.2,
2026,1501+,University of Macedonia,10.3–27.2,17.7,18.0,43.8,31.8,27.5,
2026,1501+,University of Mascara,10.3–27.2,15.7,8.0,27.1,17.0,43.2,
2026,1501+,University of Mataram,10.3–27.2,11.8,8.4,39.0,17.6,26.3,
2026,1501+,University of Medellín,10.3–27.2,18.0,11.4,24.8,23.0,44.5,
2026,1501+,University of Miskolc,10.3–27.2,23.8,14.7,21.2,24.3,36.4,
2026,1501+,University of Miyazaki,10.3–27.2,27.0,12.6,23.2,49.6,26.4,
2026,1501+,University of Monastir,10.3–27.2,24.2,10.9,39.8,32.7,46.9,
2026,1501+,University of Montenegro,10.3–27.2,14.0,12.1,24.3,27.4,48.3,
2026,1501+,University of Moratuwa,10.3–27.2,12.9,14.5,40.2,36.2,26.2,
2026,1501+,University of Mosul,10.3–27.2,19.3,10.5,16.9,29.9,19.2,
2026,1501+,University of Nairobi,10.3–27.2,15.9,16.1,39.7,22.5,49.4,
2026,1501+,University of Namibia,10.3–27.2,14.5,9.0,27.2,17.7,60.4,
2026,1501+,University of Northampton,10.3–27.2,16.1,11.0,40.4,18.7,80.3,
2026,1501+,University of Novi Sad,10.3–27.2,19.9,11.5,32.8,59.6,38.8,
2026,1501+,University of Oradea,10.3–27.2,16.5,13.3,31.7,18.7,38.5,
2026,1501+,University of Ostrava,10.3–27.2,20.0,16.7,32.7,20.7,51.1,
2026,1501+,University of Oum El Bouaghi,10.3–27.2,23.8,14.5,30.8,30.1,32.0,
2026,1501+,University of Pannonia,10.3–27.2,22.7,17.7,29.9,31.8,35.9,
2026,1501+,University of Pardubice,10.3–27.2,19.7,18.6,22.8,37.8,40.7,
2026,1501+,University of Passo Fundo (UPF),10.3–27.2,20.8,12.0,27.5,19.0,27.9,
2026,1501+,University of Pau and Pays de l’Adour,10.3–27.2,24.4,12.5,20.0,31.7,76.2,
2026,1501+,University of Pernambuco,10.3–27.2,17.6,9.3,13.2,19.7,27.2,
2026,1501+,University of Phayao,10.3–27.2,13.7,10.7,33.5,19.9,24.1,
2026,1501+,University of Port Harcourt,10.3–27.2,20.6,8.8,19.5,21.2,37.6,
2026,1501+,University of Primorska,10.3–27.2,20.0,17.4,25.1,23.0,62.2,
2026,1501+,University of Prishtina,10.3–27.2,13.5,12.6,20.0,20.5,40.2,
2026,1501+,University of Qom,10.3–27.2,28.4,12.5,25.5,21.6,45.4,
2026,1501+,University of Rijeka,10.3–27.2,20.1,19.4,31.3,36.4,30.6,
2026,1501+,University of Rwanda,10.3–27.2,14.1,14.9,25.6,21.1,57.5,
2026,1501+,University of Rzeszów,10.3–27.2,22.7,14.0,25.3,22.7,28.2,
2026,1501+,University of San Martín de Porres,10.3–27.2,15.7,8.9,28.5,18.4,36.6,
2026,1501+,"University of Santiago, Chile (USACH)",10.3–27.2,17.4,15.9,29.5,30.1,47.5,
2026,1501+,University of Santo Tomas,10.3–27.2,23.0,10.2,32.1,21.1,59.5,
2026,1501+,University of Sarajevo,10.3–27.2,21.2,11.5,23.4,33.0,29.5,
2026,1501+,University of Science and Technology of Oran Mohamed-Boudiaf,10.3–27.2,38.6,8.4,11.1,22.4,31.9,
2026,1501+,University of Sciences and Technology Houari Boumediene,10.3–27.2,19.7,8.3,14.5,25.1,32.3,
2026,1501+,University of Shizuoka,10.3–27.2,23.4,12.5,16.3,59.6,25.1,
2026,1501+,University of Silesia in Katowice,10.3–27.2,28.0,15.2,28.8,27.8,32.4,
2026,1501+,University of Sistan and Baluchestan,10.3–27.2,27.0,13.1,32.7,20.9,25.7,
2026,1501+,University of Sonora,10.3–27.2,14.1,8.5,13.8,27.8,34.1,
2026,1501+,University of Sousse,10.3–27.2,26.9,10.6,31.0,23.1,41.6,
2026,1501+,University of Sri Jayewardenepura,10.3–27.2,12.6,9.5,37.4,18.2,37.3,
2026,1501+,University of Sunderland,10.3–27.2,19.3,9.6,34.6,33.7,72.0,
2026,1501+,University of Szczecin,10.3–27.2,23.5,10.0,27.8,17.4,30.8,
2026,1501+,University of Taipei,10.3–27.2,17.5,19.1,16.1,27.1,32.7,
2026,1501+,University of Talca,10.3–27.2,20.1,13.7,32.6,37.6,52.0,
2026,1501+,University of Technology of Troyes,10.3–27.2,31.8,11.4,22.2,40.4,75.2,
2026,1501+,University of Texas Rio Grande Valley,10.3–27.2,18.0,9.6,45.8,23.7,43.4,
2026,1501+,"University of the Andes, Chile",10.3–27.2,22.2,16.1,32.0,22.4,48.1,
2026,1501+,"University of the Andes, Venezuela",10.3–27.2,17.3,8.6,10.0,24.8,50.2,
2026,1501+,University of the Arts London,10.3–27.2,23.9,11.8,25.4,19.3,74.1,
2026,1501+,"University of the North, Colombia",10.3–27.2,19.8,14.4,30.1,24.0,51.0,
2026,1501+,University of the Ryukyus,10.3–27.2,25.8,13.8,30.8,41.2,38.9,
2026,1501+,University of Thi-Qar,10.3–27.2,20.0,8.9,23.3,16.8,28.6,
2026,1501+,University of Toyama,10.3–27.2,28.4,15.3,28.4,67.3,32.9,
2026,1501+,University of Tunis,10.3–27.2,33.3,10.0,24.4,28.3,39.8,
2026,1501+,University of Valparaíso,10.3–27.2,16.9,13.1,22.5,20.6,46.7,
2026,1501+,University of Warmia and Mazury in Olsztyn,10.3–27.2,18.2,15.6,41.9,26.7,24.6,
2026,1501+,University of West Attica,10.3–27.2,10.2,11.6,43.1,30.1,25.2,
2026,1501+,University of West Bohemia,10.3–27.2,19.6,18.0,35.4,38.2,36.7,
2026,1501+,University of Western Macedonia,10.3–27.2,13.3,13.0,44.9,28.7,26.7,
2026,1501+,University of Worcester,10.3–27.2,17.1,12.0,37.9,23.6,59.2,
2026,1501+,University of Yamanashi,10.3–27.2,28.3,14.0,22.2,50.2,30.3,
2026,1501+,University of Zambia,10.3–27.2,16.4,11.1,31.1,24.0,57.4,
2026,1501+,University of Zanjan,10.3–27.2,25.9,13.7,38.0,27.9,28.6,
2026,1501+,University of Zimbabwe,10.3–27.2,14.2,10.6,43.8,20.9,51.3,
2026,1501+,Uşak University,10.3–27.2,12.5,10.9,25.8,17.1,31.0,
2026,1501+,Üsküdar University,10.3–27.2,13.3,9.0,23.6,19.1,46.7,
2026,1501+,Utsunomiya University,10.3–27.2,19.3,12.8,10.4,34.8,29.1,
2026,1501+,Uzhhorod National University,10.3–27.2,17.6,9.2,6.9,17.0,34.4,
2026,1501+,Vali-e-Asr University of Rafsanjan,10.3–27.2,15.3,10.5,48.4,20.0,26.8,
2026,1501+,Van Yüzüncü Yil University,10.3–27.2,22.0,19.5,22.4,30.4,23.0,
2026,1501+,Vasyl Stefanyk Carpathian National University,10.3–27.2,16.2,10.1,24.0,16.6,23.1,
2026,1501+,"Vels Institute of Science, Technology and Advanced Studies (VISTAS)",10.3–27.2,31.5,9.9,41.2,20.0,19.3,
2026,1501+,Vietnam National University (Ho Chi Minh City),10.3–27.2,14.6,12.0,31.6,39.8,33.1,
2026,1501+,"Vignan’s Foundation for Science, Technology and Research",10.3–27.2,23.0,9.1,35.1,19.6,25.8,
2026,1501+,Vilnius Gediminas Technical University (Vilnius Tech),10.3–27.2,20.8,17.9,31.0,47.3,53.5,
2026,1501+,Vinayaka Mission’s Research Foundation,10.3–27.2,26.2,8.6,44.4,16.5,19.3,
2026,1501+,V.N. Karazin Kharkiv National University,10.3–27.2,26.8,11.2,12.1,35.2,46.3,
2026,1501+,Volgograd State Medical University,10.3–27.2,24.1,9.3,6.0,18.3,41.2,
2026,1501+,Volgograd State Technical University,10.3–27.2,19.0,9.9,10.5,18.9,31.7,
2026,1501+,Volgograd State University,10.3–27.2,21.0,12.1,15.4,16.4,23.6,
2026,1501+,Voronezh State Technical University,10.3–27.2,20.3,7.9,12.5,19.7,27.6,
2026,1501+,Voronezh State University,10.3–27.2,23.5,11.0,7.1,18.7,34.9,
2026,1501+,Warsaw University of Life Sciences – SGGW,10.3–27.2,22.1,12.8,41.4,33.4,33.7,
2026,1501+,Wasit University,10.3–27.2,22.9,8.6,36.9,16.5,27.3,
2026,1501+,West University of Timişoara,10.3–27.2,22.7,13.3,43.7,19.2,34.7,
2026,1501+,Wrocław University of Environmental and Life Sciences,10.3–27.2,28.5,13.6,36.1,34.9,32.5,
2026,1501+,Yamagata University,10.3–27.2,28.2,15.1,27.7,71.8,32.1,
2026,1501+,Yamaguchi University,10.3–27.2,27.8,14.2,24.0,58.7,32.2,
2026,1501+,Yasouj University,10.3–27.2,19.9,14.5,42.2,23.8,26.3,
2026,1501+,Yeditepe University,10.3–27.2,23.9,14.1,28.9,57.2,41.9,
2026,1501+,Yerevan State University,10.3–27.2,25.4,9.1,12.4,22.3,41.6,
2026,1501+,Yuriy Fedkovych Chernivtsi National University,10.3–27.2,17.9,10.0,10.1,17.5,28.8,
2026,1501+,Ziane Achour University of Djelfa,10.3–27.2,17.7,8.4,10.2,16.8,31.9,
2026,1501+,Zonguldak Bülent Ecevit University,10.3–27.2,14.9,11.0,26.5,19.5,29.3,
2026,Reporter,Abai Kazakh National Pedagogical University,n/a,n/a,n/a,n/a,n/a,n/a,
2026,Reporter,Abasyn University,n/a,n/a,n/a,n/a,n/a,n/a,
2026,Reporter,Abbes Laghrour University of Khenchala,n/a,n/a,n/a,n/a,n/a,n/a,
2026,Reporter,Abdelhafid Boussouf University Center of Mila,n/a,n/a,n/a,n/a,n/a,n/a,
2026,Reporter,Abertay University,n/a,n/a,n/a,n/a,n/a,n/a,
2026,Reporter,Aditya University,n/a,n/a,n/a,n/a,n/a,n/a,
2026,Reporter,Admiralty University of Nigeria,n/a,n/a,n/a,n/a,n/a,n/a,
2026,Reporter,AECC University College,n/a,n/a,n/a,n/a,n/a,n/a,
2026,Reporter,Africa Renewal University,n/a,n/a,n/a,n/a,n/a,n/a,
2026,Reporter,Africa University,n/a,n/a,n/a,n/a,n/a,n/a,
2026,Reporter,Ahlia University,n/a,n/a,n/a,n/a,n/a,n/a,
2026,Reporter,Ahmed Draia University,n/a,n/a,n/a,n/a,n/a,n/a,
2026,Reporter,Ajeenkya DY Patil University,n/a,n/a,n/a,n/a,n/a,n/a,
2026,Reporter,Akenten Appiah-Menka University of Skills Training and Entrepreneurial Development,n/a,n/a,n/a,n/a,n/a,n/a,
2026,Reporter,Akhmet Yassawi University,n/a,n/a,n/a,n/a,n/a,n/a,
2026,Reporter,Akita Prefectural University,n/a,n/a,n/a,n/a,n/a,n/a,
2026,Reporter,Akli Mohand Oulhadj Bouira University,n/a,n/a,n/a,n/a,n/a,n/a,
2026,Reporter,Akwa Ibom State University,n/a,n/a,n/a,n/a,n/a,n/a,
2026,Reporter,Al-Amal College for Specialized Medical Sciences,n/a,n/a,n/a,n/a,n/a,n/a,
2026,Reporter,Al-Ameed University,n/a,n/a,n/a,n/a,n/a,n/a,
2026,Reporter,Alanya University,n/a,n/a,n/a,n/a,n/a,n/a,
2026,Reporter,Alasmarya Islamic University,n/a,n/a,n/a,n/a,n/a,n/a,
2026,Reporter,Al-Ayen University,n/a,n/a,n/a,n/a,n/a,n/a,
2026,Reporter,Al-Bayan University,n/a,n/a,n/a,n/a,n/a,n/a,
2026,Reporter,Aleksandër Moisiu University,n/a,n/a,n/a,n/a,n/a,n/a,
2026,Reporter,Al-Esraa University,n/a,n/a,n/a,n/a,n/a,n/a,
2026,Reporter,Al-Farahidi University,n/a,n/a,n/a,n/a,n/a,n/a,
2026,Reporter,Alfraganus University,n/a,n/a,n/a,n/a,n/a,n/a,
2026,Reporter,Al-Hadba University,n/a,n/a,n/a,n/a,n/a,n/a,
2026,Reporter,Al-Hadi University College,n/a,n/a,n/a,n/a,n/a,n/a,
2026,Reporter,Al-Hikmah University,n/a,n/a,n/a,n/a,n/a,n/a,
2026,Reporter,Alikhan Bokeikhan University,n/a,n/a,n/a,n/a,n/a,n/a,
2026,Reporter,Al-Iraqia University,n/a,n/a,n/a,n/a,n/a,n/a,
2026,Reporter,Alisher Navo’i Tashkent State University of Uzbek Language and Literature,n/a,n/a,n/a,n/a,n/a,n/a,
2026,Reporter,Al-Janad University for Science and Technology,n/a,n/a,n/a,n/a,n/a,n/a,
2026,Reporter,Al-Karkh University of Science,n/a,n/a,n/a,n/a,n/a,n/a,
2026,Reporter,Al-Kitab University,n/a,n/a,n/a,n/a,n/a,n/a,
2026,Reporter,Almaaqal University,n/a,n/a,n/a,n/a,n/a,n/a,
2026,Reporter,AlMaarefa University,n/a,n/a,n/a,n/a,n/a,n/a,
2026,Reporter,Al-Madinah International University (MEDIU),n/a,n/a,n/a,n/a,n/a,n/a,
2026,Reporter,Al-Mansour University College,n/a,n/a,n/a,n/a,n/a,n/a,
2026,Reporter,Almaty Humanitarian-Economic University,n/a,n/a,n/a,n/a,n/a,n/a,
2026,Reporter,Almaty Management University (AlmaU),n/a,n/a,n/a,n/a,n/a,n/a,
2026,Reporter,Almazov National Medical Research Centre,n/a,n/a,n/a,n/a,n/a,n/a,
2026,Reporter,Al-Mustaqbal University,n/a,n/a,n/a,n/a,n/a,n/a,
2026,Reporter,Al-Nisour University,n/a,n/a,n/a,n/a,n/a,n/a,
2026,Reporter,Alnoor University,n/a,n/a,n/a,n/a,n/a,n/a,
2026,Reporter,Al-Qalam University College,n/a,n/a,n/a,n/a,n/a,n/a,
2026,Reporter,Al-Rafidain University College,n/a,n/a,n/a,n/a,n/a,n/a,
2026,Reporter,Al Ryada University for Science and Technology - RST,n/a,n/a,n/a,n/a,n/a,n/a,
2026,Reporter,Al-Shatrah University,n/a,n/a,n/a,n/a,n/a,n/a,
2026,Reporter,Altoosi University,n/a,n/a,n/a,n/a,n/a,n/a,
2026,Reporter,Al Turath University,n/a,n/a,n/a,n/a,n/a,n/a,
2026,Reporter,Al-Yarmok University College,n/a,n/a,n/a,n/a,n/a,n/a,
2026,Reporter,Al-Zahraa University for Women,n/a,n/a,n/a,n/a,n/a,n/a,
2026,Reporter,Al-Zahrawi University College,n/a,n/a,n/a,n/a,n/a,n/a,
2026,Reporter,American University in Dubai,n/a,n/a,n/a,n/a,n/a,n/a,
2026,Reporter,American University in the Emirates (AUE),n/a,n/a,n/a,n/a,n/a,n/a,
2026,Reporter,American University of Ras Al Khaimah,n/a,n/a,n/a,n/a,n/a,n/a,
2026,Reporter,American University of Science,n/a,n/a,n/a,n/a,n/a,n/a,
2026,Reporter,"Amity University, Chhattisgarh",n/a,n/a,n/a,n/a,n/a,n/a,
2026,Reporter,"Amity University, Gwalior",n/a,n/a,n/a,n/a,n/a,n/a,
2026,Reporter,"Amity University, Mumbai",n/a,n/a,n/a,n/a,n/a,n/a,
2026,Reporter,Amman Arab University,n/a,n/a,n/a,n/a,n/a,n/a,
2026,Reporter,Amol University of Special Modern Technologies,n/a,n/a,n/a,n/a,n/a,n/a,
2026,Reporter,Andijan Machine-Building Institute,n/a,n/a,n/a,n/a,n/a,n/a,
2026,Reporter,Andijan State Medical Institute,n/a,n/a,n/a,n/a,n/a,n/a,
2026,Reporter,Andijan State Pedagogical Institute (ASPI),n/a,n/a,n/a,n/a,n/a,n/a,
2026,Reporter,Andijan State University,n/a,n/a,n/a,n/a,n/a,n/a,
2026,Reporter,Andrés Bello Catholic University (UCAB),n/a,n/a,n/a,n/a,n/a,n/a,
2026,Reporter,Anglo-American University,n/a,n/a,n/a,n/a,n/a,n/a,
2026,Reporter,Ankara Hacı Bayram Veli University,n/a,n/a,n/a,n/a,n/a,n/a,
2026,Reporter,Ankara Science University,n/a,n/a,n/a,n/a,n/a,n/a,
2026,Reporter,Arab International University (AIU),n/a,n/a,n/a,n/a,n/a,n/a,
2026,Reporter,Arab Open University,n/a,n/a,n/a,n/a,n/a,n/a,
2026,Reporter,Arish University,n/a,n/a,n/a,n/a,n/a,n/a,
2026,Reporter,Arkin University of Creative Arts and Design (ARUCAD),n/a,n/a,n/a,n/a,n/a,n/a,
2026,Reporter,Armenian National Agrarian University,n/a,n/a,n/a,n/a,n/a,n/a,
2026,Reporter,Armenian State University of Economics,n/a,n/a,n/a,n/a,n/a,n/a,
2026,Reporter,Arts University Bournemouth,n/a,n/a,n/a,n/a,n/a,n/a,
2026,Reporter,Arts University Plymouth,n/a,n/a,n/a,n/a,n/a,n/a,
2026,Reporter,Arturo Prat University,n/a,n/a,n/a,n/a,n/a,n/a,
2026,Reporter,Artvin Çoruh University,n/a,n/a,n/a,n/a,n/a,n/a,
2026,Reporter,Asahi University,n/a,n/a,n/a,n/a,n/a,n/a,
2026,Reporter,Asfendiyarov Kazakh National Medical University,n/a,n/a,n/a,n/a,n/a,n/a,
2026,Reporter,A'Sharqiyah University,n/a,n/a,n/a,n/a,n/a,n/a,
2026,Reporter,Ashoka University,n/a,n/a,n/a,n/a,n/a,n/a,
2026,Reporter,Astana International University AIU,n/a,n/a,n/a,n/a,n/a,n/a,
2026,Reporter,Astana Medical University,n/a,n/a,n/a,n/a,n/a,n/a,
2026,Reporter,Ateneo de Davao University,n/a,n/a,n/a,n/a,n/a,n/a,
2026,Reporter,Atlas University,n/a,n/a,n/a,n/a,n/a,n/a,
2026,Reporter,Atyrau University,n/a,n/a,n/a,n/a,n/a,n/a,
2026,Reporter,Audencia,n/a,n/a,n/a,n/a,n/a,n/a,
2026,Reporter,Augustine University,n/a,n/a,n/a,n/a,n/a,n/a,
2026,Reporter,“Aurel Vlaicu” University of Arad,n/a,n/a,n/a,n/a,n/a,n/a,
2026,Reporter,Autonomous University of Asunción,n/a,n/a,n/a,n/a,n/a,n/a,
2026,Reporter,Autonomous University of Chiapas,n/a,n/a,n/a,n/a,n/a,n/a,
2026,Reporter,Avance International University,n/a,n/a,n/a,n/a,n/a,n/a,
2026,Reporter,Avicenna - Batumi Medical University,n/a,n/a,n/a,n/a,n/a,n/a,
2026,Reporter,Avicenna Tajik State Medical University,n/a,n/a,n/a,n/a,n/a,n/a,
2026,Reporter,Azerbaijan Medical University,n/a,n/a,n/a,n/a,n/a,n/a,
2026,Reporter,Azerbaijan State Agricultural University,n/a,n/a,n/a,n/a,n/a,n/a,
2026,Reporter,Azerbaijan State Pedagogical University,n/a,n/a,n/a,n/a,n/a,n/a,
2026,Reporter,Azerbaijan University of Architecture and Construction,n/a,n/a,n/a,n/a,n/a,n/a,
2026,Reporter,Baba Guru Nanak University,n/a,n/a,n/a,n/a,n/a,n/a,
2026,Reporter,Badr University in Cairo (BUC),n/a,n/a,n/a,n/a,n/a,n/a,
2026,Reporter,Bakrie University,n/a,n/a,n/a,n/a,n/a,n/a,
2026,Reporter,Baku Engineering University,n/a,n/a,n/a,n/a,n/a,n/a,
2026,Reporter,Baku Higher Oil School,n/a,n/a,n/a,n/a,n/a,n/a,
2026,Reporter,Baku Slavic University,n/a,n/a,n/a,n/a,n/a,n/a,
2026,Reporter,"Bamidele Olumilua University of Education, Science and Technology, Ikere-Ekiti",n/a,n/a,n/a,n/a,n/a,n/a,
2026,Reporter,Bandirma Onyedi Eylül University,n/a,n/a,n/a,n/a,n/a,n/a,
2026,Reporter,Bangladesh University of Professionals,n/a,n/a,n/a,n/a,n/a,n/a,
2026,Reporter,Baqir Al Olum University,n/a,n/a,n/a,n/a,n/a,n/a,
2026,Reporter,Bath Spa University,n/a,n/a,n/a,n/a,n/a,n/a,
2026,Reporter,"Bauchi State University, Gadau",n/a,n/a,n/a,n/a,n/a,n/a,
2026,Reporter,Bayburt University,n/a,n/a,n/a,n/a,n/a,n/a,
2026,Reporter,Bayelsa Medical University,n/a,n/a,n/a,n/a,n/a,n/a,
2026,Reporter,Baze University,n/a,n/a,n/a,n/a,n/a,n/a,
2026,Reporter,Beaconhouse National University,n/a,n/a,n/a,n/a,n/a,n/a,
2026,Reporter,Begum Nusrat Bhutto (BNB) Women University Sukkur,n/a,n/a,n/a,n/a,n/a,n/a,
2026,Reporter,Belarusian State Medical University,n/a,n/a,n/a,n/a,n/a,n/a,
2026,Reporter,Belarusian State University of Informatics and Radioelectronics,n/a,n/a,n/a,n/a,n/a,n/a,
2026,Reporter,Bells University of Technology,n/a,n/a,n/a,n/a,n/a,n/a,
2026,Reporter,Bentley University,n/a,n/a,n/a,n/a,n/a,n/a,
2026,Reporter,Beykoz University,n/a,n/a,n/a,n/a,n/a,n/a,
2026,Reporter,Bicol University,n/a,n/a,n/a,n/a,n/a,n/a,
2026,Reporter,Bilad Alrafidain University,n/a,n/a,n/a,n/a,n/a,n/a,
2026,Reporter,Bila Tserkva National Agrarian University,n/a,n/a,n/a,n/a,n/a,n/a,
2026,Reporter,BIMM Music Institute Birmingham,n/a,n/a,n/a,n/a,n/a,n/a,
2026,Reporter,Birmingham Newman University,n/a,n/a,n/a,n/a,n/a,n/a,
2026,Reporter,Bishop Grosseteste University,n/a,n/a,n/a,n/a,n/a,n/a,
2026,Reporter,Bloomsbury Institute London,n/a,n/a,n/a,n/a,n/a,n/a,
2026,Reporter,Bohdan Khmelnytsky National University of Cherkasy,n/a,n/a,n/a,n/a,n/a,n/a,
2026,Reporter,Borys Grinchenko Kyiv Metropolitan University,n/a,n/a,n/a,n/a,n/a,n/a,
2026,Reporter,Bowen University,n/a,n/a,n/a,n/a,n/a,n/a,
2026,Reporter,Brainware University,n/a,n/a,n/a,n/a,n/a,n/a,
2026,Reporter,Buana Perjuangan University Karawang,n/a,n/a,n/a,n/a,n/a,n/a,
2026,Reporter,Buckinghamshire New University,n/a,n/a,n/a,n/a,n/a,n/a,
2026,Reporter,Budapest Business School,n/a,n/a,n/a,n/a,n/a,n/a,
2026,Reporter,Budapest Metropolitan University,n/a,n/a,n/a,n/a,n/a,n/a,
2026,Reporter,Bukhara Engineering Technological Institute,n/a,n/a,n/a,n/a,n/a,n/a,
2026,Reporter,Bukhara State Medical Institute,n/a,n/a,n/a,n/a,n/a,n/a,
2026,Reporter,Bukhara State University,n/a,n/a,n/a,n/a,n/a,n/a,
2026,Reporter,Bulacan State University,n/a,n/a,n/a,n/a,n/a,n/a,
2026,Reporter,Bundelkhand University,n/a,n/a,n/a,n/a,n/a,n/a,
2026,Reporter,Cagayan State University,n/a,n/a,n/a,n/a,n/a,n/a,
2026,Reporter,Çağ University,n/a,n/a,n/a,n/a,n/a,n/a,
2026,Reporter,"California State University, Chico",n/a,n/a,n/a,n/a,n/a,n/a,
2026,Reporter,Canadian International College - Cairo Campus of Cape Breton University Canada,n/a,n/a,n/a,n/a,n/a,n/a,
2026,Reporter,Capitol University,n/a,n/a,n/a,n/a,n/a,n/a,
2026,Reporter,Caraga State University - Ampayon Campus,n/a,n/a,n/a,n/a,n/a,n/a,
2026,Reporter,Carlemany University,n/a,n/a,n/a,n/a,n/a,n/a,
2026,Reporter,Catholic University in Erbil,n/a,n/a,n/a,n/a,n/a,n/a,
2026,Reporter,Catholic University of Ávila,n/a,n/a,n/a,n/a,n/a,n/a,
2026,Reporter,Catholic University of Córdoba,n/a,n/a,n/a,n/a,n/a,n/a,
2026,Reporter,Catholic University of Uruguay,n/a,n/a,n/a,n/a,n/a,n/a,
2026,Reporter,Cebu Technological University,n/a,n/a,n/a,n/a,n/a,n/a,
2026,Reporter,CECOS University of IT and Emerging Sciences,n/a,n/a,n/a,n/a,n/a,n/a,
2026,Reporter,Central Asian University CAU,n/a,n/a,n/a,n/a,n/a,n/a,
2026,Reporter,Central Bicol State University of Agriculture,n/a,n/a,n/a,n/a,n/a,n/a,
2026,Reporter,Central Luzon State University,n/a,n/a,n/a,n/a,n/a,n/a,
2026,Reporter,Central Mindanao Colleges,n/a,n/a,n/a,n/a,n/a,n/a,
2026,Reporter,Central University of Europe,n/a,n/a,n/a,n/a,n/a,n/a,
2026,Reporter,Centro de Estudios para la Calidad Educativa y la Investigación Científica (CECEIC),n/a,n/a,n/a,n/a,n/a,n/a,
2026,Reporter,Centro Universitário Cesuca,n/a,n/a,n/a,n/a,n/a,n/a,
2026,Reporter,Centro Universitário de Jaguariúna,n/a,n/a,n/a,n/a,n/a,n/a,
2026,Reporter,Centro Universitário Integrado,n/a,n/a,n/a,n/a,n/a,n/a,
2026,Reporter,Centro Universitário Max Planck,n/a,n/a,n/a,n/a,n/a,n/a,
2026,Reporter,Centro Universitário Nossa Senhora do Patrocínio (CEUNSP),n/a,n/a,n/a,n/a,n/a,n/a,
2026,Reporter,CESI,n/a,n/a,n/a,n/a,n/a,n/a,
2026,Reporter,CETYS Universidad,n/a,n/a,n/a,n/a,n/a,n/a,
2026,Reporter,Chadli Bendjedid El Tarf University,n/a,n/a,n/a,n/a,n/a,n/a,
2026,Reporter,Charmo University,n/a,n/a,n/a,n/a,n/a,n/a,
2026,Reporter,Chernihiv Polytechnic National University,n/a,n/a,n/a,n/a,n/a,n/a,
2026,Reporter,Chhatrapati Shahu Ji Maharaj University,n/a,n/a,n/a,n/a,n/a,n/a,
2026,Reporter,Chirchik State Pedagogical Institute,n/a,n/a,n/a,n/a,n/a,n/a,
2026,Reporter,Cholistan University of Veterinary and Animal Sciences,n/a,n/a,n/a,n/a,n/a,n/a,
2026,Reporter,Cihan University – Erbil,n/a,n/a,n/a,n/a,n/a,n/a,
2026,Reporter,Cihan University Sulaimaniya,n/a,n/a,n/a,n/a,n/a,n/a,
2026,Reporter,City College of San Fernando Pampanga,n/a,n/a,n/a,n/a,n/a,n/a,
2026,Reporter,"City University of Science and Information Technology, Peshawar",n/a,n/a,n/a,n/a,n/a,n/a,
2026,Reporter,Civil Aviation Academy,n/a,n/a,n/a,n/a,n/a,n/a,
2026,Reporter,Courtauld Institute of Art,n/a,n/a,n/a,n/a,n/a,n/a,
2026,Reporter,Cranfield University,n/a,n/a,n/a,n/a,n/a,n/a,
2026,Reporter,Cruzeiro do Sul University,n/a,n/a,n/a,n/a,n/a,n/a,
2026,Reporter,Daaru Salaam University (DSU),n/a,n/a,n/a,n/a,n/a,n/a,
2026,Reporter,Daneshpajoohan Pishro Higher Education Institute,n/a,n/a,n/a,n/a,n/a,n/a,
2026,Reporter,Dawood University of Engineering and Technology,n/a,n/a,n/a,n/a,n/a,n/a,
2026,Reporter,Deen Dayal Upadhyaya Gorakhpur University,n/a,n/a,n/a,n/a,n/a,n/a,
2026,Reporter,De La Salle – College of Saint Benilde,n/a,n/a,n/a,n/a,n/a,n/a,
2026,Reporter,De La Salle Medical and Health Sciences Institute (DLSMHSI),n/a,n/a,n/a,n/a,n/a,n/a,
2026,Reporter,Dhakuakhana College Autonomous,n/a,n/a,n/a,n/a,n/a,n/a,
2026,Reporter,DHA Suffa University,n/a,n/a,n/a,n/a,n/a,n/a,
2026,Reporter,Diplomat University,n/a,n/a,n/a,n/a,n/a,n/a,
2026,Reporter,Doğuş University,n/a,n/a,n/a,n/a,n/a,n/a,
2026,Reporter,Don Bosco University,n/a,n/a,n/a,n/a,n/a,n/a,
2026,Reporter,Don Mariano Marcos Memorial State University,n/a,n/a,n/a,n/a,n/a,n/a,
2026,Reporter,Dovletmammet Azadi Turkmen National Institute of World Languages,n/a,n/a,n/a,n/a,n/a,n/a,
2026,Reporter,Dr. Rafael Belloso Chacín Private University,n/a,n/a,n/a,n/a,n/a,n/a,
2026,Reporter,D. Serikbayev East Kazakhstan Technical University,n/a,n/a,n/a,n/a,n/a,n/a,
2026,Reporter,Duhok Polytechnic University,n/a,n/a,n/a,n/a,n/a,n/a,
2026,Reporter,Dulaty University,n/a,n/a,n/a,n/a,n/a,n/a,
2026,Reporter,EAE Business School,n/a,n/a,n/a,n/a,n/a,n/a,
2026,Reporter,EAN University,n/a,n/a,n/a,n/a,n/a,n/a,
2026,Reporter,École Nationale Polytechnique,n/a,n/a,n/a,n/a,n/a,n/a,
2026,Reporter,École Nationale Supérieure Agronomique,n/a,n/a,n/a,n/a,n/a,n/a,
2026,Reporter,École Nationale Supérieure de Biotechnologie Taoufik Khaznadar (ENSB),n/a,n/a,n/a,n/a,n/a,n/a,
2026,Reporter,École Nationale Supérieure des Sciences de la Mer et de l’Aménagement du Littoral (ENSSMAL),n/a,n/a,n/a,n/a,n/a,n/a,
2026,Reporter,Ecole Nationale Supérieure d'Hydraulique,n/a,n/a,n/a,n/a,n/a,n/a,
2026,Reporter,École Nationale Supérieure d’Informatique (ESI),n/a,n/a,n/a,n/a,n/a,n/a,
2026,Reporter,École National Polytechnique de Constantine,n/a,n/a,n/a,n/a,n/a,n/a,
2026,Reporter,École Normale Supérieure de Béchar,n/a,n/a,n/a,n/a,n/a,n/a,
2026,Reporter,École Normale Supérieure de Bouzaréah,n/a,n/a,n/a,n/a,n/a,n/a,
2026,Reporter,École Normale Supérieure de Kouba,n/a,n/a,n/a,n/a,n/a,n/a,
2026,Reporter,École Normale Supérieure de Laghouat,n/a,n/a,n/a,n/a,n/a,n/a,
2026,Reporter,École Normale Supérieure de Ouargla,n/a,n/a,n/a,n/a,n/a,n/a,
2026,Reporter,École Normale Supérieure El Katiba Assia Djebar Constantine (ENSC),n/a,n/a,n/a,n/a,n/a,n/a,
2026,Reporter,École Polytechnique d’Architecture et d’Urbanisme,n/a,n/a,n/a,n/a,n/a,n/a,
2026,Reporter,École Supérieure des Sciences de l'Aliment et des Industries Agroalimentaires,n/a,n/a,n/a,n/a,n/a,n/a,
2026,Reporter,École Supérieure en Informatique 8 Mai 1945 de Sidi-Bel-Abbès,n/a,n/a,n/a,n/a,n/a,n/a,
2026,Reporter,École Supérieure en Sciences Appliquées de Tlemcen,n/a,n/a,n/a,n/a,n/a,n/a,
2026,Reporter,École Supérieure en Sciences Biologiques d’Oran (ESSBO),n/a,n/a,n/a,n/a,n/a,n/a,
2026,Reporter,École Supérieure en Sciences et Technologies de l’Informatique et du Numérique (ESTIN),n/a,n/a,n/a,n/a,n/a,n/a,
2026,Reporter,Ecotec University,n/a,n/a,n/a,n/a,n/a,n/a,
2026,Reporter,Effat University,n/a,n/a,n/a,n/a,n/a,n/a,
2026,Reporter,Egerton University,n/a,n/a,n/a,n/a,n/a,n/a,
2026,Reporter,Egyptian Chinese University,n/a,n/a,n/a,n/a,n/a,n/a,
2026,Reporter,Egyptian Russian University,n/a,n/a,n/a,n/a,n/a,n/a,
2026,Reporter,Egypt University of Informatics,n/a,n/a,n/a,n/a,n/a,n/a,
2026,Reporter,EIA University,n/a,n/a,n/a,n/a,n/a,n/a,
2026,Reporter,Elmergib University,n/a,n/a,n/a,n/a,n/a,n/a,
2026,Reporter,Emaan Institute of Management and Sciences,n/a,n/a,n/a,n/a,n/a,n/a,
2026,Reporter,Emerson University Multan,n/a,n/a,n/a,n/a,n/a,n/a,
2026,Reporter,Emir Abdelkader University of Islamic Sciences,n/a,n/a,n/a,n/a,n/a,n/a,
2026,Reporter,Escola Superior de Ciências Sociais Artes e Humanidades,n/a,n/a,n/a,n/a,n/a,n/a,
2026,Reporter,Escola Superior Pedagógica do Bengo,n/a,n/a,n/a,n/a,n/a,n/a,
2026,Reporter,Escola Superior Pedagógica do Bié,n/a,n/a,n/a,n/a,n/a,n/a,
2026,Reporter,Escola Superior Pedagógica do Cuanza Norte,n/a,n/a,n/a,n/a,n/a,n/a,
2026,Reporter,Escuela Superior Politécnica de Chimborazo,n/a,n/a,n/a,n/a,n/a,n/a,
2026,Reporter,ESIC University,n/a,n/a,n/a,n/a,n/a,n/a,
2026,Reporter,ESLSCA University,n/a,n/a,n/a,n/a,n/a,n/a,
2026,Reporter,Estonian Academy of Arts,n/a,n/a,n/a,n/a,n/a,n/a,
2026,Reporter,Eszterházy Károly Catholic University,n/a,n/a,n/a,n/a,n/a,n/a,
2026,Reporter,EURECOM,n/a,n/a,n/a,n/a,n/a,n/a,
2026,Reporter,European University,n/a,n/a,n/a,n/a,n/a,n/a,
2026,Reporter,European University of Armenia,n/a,n/a,n/a,n/a,n/a,n/a,
2026,Reporter,European University of Tirana,n/a,n/a,n/a,n/a,n/a,n/a,
2026,Reporter,European University Ukraine,n/a,n/a,n/a,n/a,n/a,n/a,
2026,Reporter,"Evangel University, Akaeze",n/a,n/a,n/a,n/a,n/a,n/a,
2026,Reporter,Externado University of Colombia,n/a,n/a,n/a,n/a,n/a,n/a,
2026,Reporter,Falmouth University,n/a,n/a,n/a,n/a,n/a,n/a,
2026,Reporter,Fatima Jinnah Women University,n/a,n/a,n/a,n/a,n/a,n/a,
2026,Reporter,Federal University of Lafia,n/a,n/a,n/a,n/a,n/a,n/a,
2026,Reporter,"Federal University of Petroleum Resources, Effurun",n/a,n/a,n/a,n/a,n/a,n/a,
2026,Reporter,Fergana Polytechnic Institute,n/a,n/a,n/a,n/a,n/a,n/a,
2026,Reporter,Fergana State University,n/a,n/a,n/a,n/a,n/a,n/a,
2026,Reporter,Final International University,n/a,n/a,n/a,n/a,n/a,n/a,
2026,Reporter,Finis Terrae University,n/a,n/a,n/a,n/a,n/a,n/a,
2026,Reporter,Fo Guang University,n/a,n/a,n/a,n/a,n/a,n/a,
2026,Reporter,Forman Christian College,n/a,n/a,n/a,n/a,n/a,n/a,
2026,Reporter,Fountain University,n/a,n/a,n/a,n/a,n/a,n/a,
2026,Reporter,Francisk Skorina Gomel State University,n/a,n/a,n/a,n/a,n/a,n/a,
2026,Reporter,Frontier University Garowe,n/a,n/a,n/a,n/a,n/a,n/a,
2026,Reporter,FSG University Center,n/a,n/a,n/a,n/a,n/a,n/a,
2026,Reporter,Galala University,n/a,n/a,n/a,n/a,n/a,n/a,
2026,Reporter,Gangadhar Meher University,n/a,n/a,n/a,n/a,n/a,n/a,
2026,Reporter,Gaziantep Islamic Science and Technology University,n/a,n/a,n/a,n/a,n/a,n/a,
2026,Reporter,GD Goenka University,n/a,n/a,n/a,n/a,n/a,n/a,
2026,Reporter,General Sir John Kotelawala Defence University,n/a,n/a,n/a,n/a,n/a,n/a,
2026,Reporter,Ghazi University,n/a,n/a,n/a,n/a,n/a,n/a,
2026,Reporter,Glasgow School of Art,n/a,n/a,n/a,n/a,n/a,n/a,
2026,Reporter,Global College of Engineering and Technology,n/a,n/a,n/a,n/a,n/a,n/a,
2026,Reporter,Global Leadership University,n/a,n/a,n/a,n/a,n/a,n/a,
2026,Reporter,Godfrey Okoye University,n/a,n/a,n/a,n/a,n/a,n/a,
2026,Reporter,Gomel State Medical University,n/a,n/a,n/a,n/a,n/a,n/a,
2026,Reporter,Gonbad Kavous University,n/a,n/a,n/a,n/a,n/a,n/a,
2026,Reporter,Gordon College,n/a,n/a,n/a,n/a,n/a,n/a,
2026,Reporter,Government College Women University Faisalabad,n/a,n/a,n/a,n/a,n/a,n/a,
2026,Reporter,"Government College Women University, Sialkot",n/a,n/a,n/a,n/a,n/a,n/a,
2026,Reporter,Graduate University of Advanced Technology,n/a,n/a,n/a,n/a,n/a,n/a,
2026,Reporter,Grodno State Medical University,n/a,n/a,n/a,n/a,n/a,n/a,
2026,Reporter,Guildhall School of Music and Drama,n/a,n/a,n/a,n/a,n/a,n/a,
2026,Reporter,Guimaras State University,n/a,n/a,n/a,n/a,n/a,n/a,
2026,Reporter,Gulf College,n/a,n/a,n/a,n/a,n/a,n/a,
2026,Reporter,Gulf Medical University,n/a,n/a,n/a,n/a,n/a,n/a,
2026,Reporter,Gulf University,n/a,n/a,n/a,n/a,n/a,n/a,
2026,Reporter,Gulf University for Science and Technology,n/a,n/a,n/a,n/a,n/a,n/a,
2026,Reporter,Gulistan State University,n/a,n/a,n/a,n/a,n/a,n/a,
2026,Reporter,Hadhramout University,n/a,n/a,n/a,n/a,n/a,n/a,
2026,Reporter,Hagoromo University of International Studies,n/a,n/a,n/a,n/a,n/a,n/a,
2026,Reporter,Hakuoh University,n/a,n/a,n/a,n/a,n/a,n/a,
2026,Reporter,Häme University of Applied Sciences,n/a,n/a,n/a,n/a,n/a,n/a,
2026,Reporter,Hanseo University,n/a,n/a,n/a,n/a,n/a,n/a,
2026,Reporter,Harper Adams University,n/a,n/a,n/a,n/a,n/a,n/a,
2026,Reporter,Hartpury University,n/a,n/a,n/a,n/a,n/a,n/a,
2026,Reporter,Hawler Medical University,n/a,n/a,n/a,n/a,n/a,n/a,
2026,Reporter,Hebron University,n/a,n/a,n/a,n/a,n/a,n/a,
2026,Reporter,"Higher National School of Renewable Energies, Environment & Sustainable Development",n/a,n/a,n/a,n/a,n/a,n/a,
2026,Reporter,Higher School of Agronomy – Mostaganem (ESAM),n/a,n/a,n/a,n/a,n/a,n/a,
2026,Reporter,Higher School of Commerce of Algiers,n/a,n/a,n/a,n/a,n/a,n/a,
2026,Reporter,Higher School of Management and Digital Economy (HSMDE),n/a,n/a,n/a,n/a,n/a,n/a,
2026,Reporter,Hilla University College,n/a,n/a,n/a,n/a,n/a,n/a,
2026,Reporter,Hiroshima International University,n/a,n/a,n/a,n/a,n/a,n/a,
2026,Reporter,HITEC University,n/a,n/a,n/a,n/a,n/a,n/a,
2026,Reporter,Horus University,n/a,n/a,n/a,n/a,n/a,n/a,
2026,Reporter,Ho Technical University,n/a,n/a,n/a,n/a,n/a,n/a,
2026,Reporter,Hryhorii Skovoroda University in Pereiaslav,n/a,n/a,n/a,n/a,n/a,n/a,
2026,Reporter,Hyogo University of Teacher Education,n/a,n/a,n/a,n/a,n/a,n/a,
2026,Reporter,Iași University of Life Sciences,n/a,n/a,n/a,n/a,n/a,n/a,
2026,Reporter,"ICFAI University, Dehradun",n/a,n/a,n/a,n/a,n/a,n/a,
2026,Reporter,Igbinedion University Okada,n/a,n/a,n/a,n/a,n/a,n/a,
2026,Reporter,IIMT University,n/a,n/a,n/a,n/a,n/a,n/a,
2026,Reporter,Ilma University,n/a,n/a,n/a,n/a,n/a,n/a,
2026,Reporter,Imam Alkadhim University College,n/a,n/a,n/a,n/a,n/a,n/a,
2026,Reporter,Imam Ja’afar Al-Sadiq University,n/a,n/a,n/a,n/a,n/a,n/a,
2026,Reporter,Imam Reza International University,n/a,n/a,n/a,n/a,n/a,n/a,
2026,Reporter,IMT Mines Alès,n/a,n/a,n/a,n/a,n/a,n/a,
2026,Reporter,"Independent University, Bangladesh",n/a,n/a,n/a,n/a,n/a,n/a,
2026,Reporter,Indian Institute of Science Education and Research Tirupati,n/a,n/a,n/a,n/a,n/a,n/a,
2026,Reporter,Information Technology University of the Punjab,n/a,n/a,n/a,n/a,n/a,n/a,
2026,Reporter,Institute of Agriculture and Agrotechnologies of Karakalpakstan,n/a,n/a,n/a,n/a,n/a,n/a,
2026,Reporter,Institute of Cancer Research,n/a,n/a,n/a,n/a,n/a,n/a,
2026,Reporter,Institute of International Relations of the Ministry of Foreign Affairs of Turkmenistan,n/a,n/a,n/a,n/a,n/a,n/a,
2026,Reporter,Institute of Telecommunications and Informatics of Turkmenistan,n/a,n/a,n/a,n/a,n/a,n/a,
2026,Reporter,Instituto Superior de Ciências da Educação da Huíla,n/a,n/a,n/a,n/a,n/a,n/a,
2026,Reporter,Instituto Superior de Ciências da Educação de Benguela,n/a,n/a,n/a,n/a,n/a,n/a,
2026,Reporter,Instituto Superior de Ciências da Educação de Luanda,n/a,n/a,n/a,n/a,n/a,n/a,
2026,Reporter,Instituto Superior de Ciências da Educação do Huambo,n/a,n/a,n/a,n/a,n/a,n/a,
2026,Reporter,Instituto Superior de Ciências de Educação de Cabinda,n/a,n/a,n/a,n/a,n/a,n/a,
2026,Reporter,Instituto Superior de Ciências de Educação do Sumbe,n/a,n/a,n/a,n/a,n/a,n/a,
2026,Reporter,Instituto Superior Politécnico de Ndalatando,n/a,n/a,n/a,n/a,n/a,n/a,
2026,Reporter,Instituto Superior Politécnico de Soyo,n/a,n/a,n/a,n/a,n/a,n/a,
2026,Reporter,Instituto Superior Politécnico do Bengo,n/a,n/a,n/a,n/a,n/a,n/a,
2026,Reporter,Instituto Superior Politécnico do Bié,n/a,n/a,n/a,n/a,n/a,n/a,
2026,Reporter,Instituto Superior Politécnico do Cuanza Sul,n/a,n/a,n/a,n/a,n/a,n/a,
2026,Reporter,Instituto Superior Politécnico do Moxico,n/a,n/a,n/a,n/a,n/a,n/a,
2026,Reporter,Instituto Superior Universitário Nimi Ya Lukeni,n/a,n/a,n/a,n/a,n/a,n/a,
2026,Reporter,Instituto Tecnológico de Buenos Aires (ITBA),n/a,n/a,n/a,n/a,n/a,n/a,
2026,Reporter,Institut Teknologi Nasional Bandung (ITENAS Bandung),n/a,n/a,n/a,n/a,n/a,n/a,
2026,Reporter,Institut Teknologi PLN,n/a,n/a,n/a,n/a,n/a,n/a,
2026,Reporter,International IT University,n/a,n/a,n/a,n/a,n/a,n/a,
2026,Reporter,International University for the Humanities and Development,n/a,n/a,n/a,n/a,n/a,n/a,
2026,Reporter,International University of Erbil,n/a,n/a,n/a,n/a,n/a,n/a,
2026,Reporter,International University of Grand-Bassam (IUGB),n/a,n/a,n/a,n/a,n/a,n/a,
2026,Reporter,Interregional Academy of Personnel Management (IAPM),n/a,n/a,n/a,n/a,n/a,n/a,
2026,Reporter,Ion Mincu University of Architecture and Urbanism,n/a,n/a,n/a,n/a,n/a,n/a,
2026,Reporter,Iqra National University,n/a,n/a,n/a,n/a,n/a,n/a,
2026,Reporter,Israel Technological University,n/a,n/a,n/a,n/a,n/a,n/a,
2026,Reporter,Istanbul Gedik University,n/a,n/a,n/a,n/a,n/a,n/a,
2026,Reporter,Istanbul Kültür University,n/a,n/a,n/a,n/a,n/a,n/a,
2026,Reporter,İstanbul Nişantaşi University,n/a,n/a,n/a,n/a,n/a,n/a,
2026,Reporter,İstanbul Topkapı University,n/a,n/a,n/a,n/a,n/a,n/a,
2026,Reporter,Istanbul Yeni Yuzyil University,n/a,n/a,n/a,n/a,n/a,n/a,
2026,Reporter,IUBAT – International University of Business Agriculture and Technology,n/a,n/a,n/a,n/a,n/a,n/a,
2026,Reporter,Jabir ibn Hayyan University for Medical and Pharmaceutical Sciences,n/a,n/a,n/a,n/a,n/a,n/a,
2026,Reporter,Jadara University,n/a,n/a,n/a,n/a,n/a,n/a,
2026,Reporter,Japan Advanced Institute of Science and Technology (JAIST),n/a,n/a,n/a,n/a,n/a,n/a,
2026,Reporter,Jaramogi Oginga Odinga University of Science and Technology,n/a,n/a,n/a,n/a,n/a,n/a,
2026,Reporter,"Jaypee University of Engineering and Technology, Guna",n/a,n/a,n/a,n/a,n/a,n/a,
2026,Reporter,Jesselton University College,n/a,n/a,n/a,n/a,n/a,n/a,
2026,Reporter,Jinnah Sindh Medical University,n/a,n/a,n/a,n/a,n/a,n/a,
2026,Reporter,Jizzakh Polytechnic Institute,n/a,n/a,n/a,n/a,n/a,n/a,
2026,Reporter,Jizzakh State Pedagogical University,n/a,n/a,n/a,n/a,n/a,n/a,
2026,Reporter,João Pessoa University Center (UNIPÊ),n/a,n/a,n/a,n/a,n/a,n/a,
2026,Reporter,John von Neumann University,n/a,n/a,n/a,n/a,n/a,n/a,
2026,Reporter,JSSATE Bengaluru,n/a,n/a,n/a,n/a,n/a,n/a,
2026,Reporter,Kabarak University,n/a,n/a,n/a,n/a,n/a,n/a,
2026,Reporter,Kabardino-Balkarian State University,n/a,n/a,n/a,n/a,n/a,n/a,
2026,Reporter,Kabul University,n/a,n/a,n/a,n/a,n/a,n/a,
2026,Reporter,Kaduna State University,n/a,n/a,n/a,n/a,n/a,n/a,
2026,Reporter,Kamianets-Podіlskyi Ivan Ohiienko National University,n/a,n/a,n/a,n/a,n/a,n/a,
2026,Reporter,Karakalpak State University,n/a,n/a,n/a,n/a,n/a,n/a,
2026,Reporter,Karakoram International University,n/a,n/a,n/a,n/a,n/a,n/a,
2026,Reporter,Karatina University,n/a,n/a,n/a,n/a,n/a,n/a,
2026,Reporter,Karshi State University,n/a,n/a,n/a,n/a,n/a,n/a,
2026,Reporter,Kayseri University,n/a,n/a,n/a,n/a,n/a,n/a,
2026,Reporter,Kazakh-British Technical University,n/a,n/a,n/a,n/a,n/a,n/a,
2026,Reporter,Kazakh National Women’s Teacher Training University,n/a,n/a,n/a,n/a,n/a,n/a,
2026,Reporter,Kermanshah University of Technology,n/a,n/a,n/a,n/a,n/a,n/a,
2026,Reporter,Kharkiv Humanitarian-Pedagogical Academy,n/a,n/a,n/a,n/a,n/a,n/a,
2026,Reporter,Kharkiv International Medical University,n/a,n/a,n/a,n/a,n/a,n/a,
2026,Reporter,Kharkiv National University of Internal Affairs,n/a,n/a,n/a,n/a,n/a,n/a,
2026,Reporter,Kharkiv University of Humanities “People’s Ukrainian Academy”,n/a,n/a,n/a,n/a,n/a,n/a,
2026,Reporter,Khemis Miliana University,n/a,n/a,n/a,n/a,n/a,n/a,
2026,Reporter,Kherson State Agrarian and Economic University,n/a,n/a,n/a,n/a,n/a,n/a,
2026,Reporter,Kherson State Maritime Academy,n/a,n/a,n/a,n/a,n/a,n/a,
2026,Reporter,Kherson State University,n/a,n/a,n/a,n/a,n/a,n/a,
2026,Reporter,Khmelnytskyi National University,n/a,n/a,n/a,n/a,n/a,n/a,
2026,Reporter,Khyber Medical University,n/a,n/a,n/a,n/a,n/a,n/a,
2026,Reporter,Kibabii University,n/a,n/a,n/a,n/a,n/a,n/a,
2026,Reporter,Kimyo International University in Tashkent,n/a,n/a,n/a,n/a,n/a,n/a,
2026,Reporter,King Abdullah University of Science and Technology (KAUST),n/a,n/a,n/a,n/a,n/a,n/a,
2026,Reporter,King Danylo University,n/a,n/a,n/a,n/a,n/a,n/a,
2026,Reporter,Kingdom University,n/a,n/a,n/a,n/a,n/a,n/a,
2026,Reporter,King Edward Medical University,n/a,n/a,n/a,n/a,n/a,n/a,
2026,Reporter,Kinnaird College for Women,n/a,n/a,n/a,n/a,n/a,n/a,
2026,Reporter,Klaipeda University,n/a,n/a,n/a,n/a,n/a,n/a,
2026,Reporter,Knowledge University,n/a,n/a,n/a,n/a,n/a,n/a,
2026,Reporter,Kobe Gakuin University,n/a,n/a,n/a,n/a,n/a,n/a,
2026,Reporter,Kocaeli Health and Technology University,n/a,n/a,n/a,n/a,n/a,n/a,
2026,Reporter,Kokshetau State University,n/a,n/a,n/a,n/a,n/a,n/a,
2026,Reporter,Komar University of Science and Technology,n/a,n/a,n/a,n/a,n/a,n/a,
2026,Reporter,Konan University,n/a,n/a,n/a,n/a,n/a,n/a,
2026,Reporter,Korkyt Ata Kyzylorda University,n/a,n/a,n/a,n/a,n/a,n/a,
2026,Reporter,Koya University,n/a,n/a,n/a,n/a,n/a,n/a,
2026,Reporter,Krasnoyarsk State Medical University,n/a,n/a,n/a,n/a,n/a,n/a,
2026,Reporter,Krok University,n/a,n/a,n/a,n/a,n/a,n/a,
2026,Reporter,K.S.Rangasamy College of Technology,n/a,n/a,n/a,n/a,n/a,n/a,
2026,Reporter,Kumasi Technical University,n/a,n/a,n/a,n/a,n/a,n/a,
2026,Reporter,Kurdistan Technical Institute,n/a,n/a,n/a,n/a,n/a,n/a,
2026,Reporter,Kursk State Medical University,n/a,n/a,n/a,n/a,n/a,n/a,
2026,Reporter,Kütahya Health Sciences University,n/a,n/a,n/a,n/a,n/a,n/a,
2026,Reporter,Kut University College,n/a,n/a,n/a,n/a,n/a,n/a,
2026,Reporter,Kuwait College of Science and Technology (KCST),n/a,n/a,n/a,n/a,n/a,n/a,
2026,Reporter,Kyiv National Economic University,n/a,n/a,n/a,n/a,n/a,n/a,
2026,Reporter,Kyiv National University of Technologies and Design,n/a,n/a,n/a,n/a,n/a,n/a,
2026,Reporter,Kyoai Gakuen University,n/a,n/a,n/a,n/a,n/a,n/a,
2026,Reporter,Kyoto Sangyo University,n/a,n/a,n/a,n/a,n/a,n/a,
2026,Reporter,Kyrgyz National University named after Jusup Balasagyn,n/a,n/a,n/a,n/a,n/a,n/a,
2026,Reporter,Kyrgyz-Turkish Manas University,n/a,n/a,n/a,n/a,n/a,n/a,
2026,Reporter,Kyungdong University,n/a,n/a,n/a,n/a,n/a,n/a,
2026,Reporter,K. Zhubanov Aktobe Regional University,n/a,n/a,n/a,n/a,n/a,n/a,
2026,Reporter,Lagos State University of Education,n/a,n/a,n/a,n/a,n/a,n/a,
2026,Reporter,Lagos State University of Science and Technology,n/a,n/a,n/a,n/a,n/a,n/a,
2026,Reporter,Lahore Garrison University,n/a,n/a,n/a,n/a,n/a,n/a,
2026,Reporter,Lankaran State University,n/a,n/a,n/a,n/a,n/a,n/a,
2026,Reporter,La Salle University (Colombia),n/a,n/a,n/a,n/a,n/a,n/a,
2026,Reporter,Law Enforcement Academy of the Republic of Uzbekistan,n/a,n/a,n/a,n/a,n/a,n/a,
2026,Reporter,Lead City University,n/a,n/a,n/a,n/a,n/a,n/a,
2026,Reporter,Lebanese French University,n/a,n/a,n/a,n/a,n/a,n/a,
2026,Reporter,Leeds Arts University,n/a,n/a,n/a,n/a,n/a,n/a,
2026,Reporter,Leeds Conservatoire,n/a,n/a,n/a,n/a,n/a,n/a,
2026,Reporter,Leeds Trinity University,n/a,n/a,n/a,n/a,n/a,n/a,
2026,Reporter,Lesya Ukrainka Volyn National University,n/a,n/a,n/a,n/a,n/a,n/a,
2026,Reporter,Leyte Normal University,n/a,n/a,n/a,n/a,n/a,n/a,
2026,Reporter,Liaquat University of Medical and Health Sciences (LUMHS),n/a,n/a,n/a,n/a,n/a,n/a,
2026,Reporter,Liverpool Institute for Performing Arts,n/a,n/a,n/a,n/a,n/a,n/a,
2026,Reporter,Liverpool School of Tropical Medicine,n/a,n/a,n/a,n/a,n/a,n/a,
2026,Reporter,London Academy of Music and Dramatic Art (LAMDA),n/a,n/a,n/a,n/a,n/a,n/a,
2026,Reporter,London Business School,n/a,n/a,n/a,n/a,n/a,n/a,
2026,Reporter,London Film School,n/a,n/a,n/a,n/a,n/a,n/a,
2026,Reporter,London School of Hygiene and Tropical Medicine,n/a,n/a,n/a,n/a,n/a,n/a,
2026,Reporter,Lords University,n/a,n/a,n/a,n/a,n/a,n/a,
2026,Reporter,LSPR Institute of Communication & Business,n/a,n/a,n/a,n/a,n/a,n/a,
2026,Reporter,Lutsk National Technical University,n/a,n/a,n/a,n/a,n/a,n/a,
2026,Reporter,Luxor University,n/a,n/a,n/a,n/a,n/a,n/a,
2026,Reporter,Lyceum-Northwestern University,n/a,n/a,n/a,n/a,n/a,n/a,
2026,Reporter,Machakos University,n/a,n/a,n/a,n/a,n/a,n/a,
2026,Reporter,Magtymguly Turkmen State University,n/a,n/a,n/a,n/a,n/a,n/a,
2026,Reporter,Mahatma Jyotiba Phule Rohilkhand University,n/a,n/a,n/a,n/a,n/a,n/a,
2026,Reporter,Malatya Turgut Ozal University,n/a,n/a,n/a,n/a,n/a,n/a,
2026,Reporter,Malawi University of Science and Technology (MUST),n/a,n/a,n/a,n/a,n/a,n/a,
2026,Reporter,Mangalayatan University Jabalpur,n/a,n/a,n/a,n/a,n/a,n/a,
2026,Reporter,Manila Central University,n/a,n/a,n/a,n/a,n/a,n/a,
2026,Reporter,Mansoura National University,n/a,n/a,n/a,n/a,n/a,n/a,
2026,Reporter,Mapúa Malayan Colleges Laguna,n/a,n/a,n/a,n/a,n/a,n/a,
2026,Reporter,Mardin Artuklu University,n/a,n/a,n/a,n/a,n/a,n/a,
2026,Reporter,Marinduque State University,n/a,n/a,n/a,n/a,n/a,n/a,
2026,Reporter,Maritime University of Szczecin,n/a,n/a,n/a,n/a,n/a,n/a,
2026,Reporter,Marwadi University,n/a,n/a,n/a,n/a,n/a,n/a,
2026,Reporter,Maryam Abacha American University of Niger,n/a,n/a,n/a,n/a,n/a,n/a,
2026,Reporter,Maryam Abacha American University of Nigeria,n/a,n/a,n/a,n/a,n/a,n/a,
2026,Reporter,Medizinische Hochschule Hannover,n/a,n/a,n/a,n/a,n/a,n/a,
2026,Reporter,Meikai University,n/a,n/a,n/a,n/a,n/a,n/a,
2026,Reporter,Menoufia National University,n/a,n/a,n/a,n/a,n/a,n/a,
2026,Reporter,Metropolitan International University,n/a,n/a,n/a,n/a,n/a,n/a,
2026,Reporter,Middle East College,n/a,n/a,n/a,n/a,n/a,n/a,
2026,Reporter,Middle East University,n/a,n/a,n/a,n/a,n/a,n/a,
2026,Reporter,Middle East University – Lebanon,n/a,n/a,n/a,n/a,n/a,n/a,
2026,Reporter,Midocean University,n/a,n/a,n/a,n/a,n/a,n/a,
2026,Reporter,Mingachevir State University (MSU),n/a,n/a,n/a,n/a,n/a,n/a,
2026,Reporter,Minhaj University Lahore,n/a,n/a,n/a,n/a,n/a,n/a,
2026,Reporter,Misurata University,n/a,n/a,n/a,n/a,n/a,n/a,
2026,Reporter,"MIT Art, Design and Technology University",n/a,n/a,n/a,n/a,n/a,n/a,
2026,Reporter,Modern University for Business and Science,n/a,n/a,n/a,n/a,n/a,n/a,
2026,Reporter,Modulo University Center,n/a,n/a,n/a,n/a,n/a,n/a,
2026,Reporter,Mohammad Ali Jinnah University,n/a,n/a,n/a,n/a,n/a,n/a,
2026,Reporter,Mohammed VI University of Sciences and Health,n/a,n/a,n/a,n/a,n/a,n/a,
2026,Reporter,Moscow City University,n/a,n/a,n/a,n/a,n/a,n/a,
2026,Reporter,Moscow State Linguistic University,n/a,n/a,n/a,n/a,n/a,n/a,
2026,Reporter,Moscow State Tchaikovsky Conservatory,n/a,n/a,n/a,n/a,n/a,n/a,
2026,Reporter,Mount Kenya University,n/a,n/a,n/a,n/a,n/a,n/a,
2026,Reporter,Muban Chombueng Rajabhat University,n/a,n/a,n/a,n/a,n/a,n/a,
2026,Reporter,Muhammadiyah University of Makassar,n/a,n/a,n/a,n/a,n/a,n/a,
2026,Reporter,Muhammadiyah University of North Sumatra,n/a,n/a,n/a,n/a,n/a,n/a,
2026,Reporter,Muhammadiyah University of Sidoarjo,n/a,n/a,n/a,n/a,n/a,n/a,
2026,Reporter,"Muhammad Nawaz Sharif University of Engineering & Technology, Multan",n/a,n/a,n/a,n/a,n/a,n/a,
2026,Reporter,Mukogawa Women’s University,n/a,n/a,n/a,n/a,n/a,n/a,
2026,Reporter,Mulungushi University,n/a,n/a,n/a,n/a,n/a,n/a,
2026,Reporter,Murang'a University of Technology,n/a,n/a,n/a,n/a,n/a,n/a,
2026,Reporter,Musashino University,n/a,n/a,n/a,n/a,n/a,n/a,
2026,Reporter,Myrat Garryyev State Medical University of Turkmenistan,n/a,n/a,n/a,n/a,n/a,n/a,
2026,Reporter,Nahdlatul Ulama University Surabaya,n/a,n/a,n/a,n/a,n/a,n/a,
2026,Reporter,Nakhon Ratchasima Rajabhat University,n/a,n/a,n/a,n/a,n/a,n/a,
2026,Reporter,Namangan State Pedagogical Institute,n/a,n/a,n/a,n/a,n/a,n/a,
2026,Reporter,Namangan State Technical University,n/a,n/a,n/a,n/a,n/a,n/a,
2026,Reporter,Narxoz University,n/a,n/a,n/a,n/a,n/a,n/a,
2026,Reporter,"Nasarawa State University, Keffi",n/a,n/a,n/a,n/a,n/a,n/a,
2026,Reporter,National Defence University - Pakistan,n/a,n/a,n/a,n/a,n/a,n/a,
2026,Reporter,National Film and Television School,n/a,n/a,n/a,n/a,n/a,n/a,
2026,Reporter,National Polytechnic University of Armenia,n/a,n/a,n/a,n/a,n/a,n/a,
2026,Reporter,National School of Artificial Intelligence (ENSIA),n/a,n/a,n/a,n/a,n/a,n/a,
2026,Reporter,National Taichung University of Education,n/a,n/a,n/a,n/a,n/a,n/a,
2026,Reporter,National Transport University,n/a,n/a,n/a,n/a,n/a,n/a,
2026,Reporter,National University Odessa Law Academy,n/a,n/a,n/a,n/a,n/a,n/a,
2026,Reporter,National University of Education (UNAE),n/a,n/a,n/a,n/a,n/a,n/a,
2026,Reporter,National University of Food Technologies,n/a,n/a,n/a,n/a,n/a,n/a,
2026,Reporter,National University of Loja,n/a,n/a,n/a,n/a,n/a,n/a,
2026,Reporter,National University of Modern Languages (NUML),n/a,n/a,n/a,n/a,n/a,n/a,
2026,Reporter,National University of Pharmacy,n/a,n/a,n/a,n/a,n/a,n/a,
2026,Reporter,National University of Science and Technology (Iraq),n/a,n/a,n/a,n/a,n/a,n/a,
2026,Reporter,National University of Science and Technology (NUST),n/a,n/a,n/a,n/a,n/a,n/a,
2026,Reporter,"National University of Science and Technology, Oman",n/a,n/a,n/a,n/a,n/a,n/a,
2026,Reporter,National University of Technology,n/a,n/a,n/a,n/a,n/a,n/a,
2026,Reporter,National University Philippines,n/a,n/a,n/a,n/a,n/a,n/a,
2026,Reporter,National University “Yuri Kondratyuk Poltava Polytechnic”,n/a,n/a,n/a,n/a,n/a,n/a,
2026,Reporter,Navoi State University,n/a,n/a,n/a,n/a,n/a,n/a,
2026,Reporter,Navoi State University of Mining and Technologies,n/a,n/a,n/a,n/a,n/a,n/a,
2026,Reporter,New Model Institute for Technology and Engineering (NMITE),n/a,n/a,n/a,n/a,n/a,n/a,
2026,Reporter,Niigata University of Health and Welfare,n/a,n/a,n/a,n/a,n/a,n/a,
2026,Reporter,Ninevah University,n/a,n/a,n/a,n/a,n/a,n/a,
2026,Reporter,North Borneo University College,n/a,n/a,n/a,n/a,n/a,n/a,
2026,Reporter,Northern University,n/a,n/a,n/a,n/a,n/a,n/a,
2026,Reporter,Norwich University of the Arts,n/a,n/a,n/a,n/a,n/a,n/a,
2026,Reporter,Notre Dame of Dadiangas University,n/a,n/a,n/a,n/a,n/a,n/a,
2026,Reporter,NSBM Green University,n/a,n/a,n/a,n/a,n/a,n/a,
2026,Reporter,Nueva Ecija University of Science and Technology (NEUST),n/a,n/a,n/a,n/a,n/a,n/a,
2026,Reporter,Nueva Vizcaya State University,n/a,n/a,n/a,n/a,n/a,n/a,
2026,Reporter,Nukus Innovation Institute,n/a,n/a,n/a,n/a,n/a,n/a,
2026,Reporter,Nusa Putra University,n/a,n/a,n/a,n/a,n/a,n/a,
2026,Reporter,Odesa National Maritime University,n/a,n/a,n/a,n/a,n/a,n/a,
2026,Reporter,Odesa Polytechnic National University,n/a,n/a,n/a,n/a,n/a,n/a,
2026,Reporter,Oguz Han Engineering and Technology University of Turkmenistan,n/a,n/a,n/a,n/a,n/a,n/a,
2026,Reporter,Oman Dental College,n/a,n/a,n/a,n/a,n/a,n/a,
2026,Reporter,O.M. Beketov National University of Urban Economy in Kharkiv,n/a,n/a,n/a,n/a,n/a,n/a,
2026,Reporter,Omsk State Agrarian University,n/a,n/a,n/a,n/a,n/a,n/a,
2026,Reporter,Oran Graduate School of Economics,n/a,n/a,n/a,n/a,n/a,n/a,
2026,Reporter,Orel State Agrarian University named after N.V. Parahin,n/a,n/a,n/a,n/a,n/a,n/a,
2026,Reporter,Orel State University named after I.S. Turgenev,n/a,n/a,n/a,n/a,n/a,n/a,
2026,Reporter,ORT Uruguay University,n/a,n/a,n/a,n/a,n/a,n/a,
2026,Reporter,Ostrogradsky National University of Kremenchuk,n/a,n/a,n/a,n/a,n/a,n/a,
2026,Reporter,Otemon Gakuin University,n/a,n/a,n/a,n/a,n/a,n/a,
2026,Reporter,Pacific National University,n/a,n/a,n/a,n/a,n/a,n/a,
2026,Reporter,Palestine Ahliya University,n/a,n/a,n/a,n/a,n/a,n/a,
2026,Reporter,Palestine Polytechnic University,n/a,n/a,n/a,n/a,n/a,n/a,
2026,Reporter,Palestine Technical University – Kadoorie,n/a,n/a,n/a,n/a,n/a,n/a,
2026,Reporter,Pangasinan State University,n/a,n/a,n/a,n/a,n/a,n/a,
2026,Reporter,Panteion University of Social and Political Sciences,n/a,n/a,n/a,n/a,n/a,n/a,
2026,Reporter,Panthéon-Assas University (Paris 2),n/a,n/a,n/a,n/a,n/a,n/a,
2026,Reporter,Parahyangan Catholic University,n/a,n/a,n/a,n/a,n/a,n/a,
2026,Reporter,Parul University,n/a,n/a,n/a,n/a,n/a,n/a,
2026,Reporter,Pavlo Tychyna Uman State Pedagogical University,n/a,n/a,n/a,n/a,n/a,n/a,
2026,Reporter,Peoples University of Medical & Health Sciences for Women - Shaheed Benazirabad,n/a,n/a,n/a,n/a,n/a,n/a,
2026,Reporter,Petra Christian University,n/a,n/a,n/a,n/a,n/a,n/a,
2026,Reporter,Petroleum Higher School,n/a,n/a,n/a,n/a,n/a,n/a,
2026,Reporter,Petroleum University of Technology,n/a,n/a,n/a,n/a,n/a,n/a,
2026,Reporter,Pharos University,n/a,n/a,n/a,n/a,n/a,n/a,
2026,Reporter,Philadelphia University (Jordan),n/a,n/a,n/a,n/a,n/a,n/a,
2026,Reporter,Piri Reis University,n/a,n/a,n/a,n/a,n/a,n/a,
2026,Reporter,Platov South-Russian State Polytechnic University (NPI),n/a,n/a,n/a,n/a,n/a,n/a,
2026,Reporter,Plymouth Marjon University,n/a,n/a,n/a,n/a,n/a,n/a,
2026,Reporter,Polissia National University,n/a,n/a,n/a,n/a,n/a,n/a,
2026,Reporter,Polis University,n/a,n/a,n/a,n/a,n/a,n/a,
2026,Reporter,Poltava State Medical University,n/a,n/a,n/a,n/a,n/a,n/a,
2026,Reporter,Poltava V.G. Korolenko National Pedagogical University (PNPU),n/a,n/a,n/a,n/a,n/a,n/a,
2026,Reporter,Polytechnic of Guarda,n/a,n/a,n/a,n/a,n/a,n/a,
2026,Reporter,Polytechnic University of the Philippines,n/a,n/a,n/a,n/a,n/a,n/a,
2026,Reporter,Pontificia Universidad Católica Madre y Maestra (PUCMM),n/a,n/a,n/a,n/a,n/a,n/a,
2026,Reporter,Positivo University,n/a,n/a,n/a,n/a,n/a,n/a,
2026,Reporter,PSB University Cambodia,n/a,n/a,n/a,n/a,n/a,n/a,
2026,Reporter,PUC-Campinas,n/a,n/a,n/a,n/a,n/a,n/a,
2026,Reporter,Qaiwan International University,n/a,n/a,n/a,n/a,n/a,n/a,
2026,Reporter,"Quaid-e-Awam University of Engineering, Science and Technology (QUEST)",n/a,n/a,n/a,n/a,n/a,n/a,
2026,Reporter,Queen Margaret University,n/a,n/a,n/a,n/a,n/a,n/a,
2026,Reporter,Queensland University,n/a,n/a,n/a,n/a,n/a,n/a,
2026,Reporter,Quezon City University,n/a,n/a,n/a,n/a,n/a,n/a,
2026,Reporter,Q University,n/a,n/a,n/a,n/a,n/a,n/a,
2026,Reporter,Raden Mas Said State Islamic University Surakarta,n/a,n/a,n/a,n/a,n/a,n/a,
2026,Reporter,Rajamangala University of Technology Krungthep,n/a,n/a,n/a,n/a,n/a,n/a,
2026,Reporter,Rajamangala University of Technology Phra Nakhon,n/a,n/a,n/a,n/a,n/a,n/a,
2026,Reporter,Rajamangala University of Technology Suvarnabhumi,n/a,n/a,n/a,n/a,n/a,n/a,
2026,Reporter,Rajarata University of Sri Lanka,n/a,n/a,n/a,n/a,n/a,n/a,
2026,Reporter,RAK Medical and Health Sciences University,n/a,n/a,n/a,n/a,n/a,n/a,
2026,Reporter,Rawalpindi Medical University,n/a,n/a,n/a,n/a,n/a,n/a,
2026,Reporter,Redeemer’s University,n/a,n/a,n/a,n/a,n/a,n/a,
2026,Reporter,Riara University,n/a,n/a,n/a,n/a,n/a,n/a,
2026,Reporter,Ritsumeikan Asia Pacific University (APU),n/a,n/a,n/a,n/a,n/a,n/a,
2026,Reporter,Rivers State University,n/a,n/a,n/a,n/a,n/a,n/a,
2026,Reporter,Roi Et Rajabhat University,n/a,n/a,n/a,n/a,n/a,n/a,
2026,Reporter,Rome Business School,n/a,n/a,n/a,n/a,n/a,n/a,
2026,Reporter,Rose Bruford College,n/a,n/a,n/a,n/a,n/a,n/a,
2026,Reporter,Rostov State University of Economics,n/a,n/a,n/a,n/a,n/a,n/a,
2026,Reporter,Royal Academy of Dramatic Art (RADA),n/a,n/a,n/a,n/a,n/a,n/a,
2026,Reporter,Royal Academy of Music,n/a,n/a,n/a,n/a,n/a,n/a,
2026,Reporter,Royal Agricultural University,n/a,n/a,n/a,n/a,n/a,n/a,
2026,Reporter,"Royal Central School of Speech and Drama, University of London",n/a,n/a,n/a,n/a,n/a,n/a,
2026,Reporter,Royal College of Art,n/a,n/a,n/a,n/a,n/a,n/a,
2026,Reporter,Royal College of Music,n/a,n/a,n/a,n/a,n/a,n/a,
2026,Reporter,Royal Conservatoire of Scotland,n/a,n/a,n/a,n/a,n/a,n/a,
2026,Reporter,Royal Northern College of Music,n/a,n/a,n/a,n/a,n/a,n/a,
2026,Reporter,Royal University for Women (RUW),n/a,n/a,n/a,n/a,n/a,n/a,
2026,Reporter,Rudny Industrial University,n/a,n/a,n/a,n/a,n/a,n/a,
2026,Reporter,Russian Biotechnological University (BIOTECH),n/a,n/a,n/a,n/a,n/a,n/a,
2026,Reporter,Sabratha University,n/a,n/a,n/a,n/a,n/a,n/a,
2026,Reporter,SAGE University Indore,n/a,n/a,n/a,n/a,n/a,n/a,
2026,Reporter,Saint Louis University (Philippines),n/a,n/a,n/a,n/a,n/a,n/a,
2026,Reporter,Sakon Nakhon Rajabhat University,n/a,n/a,n/a,n/a,n/a,n/a,
2026,Reporter,Samarkand Institute of Economics and Service (SamISI),n/a,n/a,n/a,n/a,n/a,n/a,
2026,Reporter,Samarkand State Institute of Architecture and Construction,n/a,n/a,n/a,n/a,n/a,n/a,
2026,Reporter,Samarkand State Institute of Foreign Languages,n/a,n/a,n/a,n/a,n/a,n/a,
2026,Reporter,Samarkand State Medical University,n/a,n/a,n/a,n/a,n/a,n/a,
2026,Reporter,Samarkand State University,n/a,n/a,n/a,n/a,n/a,n/a,
2026,Reporter,Samsun University,n/a,n/a,n/a,n/a,n/a,n/a,
2026,Reporter,Sanko University,n/a,n/a,n/a,n/a,n/a,n/a,
2026,Reporter,Santosh Deemed to be University,n/a,n/a,n/a,n/a,n/a,n/a,
2026,Reporter,Saratov State Vavilov Agrarian University,n/a,n/a,n/a,n/a,n/a,n/a,
2026,Reporter,Sarsen Amanzholov East Kazakhstan University,n/a,n/a,n/a,n/a,n/a,n/a,
2026,Reporter,Satya Wacana Christian University,n/a,n/a,n/a,n/a,n/a,n/a,
2026,Reporter,Sawa University,n/a,n/a,n/a,n/a,n/a,n/a,
2026,Reporter,SBS Swiss Business School,n/a,n/a,n/a,n/a,n/a,n/a,
2026,Reporter,School of Higher Commercial Studies (EHEC Algiers),n/a,n/a,n/a,n/a,n/a,n/a,
2026,Reporter,SDU University,n/a,n/a,n/a,n/a,n/a,n/a,
2026,Reporter,SEGi University,n/a,n/a,n/a,n/a,n/a,n/a,
2026,Reporter,Senshu University,n/a,n/a,n/a,n/a,n/a,n/a,
2026,Reporter,Shaheed Benazir Bhutto University,n/a,n/a,n/a,n/a,n/a,n/a,
2026,Reporter,Shaheed Benazir Bhutto Women University Peshawar,n/a,n/a,n/a,n/a,n/a,n/a,
2026,Reporter,Shaheed Mohtarma Benazir Bhutto Medical University,n/a,n/a,n/a,n/a,n/a,n/a,
2026,Reporter,Shahrisabz State Pedagogical Institute,n/a,n/a,n/a,n/a,n/a,n/a,
2026,Reporter,Shakarim University,n/a,n/a,n/a,n/a,n/a,n/a,
2026,Reporter,Sher-e-Bangla Agricultural University (SAU),n/a,n/a,n/a,n/a,n/a,n/a,
2026,Reporter,Shirak State University,n/a,n/a,n/a,n/a,n/a,n/a,
2026,Reporter,Simón Bolívar University (Colombia),n/a,n/a,n/a,n/a,n/a,n/a,
2026,Reporter,Simon Kuznets Kharkiv National University of Economics,n/a,n/a,n/a,n/a,n/a,n/a,
2026,Reporter,Sisaket Rajabhat University,n/a,n/a,n/a,n/a,n/a,n/a,
2026,Reporter,Social Sciences University of Ankara,n/a,n/a,n/a,n/a,n/a,n/a,
2026,Reporter,Sohar University,n/a,n/a,n/a,n/a,n/a,n/a,
2026,Reporter,Sorsogon State University,n/a,n/a,n/a,n/a,n/a,n/a,
2026,Reporter,South East European University,n/a,n/a,n/a,n/a,n/a,n/a,
2026,Reporter,Southern Luzon State University,n/a,n/a,n/a,n/a,n/a,n/a,
2026,Reporter,Southern Technical University,n/a,n/a,n/a,n/a,n/a,n/a,
2026,Reporter,South Mediterranean University (SMU),n/a,n/a,n/a,n/a,n/a,n/a,
2026,Reporter,Sphinx University,n/a,n/a,n/a,n/a,n/a,n/a,
2026,Reporter,Sri Balaji Vidyapeeth,n/a,n/a,n/a,n/a,n/a,n/a,
2026,Reporter,Sri Padmavati Mahila Visvavidyalayam (Women's University),n/a,n/a,n/a,n/a,n/a,n/a,
2026,Reporter,State Energy Institute of Turkmenistan,n/a,n/a,n/a,n/a,n/a,n/a,
2026,Reporter,State Polytechnic of Malang,n/a,n/a,n/a,n/a,n/a,n/a,
2026,Reporter,Stavropol State Agrarian University,n/a,n/a,n/a,n/a,n/a,n/a,
2026,Reporter,St Luke’s International University,n/a,n/a,n/a,n/a,n/a,n/a,
2026,Reporter,"St Mary’s University College, Belfast",n/a,n/a,n/a,n/a,n/a,n/a,
2026,Reporter,"St Mary’s University, Twickenham",n/a,n/a,n/a,n/a,n/a,n/a,
2026,Reporter,Stranmillis University College,n/a,n/a,n/a,n/a,n/a,n/a,
2026,Reporter,Sugiyama Jogakuen University,n/a,n/a,n/a,n/a,n/a,n/a,
2026,Reporter,Sulaimani Polytechnic University,n/a,n/a,n/a,n/a,n/a,n/a,
2026,Reporter,Sumgayit State University,n/a,n/a,n/a,n/a,n/a,n/a,
2026,Reporter,Sumy State Pedagogical University named after A.S. Makarenko,n/a,n/a,n/a,n/a,n/a,n/a,
2026,Reporter,Swiss German University,n/a,n/a,n/a,n/a,n/a,n/a,
2026,Reporter,Tafila Technical University,n/a,n/a,n/a,n/a,n/a,n/a,
2026,Reporter,Tajik National University,n/a,n/a,n/a,n/a,n/a,n/a,
2026,Reporter,Tarlac Agricultural University,n/a,n/a,n/a,n/a,n/a,n/a,
2026,Reporter,Tarsus University,n/a,n/a,n/a,n/a,n/a,n/a,
2026,Reporter,Tashkent Institute of Chemical Technology,n/a,n/a,n/a,n/a,n/a,n/a,
2026,Reporter,Tashkent Institute of Management and Economics,n/a,n/a,n/a,n/a,n/a,n/a,
2026,Reporter,Tashkent Institute of Textile and Light Industry,n/a,n/a,n/a,n/a,n/a,n/a,
2026,Reporter,Tashkent International University of Financial Management and Technology (TIFT),n/a,n/a,n/a,n/a,n/a,n/a,
2026,Reporter,Tashkent Metropolitan University,n/a,n/a,n/a,n/a,n/a,n/a,
2026,Reporter,Tashkent Pediatric Medical Institute,n/a,n/a,n/a,n/a,n/a,n/a,
2026,Reporter,Tashkent Pharmaceutical Institute,n/a,n/a,n/a,n/a,n/a,n/a,
2026,Reporter,Tashkent State Agrarian University,n/a,n/a,n/a,n/a,n/a,n/a,
2026,Reporter,Tashkent State Dental Institute,n/a,n/a,n/a,n/a,n/a,n/a,
2026,Reporter,Tashkent State Medical University,n/a,n/a,n/a,n/a,n/a,n/a,
2026,Reporter,Tashkent State Pedagogical University named after Nizami,n/a,n/a,n/a,n/a,n/a,n/a,
2026,Reporter,Tashkent State Transport University,n/a,n/a,n/a,n/a,n/a,n/a,
2026,Reporter,Tashkent State University of Economics,n/a,n/a,n/a,n/a,n/a,n/a,
2026,Reporter,Tashkent State University of Law,n/a,n/a,n/a,n/a,n/a,n/a,
2026,Reporter,Tashkent State University of Oriental Studies,n/a,n/a,n/a,n/a,n/a,n/a,
2026,Reporter,Tata Institute of Fundamental Research,n/a,n/a,n/a,n/a,n/a,n/a,
2026,Reporter,Tbilisi State Medical University,n/a,n/a,n/a,n/a,n/a,n/a,
2026,Reporter,T. C. Demiroğlu Bilim University,n/a,n/a,n/a,n/a,n/a,n/a,
2026,Reporter,Teacher Education College of Setif,n/a,n/a,n/a,n/a,n/a,n/a,
2026,Reporter,Technical University of Cotopaxi (UTC),n/a,n/a,n/a,n/a,n/a,n/a,
2026,Reporter,Technical University of the North,n/a,n/a,n/a,n/a,n/a,n/a,
2026,Reporter,Technische Hochschule Ingolstadt,n/a,n/a,n/a,n/a,n/a,n/a,
2026,Reporter,Teerthanker Mahaveer University,n/a,n/a,n/a,n/a,n/a,n/a,
2026,Reporter,Teikyo Heisei University,n/a,n/a,n/a,n/a,n/a,n/a,
2026,Reporter,Termez State Pedagogical Institute,n/a,n/a,n/a,n/a,n/a,n/a,
2026,Reporter,Termez State University,n/a,n/a,n/a,n/a,n/a,n/a,
2026,Reporter,Termez University of Economics and Services,n/a,n/a,n/a,n/a,n/a,n/a,
2026,Reporter,Thaksin University,n/a,n/a,n/a,n/a,n/a,n/a,
2026,Reporter,The British University in Dubai,n/a,n/a,n/a,n/a,n/a,n/a,
2026,Reporter,The Chartered Institute of Digital Economy,n/a,n/a,n/a,n/a,n/a,n/a,
2026,Reporter,The Future University,n/a,n/a,n/a,n/a,n/a,n/a,
2026,Reporter,The Government Sadiq College Women University Bahawalpur,n/a,n/a,n/a,n/a,n/a,n/a,
2026,Reporter,"The Graduate University for Advanced Studies, SOKENDAI",n/a,n/a,n/a,n/a,n/a,n/a,
2026,Reporter,The Islamic University,n/a,n/a,n/a,n/a,n/a,n/a,
2026,Reporter,The National University of Ostroh Academy,n/a,n/a,n/a,n/a,n/a,n/a,
2026,Reporter,The Nelson Mandela African Institution of Science and Technology (NM-AIST),n/a,n/a,n/a,n/a,n/a,n/a,
2026,Reporter,The Public Authority for Applied Education and Training (PAAET),n/a,n/a,n/a,n/a,n/a,n/a,
2026,Reporter,The University of Shiga Prefecture,n/a,n/a,n/a,n/a,n/a,n/a,
2026,Reporter,The University of World Economy and Diplomacy (UWED),n/a,n/a,n/a,n/a,n/a,n/a,
2026,Reporter,The Women University Multan,n/a,n/a,n/a,n/a,n/a,n/a,
2026,Reporter,The World Islamic Sciences and Education University (WISE),n/a,n/a,n/a,n/a,n/a,n/a,
2026,Reporter,Thomas Adewumi University,n/a,n/a,n/a,n/a,n/a,n/a,
2026,Reporter,T.H. Shevchenko National University Chernihiv Colehium,n/a,n/a,n/a,n/a,n/a,n/a,
2026,Reporter,Tiradentes University,n/a,n/a,n/a,n/a,n/a,n/a,
2026,Reporter,Tissemsilt University,n/a,n/a,n/a,n/a,n/a,n/a,
2026,Reporter,Togliatti State University,n/a,n/a,n/a,n/a,n/a,n/a,
2026,Reporter,Tohoku Gakuin University,n/a,n/a,n/a,n/a,n/a,n/a,
2026,Reporter,Tokyo University of Foreign Studies,n/a,n/a,n/a,n/a,n/a,n/a,
2026,Reporter,Tomsk State Pedagogical University,n/a,n/a,n/a,n/a,n/a,n/a,
2026,Reporter,Toyota Technological Institute,n/a,n/a,n/a,n/a,n/a,n/a,
2026,Reporter,Transport and Telecommunication Institute,n/a,n/a,n/a,n/a,n/a,n/a,
2026,Reporter,Trinity Laban Conservatoire of Music and Dance,n/a,n/a,n/a,n/a,n/a,n/a,
2026,Reporter,Turan International University,n/a,n/a,n/a,n/a,n/a,n/a,
2026,Reporter,Turan University,n/a,n/a,n/a,n/a,n/a,n/a,
2026,Reporter,Turin Polytechnic University in Tashkent,n/a,n/a,n/a,n/a,n/a,n/a,
2026,Reporter,Turkmen Agricultural Institute,n/a,n/a,n/a,n/a,n/a,n/a,
2026,Reporter,Turkmen Agricultural University named after S.A. Niyazov,n/a,n/a,n/a,n/a,n/a,n/a,
2026,Reporter,Turkmen State Architecture and Construction Institute,n/a,n/a,n/a,n/a,n/a,n/a,
2026,Reporter,Turkmen State Institute of Economics and Management,n/a,n/a,n/a,n/a,n/a,n/a,
2026,Reporter,Turkmen State Institute of Finance,n/a,n/a,n/a,n/a,n/a,n/a,
2026,Reporter,Tver State Technical University,n/a,n/a,n/a,n/a,n/a,n/a,
2026,Reporter,Tver State University,n/a,n/a,n/a,n/a,n/a,n/a,
2026,Reporter,UIT University,n/a,n/a,n/a,n/a,n/a,n/a,
2026,Reporter,Ulyanovsk State Technical University,n/a,n/a,n/a,n/a,n/a,n/a,
2026,Reporter,Ulyanovsk State University,n/a,n/a,n/a,n/a,n/a,n/a,
2026,Reporter,UNESC,n/a,n/a,n/a,n/a,n/a,n/a,
2026,Reporter,Unichristus,n/a,n/a,n/a,n/a,n/a,n/a,
2026,Reporter,United International University,n/a,n/a,n/a,n/a,n/a,n/a,
2026,Reporter,Universiapolis – Université Internationale d’Agadir,n/a,n/a,n/a,n/a,n/a,n/a,
2026,Reporter,Universidad Camilo José Cela,n/a,n/a,n/a,n/a,n/a,n/a,
2026,Reporter,Universidad Católica de Colombia,n/a,n/a,n/a,n/a,n/a,n/a,
2026,Reporter,Universidad Católica de Cuenca,n/a,n/a,n/a,n/a,n/a,n/a,
2026,Reporter,Universidad Católica San Pablo,n/a,n/a,n/a,n/a,n/a,n/a,
2026,Reporter,Universidad César Vallejo,n/a,n/a,n/a,n/a,n/a,n/a,
2026,Reporter,Universidad del Istmo Panamá,n/a,n/a,n/a,n/a,n/a,n/a,
2026,Reporter,Universidad del Magdalena,n/a,n/a,n/a,n/a,n/a,n/a,
2026,Reporter,Universidad del Pacífico,n/a,n/a,n/a,n/a,n/a,n/a,
2026,Reporter,Universidad de Pamplona,n/a,n/a,n/a,n/a,n/a,n/a,
2026,Reporter,Universidade 11 de Novembro,n/a,n/a,n/a,n/a,n/a,n/a,
2026,Reporter,Universidade Agostinho Neto,n/a,n/a,n/a,n/a,n/a,n/a,
2026,Reporter,Universidade Cidade de São Paulo,n/a,n/a,n/a,n/a,n/a,n/a,
2026,Reporter,Universidade Cuíto Cuanavale,n/a,n/a,n/a,n/a,n/a,n/a,
2026,Reporter,Universidade de Luanda,n/a,n/a,n/a,n/a,n/a,n/a,
2026,Reporter,Universidade do Namibe,n/a,n/a,n/a,n/a,n/a,n/a,
2026,Reporter,Universidade Federal do Ceará (UFC),n/a,n/a,n/a,n/a,n/a,n/a,
2026,Reporter,Universidade José Eduardo dos Santos,n/a,n/a,n/a,n/a,n/a,n/a,
2026,Reporter,Universidade Katyavala Bwila,n/a,n/a,n/a,n/a,n/a,n/a,
2026,Reporter,Universidade Kimpa Vita,n/a,n/a,n/a,n/a,n/a,n/a,
2026,Reporter,Universidade Lueji A'Nkonde,n/a,n/a,n/a,n/a,n/a,n/a,
2026,Reporter,Universidade Mandume ya Ndemufayo,n/a,n/a,n/a,n/a,n/a,n/a,
2026,Reporter,Universidade Rainha Njinga a Mbande (URNM),n/a,n/a,n/a,n/a,n/a,n/a,
2026,Reporter,Universidad Estatal a Distancia,n/a,n/a,n/a,n/a,n/a,n/a,
2026,Reporter,Universidad Internacional del Ecuador,n/a,n/a,n/a,n/a,n/a,n/a,
2026,Reporter,Universidad Libre de Colombia,n/a,n/a,n/a,n/a,n/a,n/a,
2026,Reporter,Universidad Manuela Beltrán,n/a,n/a,n/a,n/a,n/a,n/a,
2026,Reporter,Universidad Mayor de San Andrés (UMSA),n/a,n/a,n/a,n/a,n/a,n/a,
2026,Reporter,Universidad Nacional Abierta y a Distancia (UNAD),n/a,n/a,n/a,n/a,n/a,n/a,
2026,Reporter,Universidad Nacional de Chimborazo,n/a,n/a,n/a,n/a,n/a,n/a,
2026,Reporter,Universidad Nacional de Itapúa,n/a,n/a,n/a,n/a,n/a,n/a,
2026,Reporter,Universidad Nacional de Rafaela (UNRaf),n/a,n/a,n/a,n/a,n/a,n/a,
2026,Reporter,Universidad Nur,n/a,n/a,n/a,n/a,n/a,n/a,
2026,Reporter,Universidad Popular Autónoma del Estado de Puebla,n/a,n/a,n/a,n/a,n/a,n/a,
2026,Reporter,Universidad Regional Amazónica Ikiam,n/a,n/a,n/a,n/a,n/a,n/a,
2026,Reporter,Universidad Tecnológica Centroamericana (UNITEC),n/a,n/a,n/a,n/a,n/a,n/a,
2026,Reporter,Universidad Tecnológica de Bolívar,n/a,n/a,n/a,n/a,n/a,n/a,
2026,Reporter,Universidad UTE,n/a,n/a,n/a,n/a,n/a,n/a,
2026,Reporter,Università Iuav di Venezia,n/a,n/a,n/a,n/a,n/a,n/a,
2026,Reporter,Universita IULM,n/a,n/a,n/a,n/a,n/a,n/a,
2026,Reporter,Universitas Atma Jaya Yogyakarta,n/a,n/a,n/a,n/a,n/a,n/a,
2026,Reporter,Universitas Islam Bandung (UNISBA),n/a,n/a,n/a,n/a,n/a,n/a,
2026,Reporter,Universitas Islam Negeri Maulana Malik Ibrahim Malang,n/a,n/a,n/a,n/a,n/a,n/a,
2026,Reporter,Universitas Islam Sultan Agung,n/a,n/a,n/a,n/a,n/a,n/a,
2026,Reporter,Universitas Mercu Buana,n/a,n/a,n/a,n/a,n/a,n/a,
2026,Reporter,Universitas Pembangunan Nasional Veteran Jawa Timur (UPNVJT),n/a,n/a,n/a,n/a,n/a,n/a,
2026,Reporter,Universitas Pendidikan Ganesha (Undiksha),n/a,n/a,n/a,n/a,n/a,n/a,
2026,Reporter,Universitas Pendidikan Nasional (Undiknas),n/a,n/a,n/a,n/a,n/a,n/a,
2026,Reporter,Universitas Tanjungpura,n/a,n/a,n/a,n/a,n/a,n/a,
2026,Reporter,Universitas Tarumanagara,n/a,n/a,n/a,n/a,n/a,n/a,
2026,Reporter,Universitas Teknokrat Indonesia,n/a,n/a,n/a,n/a,n/a,n/a,
2026,Reporter,Université d’Ain Témouchent,n/a,n/a,n/a,n/a,n/a,n/a,
2026,Reporter,Université d’Oran 2 Mohamed Ben Ahmed,n/a,n/a,n/a,n/a,n/a,n/a,
2026,Reporter,Université Mohamed El Bachir El Ibrahimi de Bordj Bou Arréridj,n/a,n/a,n/a,n/a,n/a,n/a,
2026,Reporter,Universiti Geomatika Malaysia,n/a,n/a,n/a,n/a,n/a,n/a,
2026,Reporter,University Braz Cubas,n/a,n/a,n/a,n/a,n/a,n/a,
2026,Reporter,University Center of Aflou,n/a,n/a,n/a,n/a,n/a,n/a,
2026,Reporter,University Center of Illizi,n/a,n/a,n/a,n/a,n/a,n/a,
2026,Reporter,University Center of the Federal District,n/a,n/a,n/a,n/a,n/a,n/a,
2026,Reporter,University Centre of Maghnia,n/a,n/a,n/a,n/a,n/a,n/a,
2026,Reporter,University Centre of Naama,n/a,n/a,n/a,n/a,n/a,n/a,
2026,Reporter,University College TATI,n/a,n/a,n/a,n/a,n/a,n/a,
2026,Reporter,University for the Creative Arts,n/a,n/a,n/a,n/a,n/a,n/a,
2026,Reporter,University North,n/a,n/a,n/a,n/a,n/a,n/a,
2026,Reporter,University of Agronomic Sciences and Veterinary Medicine of Bucharest,n/a,n/a,n/a,n/a,n/a,n/a,
2026,Reporter,University of Aleppo,n/a,n/a,n/a,n/a,n/a,n/a,
2026,Reporter,University of Algiers 1,n/a,n/a,n/a,n/a,n/a,n/a,
2026,Reporter,University of Algiers 3,n/a,n/a,n/a,n/a,n/a,n/a,
2026,Reporter,University of Al-Hamdaniya,n/a,n/a,n/a,n/a,n/a,n/a,
2026,Reporter,University of Alkafeel,n/a,n/a,n/a,n/a,n/a,n/a,
2026,Reporter,University of Al-Maarif,n/a,n/a,n/a,n/a,n/a,n/a,
2026,Reporter,"University of Baltistan, Skardu",n/a,n/a,n/a,n/a,n/a,n/a,
2026,Reporter,University of Batna 1,n/a,n/a,n/a,n/a,n/a,n/a,
2026,Reporter,University of Benghazi,n/a,n/a,n/a,n/a,n/a,n/a,
2026,Reporter,University of Blumenau (FURB),n/a,n/a,n/a,n/a,n/a,n/a,
2026,Reporter,University of Bogotá Jorge Tadeo Lozano,n/a,n/a,n/a,n/a,n/a,n/a,
2026,Reporter,University of Chichester,n/a,n/a,n/a,n/a,n/a,n/a,
2026,Reporter,University of Civil Protection,n/a,n/a,n/a,n/a,n/a,n/a,
2026,Reporter,University of Constantine 3,n/a,n/a,n/a,n/a,n/a,n/a,
2026,Reporter,University of Cross River State,n/a,n/a,n/a,n/a,n/a,n/a,
2026,Reporter,University of Cumbria,n/a,n/a,n/a,n/a,n/a,n/a,
2026,Reporter,University of Cyberjaya,n/a,n/a,n/a,n/a,n/a,n/a,
2026,Reporter,University of Delta,n/a,n/a,n/a,n/a,n/a,n/a,
2026,Reporter,University of Doha for Science and Technology (UDST),n/a,n/a,n/a,n/a,n/a,n/a,
2026,Reporter,University of Dubai,n/a,n/a,n/a,n/a,n/a,n/a,
2026,Reporter,University of Dubrovnik,n/a,n/a,n/a,n/a,n/a,n/a,
2026,Reporter,University of Eastern Pangasinan,n/a,n/a,n/a,n/a,n/a,n/a,
2026,Reporter,University of Eastern Philippines,n/a,n/a,n/a,n/a,n/a,n/a,
2026,Reporter,University of Economics in Bratislava,n/a,n/a,n/a,n/a,n/a,n/a,
2026,Reporter,University of Economics – Varna,n/a,n/a,n/a,n/a,n/a,n/a,
2026,Reporter,University of Educational Management,n/a,n/a,n/a,n/a,n/a,n/a,
2026,Reporter,"University of Engineering & Management, Jaipur",n/a,n/a,n/a,n/a,n/a,n/a,
2026,Reporter,University of Eswatini,n/a,n/a,n/a,n/a,n/a,n/a,
2026,Reporter,University of Fallujah,n/a,n/a,n/a,n/a,n/a,n/a,
2026,Reporter,University of Franca,n/a,n/a,n/a,n/a,n/a,n/a,
2026,Reporter,University of Gafsa,n/a,n/a,n/a,n/a,n/a,n/a,
2026,Reporter,University of Garmian,n/a,n/a,n/a,n/a,n/a,n/a,
2026,Reporter,University of Ghardaia,n/a,n/a,n/a,n/a,n/a,n/a,
2026,Reporter,University of Greater Manchester,n/a,n/a,n/a,n/a,n/a,n/a,
2026,Reporter,University of Halabja,n/a,n/a,n/a,n/a,n/a,n/a,
2026,Reporter,University of Hazrate Masoumeh,n/a,n/a,n/a,n/a,n/a,n/a,
2026,Reporter,University of Health Sciences Lahore,n/a,n/a,n/a,n/a,n/a,n/a,
2026,Reporter,University of Home Economics Lahore,n/a,n/a,n/a,n/a,n/a,n/a,
2026,Reporter,University of Human Development,n/a,n/a,n/a,n/a,n/a,n/a,
2026,Reporter,University of Information Technology and Communications,n/a,n/a,n/a,n/a,n/a,n/a,
2026,Reporter,University of Islam Malang,n/a,n/a,n/a,n/a,n/a,n/a,
2026,Reporter,University of Kairouan,n/a,n/a,n/a,n/a,n/a,n/a,
2026,Reporter,University of Liberal Arts Bangladesh,n/a,n/a,n/a,n/a,n/a,n/a,
2026,Reporter,University of Manara,n/a,n/a,n/a,n/a,n/a,n/a,
2026,Reporter,University of Medea,n/a,n/a,n/a,n/a,n/a,n/a,
2026,Reporter,University of Misan,n/a,n/a,n/a,n/a,n/a,n/a,
2026,Reporter,University of Mohamed Lamine Debaghin Setif 2,n/a,n/a,n/a,n/a,n/a,n/a,
2026,Reporter,University of Monterrey,n/a,n/a,n/a,n/a,n/a,n/a,
2026,Reporter,University of National and World Economy,n/a,n/a,n/a,n/a,n/a,n/a,
2026,Reporter,University of Niigata Prefecture,n/a,n/a,n/a,n/a,n/a,n/a,
2026,Reporter,University of Oil and Gas of Ploiești,n/a,n/a,n/a,n/a,n/a,n/a,
2026,Reporter,University of Panama,n/a,n/a,n/a,n/a,n/a,n/a,
2026,Reporter,University of Perpetual Help System DALTA,n/a,n/a,n/a,n/a,n/a,n/a,
2026,Reporter,University of Poonch Rawalakot,n/a,n/a,n/a,n/a,n/a,n/a,
2026,Reporter,"University of Professional Studies, Accra",n/a,n/a,n/a,n/a,n/a,n/a,
2026,Reporter,University of Raparin,n/a,n/a,n/a,n/a,n/a,n/a,
2026,Reporter,University of Saint Joseph,n/a,n/a,n/a,n/a,n/a,n/a,
2026,Reporter,University of Saint Louis Tuguegarao,n/a,n/a,n/a,n/a,n/a,n/a,
2026,Reporter,University of San Agustin,n/a,n/a,n/a,n/a,n/a,n/a,
2026,Reporter,University of San Buenaventura Cali,n/a,n/a,n/a,n/a,n/a,n/a,
2026,Reporter,University of San Carlos,n/a,n/a,n/a,n/a,n/a,n/a,
2026,Reporter,University of Santander,n/a,n/a,n/a,n/a,n/a,n/a,
2026,Reporter,University of Science and Culture,n/a,n/a,n/a,n/a,n/a,n/a,
2026,Reporter,University of Science and Technology,n/a,n/a,n/a,n/a,n/a,n/a,
2026,Reporter,University of Science and Technology of Southern Philippines (USTP),n/a,n/a,n/a,n/a,n/a,n/a,
2026,Reporter,University of Sopron,n/a,n/a,n/a,n/a,n/a,n/a,
2026,Reporter,University of Souk Ahras,n/a,n/a,n/a,n/a,n/a,n/a,
2026,Reporter,University of Southeastern Philippines (USeP),n/a,n/a,n/a,n/a,n/a,n/a,
2026,Reporter,University of Southern Punjab,n/a,n/a,n/a,n/a,n/a,n/a,
2026,Reporter,University of Suffolk,n/a,n/a,n/a,n/a,n/a,n/a,
2026,Reporter,University of Sumer,n/a,n/a,n/a,n/a,n/a,n/a,
2026,Reporter,University of Swat,n/a,n/a,n/a,n/a,n/a,n/a,
2026,Reporter,"University of Technology, Mauritius",n/a,n/a,n/a,n/a,n/a,n/a,
2026,Reporter,University of Technology Nowshera,n/a,n/a,n/a,n/a,n/a,n/a,
2026,Reporter,University of Telafer,n/a,n/a,n/a,n/a,n/a,n/a,
2026,Reporter,University of the Azores,n/a,n/a,n/a,n/a,n/a,n/a,
2026,Reporter,University of the Built Environment,n/a,n/a,n/a,n/a,n/a,n/a,
2026,Reporter,University of the Highlands and Islands,n/a,n/a,n/a,n/a,n/a,n/a,
2026,Reporter,University of the Humanities,n/a,n/a,n/a,n/a,n/a,n/a,
2026,Reporter,University of the Immaculate Conception,n/a,n/a,n/a,n/a,n/a,n/a,
2026,Reporter,University of the Thai Chamber of Commerce,n/a,n/a,n/a,n/a,n/a,n/a,
2026,Reporter,University of Tirana,n/a,n/a,n/a,n/a,n/a,n/a,
2026,Reporter,University of Turkish Aeronautical Association,n/a,n/a,n/a,n/a,n/a,n/a,
2026,Reporter,University of Vale do Itajaí,n/a,n/a,n/a,n/a,n/a,n/a,
2026,Reporter,University of Wales Trinity Saint David,n/a,n/a,n/a,n/a,n/a,n/a,
2026,Reporter,University of Warith Al-Anbiyaa,n/a,n/a,n/a,n/a,n/a,n/a,
2026,Reporter,University of Zakho,n/a,n/a,n/a,n/a,n/a,n/a,
2026,Reporter,University of Zawia,n/a,n/a,n/a,n/a,n/a,n/a,
2026,Reporter,University of Zintan,n/a,n/a,n/a,n/a,n/a,n/a,
2026,Reporter,University San Marcos,n/a,n/a,n/a,n/a,n/a,n/a,
2026,Reporter,University St. Kliment Ohridski - Bitola,n/a,n/a,n/a,n/a,n/a,n/a,
2026,Reporter,UNNOBA,n/a,n/a,n/a,n/a,n/a,n/a,
2026,Reporter,Urgench State University,n/a,n/a,n/a,n/a,n/a,n/a,
2026,Reporter,Uruk University,n/a,n/a,n/a,n/a,n/a,n/a,
2026,Reporter,Uttaranchal University,n/a,n/a,n/a,n/a,n/a,n/a,
2026,Reporter,Uttara University,n/a,n/a,n/a,n/a,n/a,n/a,
2026,Reporter,"Uzbekistan State Institute of Arts and Culture, Fergana",n/a,n/a,n/a,n/a,n/a,n/a,
2026,Reporter,Uzbekistan State University of World Languages,n/a,n/a,n/a,n/a,n/a,n/a,
2026,Reporter,Uzbek State University of Physical Culture and Sport,n/a,n/a,n/a,n/a,n/a,n/a,
2026,Reporter,Valahia University of Targoviste,n/a,n/a,n/a,n/a,n/a,n/a,
2026,Reporter,Valle del Momboy University,n/a,n/a,n/a,n/a,n/a,n/a,
2026,Reporter,Varendra University,n/a,n/a,n/a,n/a,n/a,n/a,
2026,Reporter,Vasile Alecsandri University of Bacău,n/a,n/a,n/a,n/a,n/a,n/a,
2026,Reporter,Vila Velha University,n/a,n/a,n/a,n/a,n/a,n/a,
2026,Reporter,Vinnytsia National Technical University,n/a,n/a,n/a,n/a,n/a,n/a,
2026,Reporter,Visayas State University,n/a,n/a,n/a,n/a,n/a,n/a,
2026,Reporter,Vitebsk State Technological University,n/a,n/a,n/a,n/a,n/a,n/a,
2026,Reporter,VIZJA University,n/a,n/a,n/a,n/a,n/a,n/a,
2026,Reporter,Warmadewa University,n/a,n/a,n/a,n/a,n/a,n/a,
2026,Reporter,Westcliff University,n/a,n/a,n/a,n/a,n/a,n/a,
2026,Reporter,Western Balkans University,n/a,n/a,n/a,n/a,n/a,n/a,
2026,Reporter,Western Caspian University,n/a,n/a,n/a,n/a,n/a,n/a,
2026,Reporter,"Western University ""Vasile Goldiş"" of Arad",n/a,n/a,n/a,n/a,n/a,n/a,
2026,Reporter,West Ukrainian National University,n/a,n/a,n/a,n/a,n/a,n/a,
2026,Reporter,WHU: Beisheim,n/a,n/a,n/a,n/a,n/a,n/a,
2026,Reporter,Widyatama University,n/a,n/a,n/a,n/a,n/a,n/a,
2026,Reporter,World University of Bangladesh (WUB),n/a,n/a,n/a,n/a,n/a,n/a,
2026,Reporter,World University of Science and Technology,n/a,n/a,n/a,n/a,n/a,n/a,
2026,Reporter,Woxsen University,n/a,n/a,n/a,n/a,n/a,n/a,
2026,Reporter,Wrexham University,n/a,n/a,n/a,n/a,n/a,n/a,
2026,Reporter,WSB Academy,n/a,n/a,n/a,n/a,n/a,n/a,
2026,Reporter,Yachay University for Experimental Technology and Research (Yachay Tech),n/a,n/a,n/a,n/a,n/a,n/a,
2026,Reporter,Yamaguchi Prefectural University,n/a,n/a,n/a,n/a,n/a,n/a,
2026,Reporter,Yanka Kupala State University of Grodno,n/a,n/a,n/a,n/a,n/a,n/a,
2026,Reporter,Yaroslav Mudryi National Law University,n/a,n/a,n/a,n/a,n/a,n/a,
2026,Reporter,Yasuj University of Medical Sciences,n/a,n/a,n/a,n/a,n/a,n/a,
2026,Reporter,Yessenov University,n/a,n/a,n/a,n/a,n/a,n/a,
2026,Reporter,Zarqa University,n/a,n/a,n/a,n/a,n/a,n/a,
2026,Reporter,Zaytoonah International University,n/a,n/a,n/a,n/a,n/a,n/a,
2026,Reporter,Zhetysu University,n/a,n/a,n/a,n/a,n/a,n/a,
2026,Reporter,Zhytomyr Ivan Franko State University,n/a,n/a,n/a,n/a,n/a,n/a,
2026,Reporter,Zhytomyr Polytechnic State University,n/a,n/a,n/a,n/a,n/a,n/a,
2026,Reporter,Ziauddin University,n/a,n/a,n/a,n/a,n/a,n/a,
